CWT,EMD,FFT,Hilbert,SPWVD,STFT,Time
Amplitude_Kurtosis,Amplitude_Central_moment_3rd_order,Amplitude_Kurtosis,Amplitude_envelope_Central_moment_3rd_order,Amplitude_Kurtosis,envelope_Central_moment_3rd_order,Amplitude_Central_moment_3rd_order
Amplitude_Mean,Amplitude_Central_moment_4th_order,Amplitude_Mean,Amplitude_envelope_Central_moment_4th_order,Amplitude_Mean,envelope_Central_moment_4th_order,Amplitude_Central_moment_4th_order
Amplitude_Skewness,Amplitude_Central_moment_5th_order,Amplitude_P10,Amplitude_envelope_Central_moment_5th_order,Amplitude_Skewness,envelope_Central_moment_5th_order,Amplitude_Central_moment_5th_order
Amplitude_Standard_deviation,Amplitude_Central_moment_6th_order,Amplitude_P11,Amplitude_envelope_Central_moment_6th_order,Amplitude_Standard_deviation,envelope_Central_moment_6th_order,Amplitude_Central_moment_6th_order
Counts_Kurtosis,Amplitude_Clearance_factor,Amplitude_P12,Amplitude_envelope_Clearance_factor,Counts_Kurtosis,envelope_Clearance_factor,Amplitude_Clearance_factor
Counts_Mean,Amplitude_Crest_factor,Amplitude_P13,Amplitude_envelope_Crest_factor,Counts_Mean,envelope_Crest_factor,Amplitude_Crest_factor
Counts_Skewness,Amplitude_FM4,Amplitude_P14,Amplitude_envelope_FM4,Counts_Skewness,envelope_FM4,Amplitude_FM4
Counts_Standard_deviation,Amplitude_Impulse_factor,Amplitude_P5,Amplitude_envelope_Impulse_factor,Counts_Standard_deviation,envelope_Impulse_factor,Amplitude_Impulse_factor
Duration_Kurtosis,Amplitude_Kurtosis,Amplitude_P6,Amplitude_envelope_Kurtosis,Duration_Kurtosis,envelope_Kurtosis,Amplitude_Kurtosis
Duration_Mean,Amplitude_Max_Min_difference,Amplitude_P7,Amplitude_envelope_Max_Min_difference,Duration_Mean,envelope_Max_Min_difference,Amplitude_Max_Min_difference
Duration_Skewness,Amplitude_Mean,Amplitude_P8,Amplitude_envelope_Mean,Duration_Skewness,envelope_Mean,Amplitude_Mean
Duration_Standard_deviation,Amplitude_Median,Amplitude_P9,Amplitude_envelope_Median,Duration_Standard_deviation,envelope_Median,Amplitude_Median
Energy_Kurtosis,Amplitude_Peak,Amplitude_Skewness,Amplitude_envelope_Peak,Energy_Kurtosis,envelope_Peak,Amplitude_Peak
Energy_Mean,Amplitude_Root_amplitude,Amplitude_Variance,Amplitude_envelope_Root_amplitude,Energy_Mean,envelope_Root_amplitude,Amplitude_Root_amplitude
Energy_Skewness,Amplitude_Root_mean_squared,Counts_Kurtosis,Amplitude_envelope_Root_mean_squared,Energy_Skewness,envelope_Root_mean_squared,Amplitude_Root_mean_squared
Energy_Standard_deviation,Amplitude_Root_standard_squared,Counts_Mean,Amplitude_envelope_Root_standard_squared,Energy_Standard_deviation,envelope_Root_standard_squared,Amplitude_Root_standard_squared
Rise-Time_Kurtosis,Amplitude_Shape_factor,Counts_P10,Amplitude_envelope_Shape_factor,Rise-Time_Kurtosis,envelope_Shape_factor,Amplitude_Shape_factor
Rise-Time_Mean,Amplitude_Skewness,Counts_P11,Amplitude_envelope_Skewness,Rise-Time_Mean,envelope_Skewness,Amplitude_Skewness
Rise-Time_Skewness,Amplitude_Standard_deviation,Counts_P12,Amplitude_envelope_Standard_deviation,Rise-Time_Skewness,envelope_Standard_deviation,Amplitude_Standard_deviation
Rise-Time_Standard_deviation,Counts_Central_moment_3rd_order,Counts_P13,Counts_envelope_Central_moment_3rd_order,Rise-Time_Standard_deviation,Kurtosis,Counts_Central_moment_3rd_order
RMS_Kurtosis,Counts_Central_moment_4th_order,Counts_P14,Counts_envelope_Central_moment_4th_order,RMS_Kurtosis,Mean,Counts_Central_moment_4th_order
RMS_Mean,Counts_Central_moment_5th_order,Counts_P5,Counts_envelope_Central_moment_5th_order,RMS_Mean,Skewness,Counts_Central_moment_5th_order
RMS_Skewness,Counts_Central_moment_6th_order,Counts_P6,Counts_envelope_Central_moment_6th_order,RMS_Skewness,Standard_deviation,Counts_Central_moment_6th_order
RMS_Standard_deviation,Counts_Clearance_factor,Counts_P7,Counts_envelope_Clearance_factor,RMS_Standard_deviation,,Counts_Clearance_factor
,Counts_Crest_factor,Counts_P8,Counts_envelope_Crest_factor,,,Counts_Crest_factor
,Counts_FM4,Counts_P9,Counts_envelope_FM4,,,Counts_FM4
,Counts_Impulse_factor,Counts_Skewness,Counts_envelope_Impulse_factor,,,Counts_Impulse_factor
,Counts_Kurtosis,Counts_Variance,Counts_envelope_Kurtosis,,,Counts_Kurtosis
,Counts_Max_Min_difference,Duration_Kurtosis,Counts_envelope_Max_Min_difference,,,Counts_Max_Min_difference
,Counts_Mean,Duration_Mean,Counts_envelope_Mean,,,Counts_Mean
,Counts_Median,Duration_P10,Counts_envelope_Median,,,Counts_Median
,Counts_Peak,Duration_P11,Counts_envelope_Peak,,,Counts_Peak
,Counts_Root_amplitude,Duration_P12,Counts_envelope_Root_amplitude,,,Counts_Root_amplitude
,Counts_Root_mean_squared,Duration_P13,Counts_envelope_Root_mean_squared,,,Counts_Root_mean_squared
,Counts_Root_standard_squared,Duration_P14,Counts_envelope_Root_standard_squared,,,Counts_Root_standard_squared
,Counts_Shape_factor,Duration_P5,Counts_envelope_Shape_factor,,,Counts_Shape_factor
,Counts_Skewness,Duration_P6,Counts_envelope_Skewness,,,Counts_Skewness
,Counts_Standard_deviation,Duration_P7,Counts_envelope_Standard_deviation,,,Counts_Standard_deviation
,Duration_Central_moment_3rd_order,Duration_P8,Duration_envelope_Central_moment_3rd_order,,,Duration_Central_moment_3rd_order
,Duration_Central_moment_4th_order,Duration_P9,Duration_envelope_Central_moment_4th_order,,,Duration_Central_moment_4th_order
,Duration_Central_moment_5th_order,Duration_Skewness,Duration_envelope_Central_moment_5th_order,,,Duration_Central_moment_5th_order
,Duration_Central_moment_6th_order,Duration_Variance,Duration_envelope_Central_moment_6th_order,,,Duration_Central_moment_6th_order
,Duration_Clearance_factor,Energy_Kurtosis,Duration_envelope_Clearance_factor,,,Duration_Clearance_factor
,Duration_Crest_factor,Energy_Mean,Duration_envelope_Crest_factor,,,Duration_Crest_factor
,Duration_FM4,Energy_P10,Duration_envelope_FM4,,,Duration_FM4
,Duration_Impulse_factor,Energy_P11,Duration_envelope_Impulse_factor,,,Duration_Impulse_factor
,Duration_Kurtosis,Energy_P12,Duration_envelope_Kurtosis,,,Duration_Kurtosis
,Duration_Max_Min_difference,Energy_P13,Duration_envelope_Max_Min_difference,,,Duration_Max_Min_difference
,Duration_Mean,Energy_P14,Duration_envelope_Mean,,,Duration_Mean
,Duration_Median,Energy_P5,Duration_envelope_Median,,,Duration_Median
,Duration_Peak,Energy_P6,Duration_envelope_Peak,,,Duration_Peak
,Duration_Root_amplitude,Energy_P7,Duration_envelope_Root_amplitude,,,Duration_Root_amplitude
,Duration_Root_mean_squared,Energy_P8,Duration_envelope_Root_mean_squared,,,Duration_Root_mean_squared
,Duration_Root_standard_squared,Energy_P9,Duration_envelope_Root_standard_squared,,,Duration_Root_standard_squared
,Duration_Shape_factor,Energy_Skewness,Duration_envelope_Shape_factor,,,Duration_Shape_factor
,Duration_Skewness,Energy_Variance,Duration_envelope_Skewness,,,Duration_Skewness
,Duration_Standard_deviation,Rise-Time_Kurtosis,Duration_envelope_Standard_deviation,,,Duration_Standard_deviation
,Energy_Central_moment_3rd_order,Rise-Time_Mean,Energy_envelope_Central_moment_3rd_order,,,Energy_Central_moment_3rd_order
,Energy_Central_moment_4th_order,Rise-Time_P10,Energy_envelope_Central_moment_4th_order,,,Energy_Central_moment_4th_order
,Energy_Central_moment_5th_order,Rise-Time_P11,Energy_envelope_Central_moment_5th_order,,,Energy_Central_moment_5th_order
,Energy_Central_moment_6th_order,Rise-Time_P12,Energy_envelope_Central_moment_6th_order,,,Energy_Central_moment_6th_order
,Energy_Clearance_factor,Rise-Time_P13,Energy_envelope_Clearance_factor,,,Energy_Clearance_factor
,Energy_Crest_factor,Rise-Time_P14,Energy_envelope_Crest_factor,,,Energy_Crest_factor
,Energy_FM4,Rise-Time_P5,Energy_envelope_FM4,,,Energy_FM4
,Energy_Impulse_factor,Rise-Time_P6,Energy_envelope_Impulse_factor,,,Energy_Impulse_factor
,Energy_Kurtosis,Rise-Time_P7,Energy_envelope_Kurtosis,,,Energy_Kurtosis
,Energy_Max_Min_difference,Rise-Time_P8,Energy_envelope_Max_Min_difference,,,Energy_Max_Min_difference
,Energy_Mean,Rise-Time_P9,Energy_envelope_Mean,,,Energy_Mean
,Energy_Median,Rise-Time_Skewness,Energy_envelope_Median,,,Energy_Median
,Energy_Peak,Rise-Time_Variance,Energy_envelope_Peak,,,Energy_Peak
,Energy_Root_amplitude,RMS_Kurtosis,Energy_envelope_Root_amplitude,,,Energy_Root_amplitude
,Energy_Root_mean_squared,RMS_Mean,Energy_envelope_Root_mean_squared,,,Energy_Root_mean_squared
,Energy_Root_standard_squared,RMS_P10,Energy_envelope_Root_standard_squared,,,Energy_Root_standard_squared
,Energy_Shape_factor,RMS_P11,Energy_envelope_Shape_factor,,,Energy_Shape_factor
,Energy_Skewness,RMS_P12,Energy_envelope_Skewness,,,Energy_Skewness
,Energy_Standard_deviation,RMS_P13,Energy_envelope_Standard_deviation,,,Energy_Standard_deviation
,Rise-Time_Central_moment_3rd_order,RMS_P14,Rise-Time_envelope_Central_moment_3rd_order,,,Rise-Time_Central_moment_3rd_order
,Rise-Time_Central_moment_4th_order,RMS_P5,Rise-Time_envelope_Central_moment_4th_order,,,Rise-Time_Central_moment_4th_order
,Rise-Time_Central_moment_5th_order,RMS_P6,Rise-Time_envelope_Central_moment_5th_order,,,Rise-Time_Central_moment_5th_order
,Rise-Time_Central_moment_6th_order,RMS_P7,Rise-Time_envelope_Central_moment_6th_order,,,Rise-Time_Central_moment_6th_order
,Rise-Time_Clearance_factor,RMS_P8,Rise-Time_envelope_Clearance_factor,,,Rise-Time_Clearance_factor
,Rise-Time_Crest_factor,RMS_P9,Rise-Time_envelope_Crest_factor,,,Rise-Time_Crest_factor
,Rise-Time_FM4,RMS_Skewness,Rise-Time_envelope_FM4,,,Rise-Time_FM4
,Rise-Time_Impulse_factor,RMS_Variance,Rise-Time_envelope_Impulse_factor,,,Rise-Time_Impulse_factor
,Rise-Time_Kurtosis,,Rise-Time_envelope_Kurtosis,,,Rise-Time_Kurtosis
,Rise-Time_Max_Min_difference,,Rise-Time_envelope_Max_Min_difference,,,Rise-Time_Max_Min_difference
,Rise-Time_Mean,,Rise-Time_envelope_Mean,,,Rise-Time_Mean
,Rise-Time_Median,,Rise-Time_envelope_Median,,,Rise-Time_Median
,Rise-Time_Peak,,Rise-Time_envelope_Peak,,,Rise-Time_Peak
,Rise-Time_Root_amplitude,,Rise-Time_envelope_Root_amplitude,,,Rise-Time_Root_amplitude
,Rise-Time_Root_mean_squared,,Rise-Time_envelope_Root_mean_squared,,,Rise-Time_Root_mean_squared
,Rise-Time_Root_standard_squared,,Rise-Time_envelope_Root_standard_squared,,,Rise-Time_Root_standard_squared
,Rise-Time_Shape_factor,,Rise-Time_envelope_Shape_factor,,,Rise-Time_Shape_factor
,Rise-Time_Skewness,,Rise-Time_envelope_Skewness,,,Rise-Time_Skewness
,Rise-Time_Standard_deviation,,Rise-Time_envelope_Standard_deviation,,,Rise-Time_Standard_deviation
,RMS_Central_moment_3rd_order,,RMS_envelope_Central_moment_3rd_order,,,RMS_Central_moment_3rd_order
,RMS_Central_moment_4th_order,,RMS_envelope_Central_moment_4th_order,,,RMS_Central_moment_4th_order
,RMS_Central_moment_5th_order,,RMS_envelope_Central_moment_5th_order,,,RMS_Central_moment_5th_order
,RMS_Central_moment_6th_order,,RMS_envelope_Central_moment_6th_order,,,RMS_Central_moment_6th_order
,RMS_Clearance_factor,,RMS_envelope_Clearance_factor,,,RMS_Clearance_factor
,RMS_Crest_factor,,RMS_envelope_Crest_factor,,,RMS_Crest_factor
,RMS_FM4,,RMS_envelope_FM4,,,RMS_FM4
,RMS_Impulse_factor,,RMS_envelope_Impulse_factor,,,RMS_Impulse_factor
,RMS_Kurtosis,,RMS_envelope_Kurtosis,,,RMS_Kurtosis
,RMS_Max_Min_difference,,RMS_envelope_Max_Min_difference,,,RMS_Max_Min_difference
,RMS_Mean,,RMS_envelope_Mean,,,RMS_Mean
,RMS_Median,,RMS_envelope_Median,,,RMS_Median
,RMS_Peak,,RMS_envelope_Peak,,,RMS_Peak
,RMS_Root_amplitude,,RMS_envelope_Root_amplitude,,,RMS_Root_amplitude
,RMS_Root_mean_squared,,RMS_envelope_Root_mean_squared,,,RMS_Root_mean_squared
,RMS_Root_standard_squared,,RMS_envelope_Root_standard_squared,,,RMS_Root_standard_squared
,RMS_Shape_factor,,RMS_envelope_Shape_factor,,,RMS_Shape_factor
,RMS_Skewness,,RMS_envelope_Skewness,,,RMS_Skewness
,RMS_Standard_deviation,,RMS_envelope_Standard_deviation,,,RMS_Standard_deviation
