Duration_Max_Min_difference,Duration_Max_Min_difference.1,Duration_Max_Min_difference.2,Duration_Max_Min_difference.3,Duration_Max_Min_difference.4,Duration_Max_Min_difference.5,Duration_Max_Min_difference.6,Duration_Max_Min_difference.7,Duration_Max_Min_difference.8,Duration_Max_Min_difference.9,Duration_Max_Min_difference.10,Duration_Max_Min_difference
3580.6,1476.5,3161.7000000000003,2892.0,2555.0,2158.7000000000003,12874.1,3223.0,1166.9,962.0,932.6,10006.4
901.7,625.0999999999999,1785.9,882.5999999999999,273.1,1012.2,742.0999999999999,955.9,281.1,201.79999999999995,988.3,838.1
950.2,161.39999999999998,410.1,1845.0,381.4,1316.0,408.50000000000006,799.6999999999999,143.8,211.2333333333333,253.2,549.7
1739.3,159.69166666666663,339.25,297.6,420.9,1619.8,718.3,2538.8,205.5,220.66666666666663,78.69999999999993,1719.2
1267.1,157.98333333333332,268.4,724.7,425.8,1053.15,575.3666666666667,750.0,422.9,230.1,116.80000000000008,1060.3000000000002
930.1,156.27499999999998,48.69999999999999,153.5,570.6666666666667,486.5,432.4333333333333,319.1,487.7000000000001,397.8,927.25,1316.5
978.3,154.56666666666663,168.23333333333335,737.3,715.5333333333334,35.400000000000006,289.5,145.29999999999995,339.20000000000005,383.15333333333336,1737.7,1228.7
1417.1,152.85833333333332,287.76666666666665,572.4,860.4000000000001,1009.9,100.10000000000002,780.6,350.95000000000005,368.50666666666666,32.599999999999994,1180.1
1058.0,151.14999999999998,407.3,1008.8,487.4500000000001,715.35,197.65000000000003,331.6,362.7,353.86,680.1,1211.4
1190.9,149.44166666666663,9.899999999999991,833.0999999999999,114.5,420.8,295.20000000000005,249.4,901.6999999999998,339.21333333333337,565.4000000000001,1271.8000000000002
680.1999999999999,147.73333333333332,127.8,1130.0,80.50000000000003,1227.5,392.75,429.4,1440.6999999999998,324.56666666666666,573.6999999999999,1308.4
786.4,146.02499999999998,245.7,571.8,560.4000000000001,494.9,490.3,476.1,246.5,309.92,545.4,1642.7
596.0,144.31666666666663,36.2,185.6,28.799999999999983,1006.2,1448.4,427.4,466.7,295.2733333333333,559.7,1432.7
377.2000000000001,142.60833333333332,62.79999999999998,1375.5,72.5,736.9,1257.66,516.6,812.3,280.62666666666667,550.0,1575.4
340.5,140.89999999999998,191.8,1078.4,58.16666666666666,376.5,1066.92,377.2,456.6,265.98,509.8,1248.2
511.4,140.64545454545453,187.65714285714287,781.3000000000001,43.83333333333333,452.45,876.1800000000001,743.8,329.2,251.3333333333333,735.8,1575.3
554.9,140.39090909090908,183.51428571428573,993.8,29.5,528.4,685.44,474.4,427.65,236.68666666666667,636.0,1540.2
420.8,140.13636363636363,179.37142857142857,1194.5,22.0,654.2,494.7000000000001,539.7,526.1,222.04,601.1,1539.5
522.0,139.88181818181818,175.22857142857143,813.3499999999999,14.5,559.35,592.4000000000001,553.6,457.0,207.3933333333333,1143.5,1516.4
664.7,139.62727272727273,171.0857142857143,432.19999999999993,7.0,464.5,690.1,537.8,378.2000000000001,192.74666666666667,610.5999999999999,1553.0
473.5,139.37272727272727,166.94285714285715,807.0999999999999,38.5,70.69999999999999,497.3,317.8,54.7,178.10000000000002,203.8,1652.2
528.1999999999999,139.11818181818182,162.8,1128.9,69.475,254.2,543.45,526.1999999999999,703.4,350.75000000000006,328.3,1535.0
309.5,138.86363636363637,149.0,1640.0,100.45,417.4,589.6,487.0,683.4,523.4000000000001,652.1,1307.1
348.8,138.60909090909092,135.2,257.0,131.42499999999998,673.8,610.75,538.4000000000001,344.6,483.1500000000001,351.79999999999995,1566.5
317.9,138.35454545454547,121.4,1181.9,162.39999999999998,184.0,631.9,495.4,820.7,442.9000000000001,512.9,1605.2
607.8,138.10000000000002,107.6,698.1999999999999,445.7000000000001,110.3,464.4,559.1999999999999,606.6,402.6500000000001,427.4,1626.8
520.3000000000001,111.60000000000002,93.79999999999998,917.6,44.900000000000006,127.86666666666667,414.7000000000001,879.1999999999999,591.6999999999999,362.4000000000001,416.9,1491.8000000000002
805.0,111.74210526315792,79.99999999999997,970.6,128.40000000000003,145.43333333333334,17.200000000000045,498.8,406.3,322.1500000000001,471.5,1558.0
553.2,111.8842105263158,66.19999999999997,698.4,443.2000000000001,163.00000000000003,438.1,581.5,632.5999999999999,281.90000000000003,566.0999999999999,1697.5
534.4,112.0263157894737,52.39999999999996,1119.9,1112.4,646.8,428.1,494.1,415.1,241.65000000000003,1.3000000000000114,1753.4
607.0999999999999,112.1684210526316,38.59999999999995,746.0,353.0,1597.8000000000002,14.599999999999966,410.3,105.8,201.40000000000003,819.8,1729.0
695.4000000000001,112.31052631578947,24.799999999999955,1504.7,261.4,418.4,279.6,681.3,277.8,161.15000000000003,502.1,1698.7
474.6,112.4526315789474,353.5,1761.3000000000002,3.8000000000000114,472.3,198.36666666666667,393.8,489.6,120.90000000000003,760.9,1668.5
723.1,112.59473684210528,323.8,747.8,425.8,224.8,117.13333333333335,821.7,309.0,80.65000000000003,967.0,1661.5
614.5,112.73684210526316,294.1,1008.5,502.9,398.4,35.900000000000006,523.2,530.8,40.39999999999998,526.4000000000001,1851.4
543.7,112.87894736842108,264.4,1080.9,135.20000000000002,2227.7,282.70000000000005,535.5,657.2,49.69999999999999,322.90000000000003,1491.9
817.3,113.02105263157895,234.7,708.2,289.5,781.3999999999999,529.5,475.2,599.4,59.0,560.6,1742.3000000000002
750.6,113.16315789473686,205.0,1145.6,211.6,779.3,473.1666666666667,614.1,512.6,86.3,594.5999999999999,1725.2
718.6,113.30526315789474,175.29999999999998,1301.7,549.9,1068.3000000000002,416.8333333333333,471.3,1007.0,113.6,619.1,1893.0
949.9,113.44736842105264,145.59999999999997,1447.3,751.6,868.4,360.5,414.69999999999993,292.9,140.9,249.5,1717.1
906.3,113.58947368421052,115.89999999999998,1028.0,812.0999999999999,1440.7,304.16666666666663,2134.7000000000003,882.9000000000001,168.2,321.29999999999995,1573.5
1293.1,113.73157894736842,86.2,1402.9,777.3,1346.2,247.8333333333333,424.8,351.3,195.5,437.8,1592.5
753.8,113.87368421052632,87.40555555555557,1039.9,782.6,1077.0,191.5,1376.4,467.0,222.8,403.6,1658.5
669.8,114.0157894736842,88.61111111111111,1316.4,725.6,1297.6,171.75,554.4,422.6,250.1,306.20000000000005,1426.9
742.6,114.15789473684212,89.81666666666666,1270.5,832.1999999999999,780.3,152.0,780.1,306.1,277.4,434.6,1927.4
818.6,114.3,91.02222222222224,893.1,891.3,716.6,132.25,722.5999999999999,431.6,304.70000000000005,289.9,1622.1
853.5,106.04545454545456,92.2277777777778,1270.5,1007.2,397.8,112.5,667.2,376.0,332.0,1240.5,1516.0
811.5,97.7909090909091,93.43333333333334,1180.4,806.2,600.3,141.03636363636363,745.3,671.5,188.7,1085.3,1775.3
658.9,89.53636363636363,94.63888888888889,1183.3000000000002,923.3,116.8,169.57272727272726,896.2,780.4,136.99999999999994,263.7,1628.7
463.6,81.28181818181818,95.84444444444443,791.5,813.8000000000001,424.4,198.10909090909087,567.6999999999999,821.6,448.30000000000007,260.29999999999995,1599.3
379.8,73.02727272727273,97.05,583.6999999999999,802.0,1127.0,226.64545454545453,724.2,717.6999999999999,322.80000000000007,367.5,1698.5
502.0,64.77272727272728,98.25555555555556,808.0,1509.4,651.0,255.1818181818182,561.8000000000001,389.1,197.3,340.1,1529.0
480.1,56.51818181818183,99.46111111111112,1434.1,771.1,630.8,283.71818181818185,429.3,762.5999999999999,250.7090909090909,352.4,1589.7
553.3,48.26363636363638,100.66666666666669,1544.2,942.1,1274.3,312.25454545454545,817.3000000000001,407.7000000000001,304.1181818181818,380.0,1494.4
808.9,40.00909090909093,101.87222222222223,1519.4,938.1,623.3,340.79090909090905,854.0500000000001,725.4,357.5272727272727,607.3,1793.6
519.8,31.75454545454548,103.07777777777778,1885.5,849.1,728.5,369.3272727272727,890.8000000000001,202.4,410.9363636363637,446.4,1338.8
562.6999999999999,23.50000000000003,104.28333333333332,1567.6,1008.3,932.0,397.8636363636364,901.5,316.9,464.3454545454545,425.9,1117.6
687.1,25.367105263157924,105.4888888888889,1835.2,1881.6,968.8,426.4,845.1999999999999,545.1,517.7545454545455,251.3,1181.0
626.8,27.234210526315817,106.69444444444446,1634.4,1440.7,818.4,407.95,778.8000000000001,283.6,571.1636363636364,548.3,1543.6
480.6,29.10131578947372,107.9,1369.8000000000002,939.9,632.3,389.5,853.9000000000001,340.0,624.5727272727272,364.3,1173.7
672.4,30.968421052631605,104.72222222222224,1262.5,886.3,877.1,371.05,799.4,185.0,677.9818181818182,330.0,1263.0
535.6,32.8355263157895,101.54444444444444,1729.0,828.1,786.4,352.6,259.6,109.1,731.390909090909,330.40000000000003,1449.5
702.8,34.7026315789474,98.36666666666667,1832.4,958.3,810.5,334.15,642.9,47.0,784.8,253.3,1236.9
701.0,36.569736842105286,95.1888888888889,1992.5,889.3,728.9,315.69999999999993,366.9,255.5,332.70000000000005,427.4,1226.3
760.5,38.43684210526318,92.01111111111112,1418.7,882.6,686.1999999999999,309.0,100.60000000000002,319.2,175.90000000000003,498.0,1561.9
794.3,40.30394736842108,88.83333333333334,1678.5,1145.9,933.7,0.3000000000000113,417.50000000000006,120.3,19.100000000000023,834.8,1287.1
996.5,42.17105263157897,85.65555555555557,1449.7,1543.7,806.1,390.4,459.6,475.1,31.00000000000001,639.4000000000001,1650.7
763.5999999999999,44.03815789473687,82.47777777777779,1126.5,1627.3000000000002,710.8,31.600000000000023,583.5,484.6,42.900000000000006,473.9,1552.7
767.5999999999999,45.905263157894765,79.30000000000001,845.1999999999999,1295.0,675.6,206.7,106.80000000000008,494.1,54.8,572.9,1672.8000000000002
704.6,47.772368421052654,213.7,707.5999999999999,1364.4,1399.9,381.8,103.89999999999998,76.4,66.69999999999999,562.0,1433.4
621.3,49.63947368421055,291.79999999999995,641.6999999999999,1246.9,802.8000000000001,401.0,591.5,194.4,211.00000000000003,404.6,1321.4
1218.6999999999998,51.50657894736844,369.9,946.3,1173.0,855.5,309.5,426.1,281.9,355.30000000000007,573.6,1505.9
662.9,53.373684210526335,99.4,892.4000000000001,1147.5,892.0,218.0,432.2000000000001,341.6,171.59999999999997,541.5999999999999,1580.2
657.3,55.24078947368423,16.5,945.7,1161.1,1318.8000000000002,126.5,206.20000000000005,304.8,563.125,663.2,1626.4
641.5,57.10789473684213,844.6,833.3000000000001,1007.9,708.9000000000001,35.0,176.0,245.4,954.65,623.8000000000001,1669.6
553.3,58.97500000000002,66.39999999999999,852.8,6825.8,669.5,104.4,557.3,275.0,1346.1749999999995,648.0,1748.1999999999998
674.9,60.84210526315792,59.63333333333332,832.3,1078.9,595.7,173.8,506.6,403.8,1737.6999999999998,216.7,1683.1
571.2,62.70921052631581,52.86666666666664,352.2,1043.5,627.3000000000001,418.8,631.6999999999999,329.6,682.5,181.0,1663.5
446.2000000000001,64.57631578947371,46.099999999999966,642.0999999999999,1406.7,164.29999999999995,554.9,665.3,489.5,165.3,250.3,1354.0
519.6,66.4434210526316,31.3,439.1,984.3,193.1,418.6,532.1,783.6999999999999,148.54999999999998,552.6,1636.0
399.6,68.3105263157895,51.11666666666667,940.9,1002.4,59.29999999999996,261.65000000000003,670.1,559.0,131.79999999999995,585.5999999999999,1697.4
507.8,70.1776315789474,70.93333333333334,623.0,1010.0,76.60000000000002,104.70000000000005,533.6,364.9,92.49999999999996,375.30000000000007,1807.9
388.1,72.04473684210528,90.75,364.4,959.0,1224.8,144.70000000000002,589.0,458.9,53.19999999999999,765.7,1777.7
439.0,73.91184210526318,110.56666666666666,499.4,1108.9,699.1,184.7,922.2,429.9,193.5,166.39999999999998,1760.2
488.7000000000001,75.77894736842107,130.38333333333333,435.0,1073.1,149.5,224.7,487.0,327.8,250.8,757.2,1724.6
366.1,77.64605263157897,150.2,868.3,1457.9,125.59999999999997,230.45,516.3,289.40000000000003,126.7,628.3,1757.2
339.0,79.51315789473685,140.45999999999998,935.9,887.6999999999999,997.5,236.2,567.9,424.8,2.599999999999966,561.4,1822.1
447.6,81.38026315789475,130.72,779.6,858.6,899.1999999999999,241.95000000000005,603.8,316.90000000000003,191.0,311.2,1790.8000000000002
426.8,83.24736842105264,120.98,658.9,918.5,1047.9,247.70000000000005,483.9,382.7,379.4,316.0,1672.9
403.8,85.11447368421054,111.24,691.8000000000001,921.9,1311.6,222.74000000000004,671.3,853.6,489.2,41.400000000000006,1702.2
604.1999999999999,86.98157894736843,101.5,918.3,906.7,764.4,197.78000000000003,680.9000000000001,390.6,438.94,62.19999999999999,1801.3
359.6,88.84868421052633,91.76,930.0,1154.6,763.4,172.82000000000002,729.6,236.2,388.68,82.99999999999997,1775.4
342.40000000000003,90.71578947368424,82.02,1011.1,988.1,762.4,147.86,740.8,817.3,338.42,218.2,1742.6
363.9,92.58289473684212,72.28,1175.4,942.9,1390.3,122.9,875.3,573.6999999999999,288.16,160.73333333333332,1631.0
423.6,94.45000000000002,62.540000000000006,1006.4,1067.5,731.5999999999999,109.53333333333336,672.2,715.5999999999999,237.9,103.26666666666664,1522.2
212.3,96.31710526315791,52.8,1117.0,970.4,731.3,96.16666666666669,672.0,640.6,246.55,45.79999999999998,1471.1
240.7,98.1842105263158,45.53333333333333,684.8000000000001,962.1,1088.4,82.80000000000001,598.1,667.6,255.2,135.725,1599.4
432.5,100.0513157894737,38.266666666666666,2364.4,1053.7,751.1,69.43333333333334,607.3,454.8,263.85,225.65,1475.2
422.7,101.9184210526316,31.0,,919.5,740.9,56.06666666666668,619.6,373.0,272.5,315.57500000000005,1377.7
511.6,103.78552631578948,23.73333333333333,,948.1,696.1,42.70000000000002,626.5,610.9,281.15,405.5,1603.6999999999998
408.6,105.65263157894738,16.46666666666667,,1004.8,768.0,21.55,624.3,667.7,289.8,401.6,1757.5
305.3,107.51973684210527,9.2,,1486.7,692.3,0.3999999999999772,646.4,784.2,298.45,397.7,1666.9
412.9,109.38684210526316,37.73333333333333,,1142.4,639.6999999999999,113.0,708.1,704.5,307.1,145.20000000000005,1122.0
429.1,111.25394736842108,66.26666666666667,,1053.3000000000002,948.0,225.6,659.4,800.0,315.75,111.70000000000002,1376.7
439.9,113.12105263157896,94.8,,974.7,745.0999999999999,338.2,708.3000000000001,812.5,324.4,78.19999999999999,1630.7
443.5,114.98815789473686,316.90000000000003,,1025.7,878.1,575.0999999999999,684.9,603.0999999999999,333.05,560.8,1187.9
215.6,116.85526315789475,305.18333333333334,,1182.7,782.6999999999999,25.899999999999977,662.8000000000001,892.0,341.70000000000005,233.29999999999995,1638.7
355.0,118.72236842105264,293.4666666666667,,1186.0,888.3,167.10000000000002,684.1,605.5,350.35,405.7000000000001,1321.6
402.7,120.58947368421052,281.75,,1347.8000000000002,732.0,160.49200000000002,684.3,616.0,359.0,379.2,1540.5
489.0,122.45657894736844,270.03333333333336,,1215.3000000000002,614.6,153.884,689.1,583.5,367.65,334.8,1511.8
424.8,124.32368421052632,258.31666666666666,,1426.4,602.6,147.276,742.1999999999999,712.4,376.3,202.0,1714.0
438.9,126.19078947368422,246.6,,959.3,635.9000000000001,140.668,742.0,630.4,221.40000000000003,865.3,1535.4
286.9,128.05789473684212,450.6,,1115.1,1426.1,134.06,704.4,487.5,273.83333333333337,937.9,1285.4
185.6,129.925,641.3,,1424.9,1032.6,127.452,638.5,424.1,326.2666666666667,248.0,1436.1
102.20000000000002,131.7921052631579,551.5,,1335.2,712.6999999999999,120.84400000000002,748.3,458.2000000000001,378.7000000000001,475.6,1177.9
128.9,133.6592105263158,222.1,,1497.2,809.7,114.23600000000002,776.5999999999999,631.9,431.1333333333334,500.6,1399.2
429.1,135.5263157894737,1369.4,,1413.6,970.0,107.628,714.1999999999999,353.40000000000003,483.5666666666667,548.7,1649.3
472.9,137.3934210526316,618.1999999999999,,1464.6,1909.6,101.02,611.6999999999999,681.6,536.0,497.80000000000007,907.1
384.3,139.2605263157895,99.0,,1449.3000000000002,1303.4,94.412,702.1,633.3000000000001,588.4333333333334,555.2,1432.8000000000002
476.69999999999993,141.1276315789474,164.4666666666667,,1419.4,804.8000000000001,87.804,728.8,245.2,640.8666666666668,34.70000000000002,1222.9
436.8,142.99473684210528,229.93333333333337,,1499.9,1134.0,81.196,715.9,303.20000000000005,693.3000000000001,460.0,1328.3000000000002
146.7,144.86184210526318,295.40000000000003,,1412.1,612.3000000000001,74.58800000000001,686.3,296.2,443.4500000000001,497.8,965.6
411.1,146.72894736842107,320.8,,1539.0,1114.2,67.98,785.3,282.7,193.6,398.8,1390.8
442.6,148.59605263157897,258.45,,1535.6,911.4,61.372,792.1999999999999,526.1,1121.7,501.9,1275.8
479.8,150.46315789473687,196.1,,1576.9,855.2,54.764,795.5,521.6999999999999,2049.8,617.5,1436.8
424.8,152.33026315789473,94.8,,1548.3000000000002,942.5,48.15599999999999,783.6999999999999,820.7,2977.9,550.6,1482.7
324.1,154.19736842105263,118.2,,1858.2,1255.2,41.548,843.1,731.3000000000001,378.5,483.7000000000001,1422.7
271.4,156.06447368421053,94.13333333333334,,1685.4,761.9,34.94,863.9,713.0,212.7,361.8,1530.9
181.6,157.93157894736842,70.06666666666666,,2469.4,659.5,28.332,782.1,800.9,121.5,451.5,1468.1
231.6,159.79868421052632,46.0,,1738.8000000000002,867.1,21.72399999999999,849.0999999999999,704.7,250.9,607.7,1234.2
368.4,161.6657894736842,108.1,,1731.3000000000002,1174.2,15.115999999999984,745.4,653.5999999999999,109.8,161.09999999999997,1466.8
267.4,163.5328947368421,170.2,,4570.5,910.1,8.507999999999981,773.4,244.5,312.0,409.2,1282.4
261.7,165.4,232.3,,,820.1,1.8999999999999773,1215.1,649.3000000000001,298.9,487.9,1314.3
222.9,219.0,294.4,,,897.5,95.04,1108.9,461.1,337.0,521.2,1433.7
417.7,272.6,356.5,,,1366.3000000000002,188.18,945.8,286.4,122.0,559.9000000000001,1272.1
72.9,651.1,418.6,,,836.4,281.32000000000005,920.8,237.8,155.9,625.9000000000001,1159.8
49.29999999999998,417.05,605.0,,,956.6,374.46,964.7,189.2,143.99999999999997,666.7,1292.4
310.4,183.0,511.475,,,842.9,467.6,1117.2,678.3,43.80000000000001,618.4,1563.0
249.6,172.52857142857144,417.95,,,940.0,473.0272727272728,1098.5,806.9,60.150000000000006,618.2,1543.9
295.0,162.05714285714285,324.42499999999995,,,880.5999999999999,478.4545454545455,974.9,791.2,76.5,618.6999999999999,1329.5
333.5,151.5857142857143,230.9,,,754.0,483.8818181818182,1183.3000000000002,750.6,93.4,582.4,997.0
702.7,141.1142857142857,2.0999999999999943,,,834.6999999999999,489.3090909090909,1023.3,735.1,3.5,611.0,926.5
923.0,130.64285714285714,632.6,,,827.4,494.7363636363637,1483.0,716.7,169.7,822.5,984.7
732.6,120.17142857142858,130.5,,,947.8,500.1636363636364,1293.5,747.6999999999999,107.7,532.7,1022.7
766.0,109.7,202.4,,,1034.4,505.5909090909091,1225.8000000000002,824.9,107.20000000000002,605.2,1072.3
443.5,99.22857142857144,274.29999999999995,,,937.2,511.0181818181818,1238.8000000000002,840.8000000000001,394.6,591.0,1228.4
345.70000000000005,88.75714285714285,317.56666666666666,,,1010.3,516.4454545454546,1142.5,803.3,292.2,443.9,1497.3000000000002
817.6,78.28571428571428,360.8333333333333,,,1041.9,521.8727272727273,1135.4,711.5999999999999,270.3,101.3,1378.8
431.4,67.81428571428572,404.1,,,845.1999999999999,527.3,1126.1,822.0999999999999,167.3,405.2000000000001,1838.4
45.2,57.34285714285714,47.2,,,1198.9,532.7272727272727,1141.8000000000002,750.7,64.29999999999998,426.6,1277.4
368.1,46.87142857142857,745.5,,,1195.9,538.1545454545454,1149.7,558.5,59.60000000000002,405.8,1495.0
231.0,36.400000000000006,720.6999999999999,,,1227.7,543.5818181818182,1212.3000000000002,562.9,227.0,414.2,1244.9
239.0,44.267857142857146,695.9,,,1194.7,549.0090909090909,1209.6,75.59999999999997,254.2,469.85,1871.7
342.9,52.135714285714286,671.0999999999999,,,1108.5,554.4363636363637,1274.3,291.49999999999994,563.4,525.5,1456.5
222.7,60.00357142857143,194.1,,,901.9,559.8636363636364,1156.4,285.57499999999993,448.9,466.55,1603.3000000000002
236.8,67.87142857142857,392.0,,,1076.9,565.290909090909,1491.6,279.65,334.40000000000003,407.6,1574.2
324.5,75.73928571428571,589.9,,,1219.5,570.7181818181818,1443.0,273.725,348.40000000000003,350.2,1604.1
665.9,83.60714285714286,495.66,,,1593.9,576.1454545454545,1260.5,267.8,239.4,1234.9,1912.4
329.0,91.475,401.42,,,1286.4,581.5727272727272,1180.2,336.1,372.3,540.0,1813.4
333.6,99.34285714285714,307.18000000000006,,,1069.3,587.0,1107.8000000000002,404.4,49.69999999999999,552.9000000000001,1957.6
715.4,107.21071428571427,212.94000000000003,,,1141.0,527.6714285714286,1202.6,310.19999999999993,110.7,385.7,1592.2
515.6,115.07857142857142,118.70000000000002,,,1379.4,468.3428571428572,1155.2,253.92499999999995,200.9,462.7000000000001,1758.0
267.0,122.94642857142856,269.4,,,1400.2,409.0142857142857,1301.1,197.65,150.60000000000002,632.4000000000001,1549.9
224.3,130.81428571428572,353.20000000000005,,,897.1999999999999,349.6857142857143,1226.8000000000002,141.375,255.1,702.3000000000001,1853.4
389.3,138.68214285714285,34.8,,,1484.3,290.3571428571429,1699.2,85.10000000000002,257.1,1055.2,1764.5
271.90000000000003,146.55,101.3,,,1171.9,231.02857142857147,1316.9,86.10000000000001,237.00000000000003,990.1,1514.4
363.1,154.41785714285714,84.9,,,897.4000000000001,171.70000000000002,1263.3,87.1,216.9,852.0,1605.1
406.3,162.28571428571428,308.6,,,865.3,137.92000000000002,1217.8,88.09999999999998,196.8,965.7,1725.8000000000002
148.90000000000003,170.1535714285714,74.60000000000001,,,916.5,104.14,1233.7,89.09999999999997,157.2,892.1,1445.4
320.90000000000003,178.02142857142857,152.6,,,1105.4,70.36000000000001,1626.0,175.39999999999998,154.35000000000002,986.9,1664.9
336.7,185.8892857142857,163.89999999999998,,,1013.4,36.58000000000001,1318.5,196.7,151.50000000000003,942.0,1593.7
564.6,193.75714285714284,175.2,,,1300.2,2.800000000000012,1417.0,219.3,148.65000000000003,858.8,1710.1
534.7,201.625,134.3,,,1211.0,3.329629629629641,1369.4,200.0,145.80000000000007,1065.1,2136.3
341.0,209.4928571428572,80.0,,,1141.0,3.8592592592592703,1379.9,196.8,122.59999999999997,1037.4,1694.7
455.6,217.36071428571427,470.69999999999993,,,1251.9,4.3888888888889,1265.5,134.90000000000003,275.0,876.0,1845.4
599.0999999999999,225.22857142857143,77.60000000000001,,,1091.6,4.918518518518528,1277.7,272.9,301.20000000000005,1168.3000000000002,2608.9
489.1,233.09642857142856,48.0,,,1227.7,5.448148148148158,1348.4,246.0,136.4,992.8,1743.1
418.50000000000006,240.9642857142857,38.03333333333333,,,1440.2,5.977777777777787,1421.4,430.9,166.0,1040.0,2514.0
382.4,248.83214285714283,28.066666666666663,,,1194.7,6.507407407407417,1237.7,197.9,295.99999999999994,950.4,2004.8
519.4,256.7,18.099999999999994,,,1249.8000000000002,7.037037037037045,1635.5,197.8,168.5,909.9,2011.4
401.1,129.5,293.6,,,1417.9,7.566666666666675,1608.0,425.0,158.8,1013.1,2142.9
376.7,2.3000000000000043,2.799999999999999,,,1687.6,8.096296296296304,1336.4,426.80000000000007,115.89999999999998,1137.5,1863.2
419.2,12.650000000000002,105.05,,,1207.7,8.625925925925934,995.3,428.3,377.5,1082.5,1974.6
296.4,23.0,207.3,,,1192.5,9.155555555555562,1015.8,567.5,197.8,950.7,1849.4
739.4,29.99375,275.05,,,1612.8000000000002,9.685185185185192,1105.4,590.5,406.1,963.5,2042.0
688.2,36.9875,342.8,,,1464.2,10.21481481481482,1433.3000000000002,439.5,158.39999999999998,1203.6,2057.0
931.9,43.98125,410.55,,,1577.2,10.74444444444445,1466.2,426.5,405.7,1161.3000000000002,2839.0
468.8,50.975,478.3,,,1232.0,11.27407407407408,1255.1,407.2000000000001,360.55,1098.3000000000002,2039.3
360.2,57.96875,52.6,,,1806.5,11.803703703703707,1339.8000000000002,456.2,315.4,1344.6,2175.7000000000003
454.8,64.9625,120.3,,,,12.333333333333336,1782.1999999999998,413.0,458.1,1004.0,2024.9
536.9,71.95625000000001,462.80000000000007,,,,12.862962962962968,1605.7,498.1,573.5,1134.1,2198.2000000000003
424.5,78.95,509.9500000000001,,,,13.392592592592596,1465.4,491.3,267.69999999999993,966.0,2094.2000000000003
589.0999999999999,85.94375,557.1,,,,13.922222222222224,1832.0,501.6,270.8,1094.2,2198.7000000000003
591.6,92.9375,122.39999999999998,,,,14.451851851851854,1516.1,507.19999999999993,274.4,1496.7,2207.4
605.9,99.93125,611.8000000000001,,,,14.981481481481485,1668.6,505.3,309.0,1361.7,1912.9
811.7,106.925,530.4000000000001,,,,15.511111111111113,1375.6,499.0,255.79999999999995,1303.6,1969.0
610.2,113.91875,449.0,,,,16.04074074074074,1422.4,485.9,239.5,1043.5,1733.3000000000002
570.9,120.9125,367.6,,,,16.570370370370373,1300.9,461.2000000000001,489.5,1098.9,1790.9
582.0,127.90625,286.2,,,,17.1,1266.7,498.4,255.7,1000.6,1621.0
568.1999999999999,134.9,239.65,,,,114.16666666666666,1448.5,523.9,449.9,1254.1999999999998,1628.4
472.9,128.1,193.1,,,,211.2333333333333,1433.6,454.7000000000001,336.90000000000003,1431.4,1772.2
351.29999999999995,136.1909090909091,146.55,,,,308.29999999999995,1862.4,446.8,285.9,1346.3000000000002,1775.5
287.6,144.28181818181818,100.00000000000004,,,,531.3,1518.9,547.4,271.4,1089.0,1985.8
447.5,152.37272727272727,53.450000000000045,,,,328.4,1625.2,573.3,333.6,991.8,2016.0
468.1,160.46363636363637,6.900000000000006,,,,278.7,1516.7,512.4,521.1,1101.7,1928.6
710.2,168.55454545454546,318.0,,,,229.4,1561.7,527.1999999999999,506.8,1349.7,2630.9
787.3,176.64545454545453,291.61,,,,758.2,2077.4,448.4,556.4,1156.6,1805.0
466.2,184.73636363636365,265.22,,,,285.4,1370.9,220.3,283.80000000000007,1243.3000000000002,1721.2
294.5,192.8272727272727,238.83,,,,912.1,1568.6,414.7,337.6,1210.5,1626.0
229.4,200.91818181818184,212.44,,,,813.9,1733.5,744.8,748.1000000000001,1144.0,1501.9
490.4,209.0090909090909,186.05,,,,614.1,1638.5,416.6,466.0,1045.2,1698.5
490.4,217.1,159.66000000000005,,,,692.8,1646.5,220.1,577.8000000000001,1320.8000000000002,1455.8000000000002
679.8000000000001,343.3,133.27,,,,945.0,1681.4,237.3,288.2,1150.1,1530.9
391.5,469.5,106.88000000000002,,,,897.4,1667.5,414.7,554.2,1069.5,1582.7
568.1,523.3,80.49000000000004,,,,935.7,1622.8,435.9,554.3000000000001,1010.3,1466.4
522.6999999999999,748.9,54.1,,,,875.0,1447.7,326.4,557.9,1134.2,1406.9
607.9,324.79999999999995,278.35,,,,538.8,1374.6,282.79999999999995,551.1999999999999,1324.0,1563.8000000000002
1099.7,470.23333333333335,502.6,,,,686.2,1507.9,293.1,551.1999999999999,1744.0,1504.5
571.6,615.6666666666667,445.30000000000007,,,,397.6,1891.2,189.1,554.9,3483.2000000000003,2091.0
713.5999999999999,761.1,388.00000000000006,,,,598.3,1529.7,280.79999999999995,668.6,1652.2,1671.1
1157.4,1350.4,113.8,,,,1060.8,1517.1,197.0,565.9,1259.4,1393.3000000000002
585.5,317.4,18.200000000000017,,,,443.9,1527.1,213.5,536.5,,1614.1
624.1999999999999,310.15,68.4,,,,574.6,1492.7,301.7,676.6999999999999,,1453.2
544.8,302.9,186.5,,,,820.6999999999999,1329.6,202.7,620.4,,1591.4
641.9,307.5,152.2,,,,628.9000000000001,1591.0,213.5,633.0,,1845.6
538.0,232.9,61.89999999999999,,,,681.4,1674.2,213.6,661.3,,1735.9
739.3,891.9,111.5,,,,592.5,1412.6,252.90000000000003,657.8000000000001,,1626.0
492.1,40.0,60.99999999999999,,,,870.1,1552.7,266.4,652.6,,1768.2
777.7,275.1,62.900000000000006,,,,645.0,1211.6,350.20000000000005,458.1,,1866.1
607.0,92.3,23.19999999999999,,,,67.80000000000001,1675.2,233.7,482.6,,1570.0
560.9,82.3,32.73333333333333,,,,162.29999999999995,1611.9,311.29999999999995,732.1999999999999,,2029.7
620.3,93.85,42.266666666666666,,,,153.0,1465.9,401.2,382.7,,1635.4
518.4,105.4,51.8,,,,147.01,1427.4,479.9,835.1,,1657.5
600.6,335.4,590.2,,,,141.01999999999998,1426.9,533.3,767.2,,2373.7000000000003
558.6999999999999,246.1,118.39999999999998,,,,135.02999999999997,1624.4,284.1,825.6999999999999,,1780.6
900.8,82.20000000000002,4.400000000000006,,,,129.04,1418.8,425.1,848.5999999999999,,1793.2
592.5,53.39999999999998,169.6,,,,123.04999999999998,1418.7,474.0,560.5,,1628.3
333.2,74.29999999999995,77.9,,,,117.05999999999996,1752.6,501.6,842.9,,1671.9
604.3,269.90000000000003,345.5,,,,111.06999999999996,1428.3000000000002,527.5999999999999,639.7,,1932.7
500.7000000000001,253.6,161.50000000000003,,,,105.07999999999996,1662.8,1111.0,666.0,,1918.0
502.9,80.6,120.09999999999998,,,,99.08999999999996,1486.1,443.7,674.8,,2068.0
801.8,165.625,78.69999999999993,,,,93.09999999999997,1364.4,774.8,397.4,,1543.2
617.2,250.65,143.09999999999997,,,,94.625,1243.3,338.1,655.1,,1662.3000000000002
556.5,335.675,262.8,,,,96.15,1536.6,338.5,493.5,,1855.3
481.2,420.7,582.0999999999999,,,,97.67500000000004,1604.7,373.6,120.2,,1609.8000000000002
590.4000000000001,123.70000000000002,304.9,,,,99.20000000000005,1641.8,511.1,508.4,,1777.8000000000002
716.3000000000001,315.6,585.0,,,,69.63333333333337,1537.3000000000002,581.5,603.9,,1743.6
594.4000000000001,777.4,844.3,,,,40.06666666666669,1339.5,1363.5,540.4,,1911.6
568.2,26.5,638.1,,,,10.5,1613.6,768.0,385.7,,1555.2
530.4000000000001,1934.9,629.6999999999999,,,,8.699999999999989,1595.0,678.1999999999999,2385.4,,1724.8000000000002
558.1,243.8,356.1,,,,6.899999999999977,1423.0,732.1,506.1,,1863.2
658.4,499.85,450.1,,,,441.2,1545.0,683.6,691.9,,1473.1
462.4,755.9,644.6,,,,6.300000000000011,1690.4,674.6,714.7,,1469.4
626.0999999999999,97.6,765.7,,,,7.150000000000006,1624.9,677.9,676.6999999999999,,1569.5
653.7,480.69999999999993,400.5,,,,8.0,1664.0,605.3,793.5,,1558.4
795.9000000000001,863.8,802.9,,,,73.89999999999998,1710.7,468.5,737.5,,1669.6
660.8,571.3000000000001,667.7,,,,70.46666666666665,1756.1,479.7,607.1,,1615.7
583.1,297.6,553.8,,,,67.03333333333335,1610.2,997.5,616.2,,1499.3000000000002
709.4,299.2,775.7,,,,63.60000000000002,1733.0,904.7,527.3,,2012.1
807.2,171.29999999999998,1063.9,,,,244.1,1843.3,1306.5,600.7,,1662.4
1241.5,176.8,931.9,,,,240.13333333333333,1840.2,1202.6999999999998,797.6,,1451.8
914.6,267.9666666666667,801.5,,,,236.16666666666663,1828.0,1155.8,488.7000000000001,,1851.7
452.9,359.1333333333333,1092.4,,,,232.2,1841.8,591.7,620.3,,1614.6
401.7,450.3,973.9,,,,228.2333333333333,1848.8,1032.1,770.0999999999999,,1487.1
437.2,239.8,959.4,,,,224.26666666666665,1415.8000000000002,560.4000000000001,589.4,,1691.3000000000002
520.6999999999999,545.5,1002.7,,,,220.3,1753.2,791.9,774.3,,1768.8000000000002
564.3,508.55,15209.4,,,,216.3333333333333,1407.2,535.3,794.1,,1560.0
465.6,471.6,,,,,212.36666666666667,1565.8,546.7,735.0,,2127.3
511.5,257.79999999999995,,,,,208.4,1936.3,951.8,907.0,,1539.7
593.5,1813.1,,,,,204.4333333333333,1807.7,981.4,803.6,,2009.5
527.4,621.5,,,,,200.46666666666667,1748.5,1057.5,493.7000000000001,,1558.9
529.9,947.9,,,,,196.5,1807.9,672.9,786.5,,1648.3000000000002
599.3,1595.0,,,,,193.6125,1788.3,1256.4,683.4,,1671.8000000000002
938.8,155.4,,,,,190.725,1801.0,1298.8,1070.6,,1625.9
885.9000000000001,957.2,,,,,187.8375,1788.0,1242.4,606.1,,1594.2
605.8000000000001,294.5,,,,,184.95,1736.3,1382.6,686.0,,1578.0
847.0,1839.3,,,,,182.0625,1804.8,577.0,613.7,,1487.7
526.6,921.8,,,,,179.17499999999998,1787.1,672.5,909.2,,1453.3
730.1,1442.7,,,,,176.28749999999997,1701.0,1356.3000000000002,295.8,,1487.5
344.7,353.1,,,,,173.39999999999998,1809.7,1346.1,754.4,,1259.8
762.4,1084.2,,,,,584.9000000000001,1815.4,1352.4,762.3,,1295.8000000000002
693.7,519.4,,,,,5.199999999999989,1754.3,1154.9,992.1,,1831.4
520.8000000000001,927.2,,,,,333.7,1671.0,659.9,883.8,,1657.7
412.0,951.9,,,,,402.75,1750.6,661.4000000000001,1012.8,,1769.5
620.0,1443.2,,,,,471.8,1270.0,1274.9,868.6,,1714.3000000000002
898.5,786.5,,,,,353.55,1535.2,672.4000000000001,939.8,,1839.4
617.7,982.4,,,,,235.3,1279.3,691.1,1035.2,,1465.8000000000002
574.2,716.7,,,,,133.29999999999995,1748.2,661.9,828.4,,1847.0
603.6,1049.0,,,,,24.5,1740.4,1113.4,767.6999999999999,,2085.0
740.8,1159.9,,,,,70.33333333333334,1776.0,665.3,931.0,,1725.6
693.6,,,,,,116.16666666666669,1684.5,1214.0,409.1,,1769.0
681.8,,,,,,162.0,1659.7,668.4000000000001,873.8,,1726.0
900.1999999999999,,,,,,417.5,1935.9,661.9,755.6,,2072.1
4368.1,,,,,,574.3,1759.2,1132.4,965.7,,2016.8
984.9,,,,,,682.1999999999999,1718.1999999999998,1226.3,784.4,,1740.0
956.8,,,,,,642.0,1786.5,1009.2,844.8,,2449.8
900.8,,,,,,284.19999999999993,1777.2,1251.8,863.1,,2253.1
871.6,,,,,,187.4,1851.8,1171.2,847.7,,1739.1
1410.7,,,,,,60.49999999999997,1838.5,1236.8000000000002,859.6999999999999,,1615.8000000000002
786.4,,,,,,95.29999999999998,2006.3,1067.3,839.1,,1950.9
884.1,,,,,,425.2000000000001,1989.9,1082.0,509.1,,2677.1
621.7,,,,,,457.6,2015.6,1017.6,859.5,,2413.7000000000003
872.9,,,,,,249.6,1997.0,514.4,610.3,,2072.5
3240.9,,,,,,102.59999999999997,1998.6,649.1,1014.2,,2273.5
5207.7,,,,,,6.900000000000034,2055.7000000000003,1208.0,756.6,,2537.5
,,,,,,46.10000000000002,2026.0,575.7,782.6,,2434.1
,,,,,,118.2,1928.8,661.6999999999999,851.5,,2301.1
,,,,,,412.6,1973.1,605.4,759.2,,3170.7000000000003
,,,,,,355.6,2038.7,659.0,484.6,,2461.7000000000003
,,,,,,298.6,1917.9,1295.8000000000002,272.8,,2131.1
,,,,,,179.2,2080.2,1262.4,852.6999999999999,,2228.5
,,,,,,157.3,1981.1,1301.7,402.7000000000001,,2230.2000000000003
,,,,,,225.6,1957.7,570.2,236.9,,2338.6000000000004
,,,,,,154.2,1980.6,649.6,625.6,,2270.7000000000003
,,,,,,472.1,1967.5,606.6999999999999,589.1999999999999,,2611.8
,,,,,,186.3,1970.7,546.2,657.1,,2376.6
,,,,,,181.8333333333333,1978.5,1139.1,936.7,,1964.6
,,,,,,177.36666666666665,1928.6,483.1,954.3,,2177.5
,,,,,,172.89999999999998,1796.0,1108.5,942.0,,2549.5
,,,,,,106.60000000000002,1855.7,563.2,956.5,,2801.4
,,,,,,197.25,1705.4,1218.1,983.0,,2349.8
,,,,,,287.9,1804.6,1223.1999999999998,960.0,,2319.7000000000003
,,,,,,178.99999999999997,1852.3,531.2,935.9,,2270.5
,,,,,,70.09999999999997,1898.6,544.4,908.1,,2103.1
,,,,,,30.299999999999955,1962.6,997.4,976.8,,2319.3
,,,,,,96.69999999999992,1879.7,770.2,909.6,,2252.7000000000003
,,,,,,192.67499999999995,1879.5,1112.1,626.0,,2132.1
,,,,,,288.65,1952.7,1145.8000000000002,1039.7,,2265.5
,,,,,,384.625,1905.8,1072.0,983.5,,2872.3
,,,,,,480.6,1968.9,1202.3,993.4,,2172.2000000000003
,,,,,,323.2,1964.7,1580.0,768.7,,2182.8
,,,,,,67.39999999999998,1964.8,986.4,1038.4,,2240.3
,,,,,,98.89999999999998,1955.4,603.3000000000001,953.8,,2435.7000000000003
,,,,,,131.79999999999998,1816.2,364.2000000000001,1024.8,,2516.8
,,,,,,514.1,1718.1,911.9,1053.6,,2229.1
,,,,,,561.5999999999999,1359.2,782.1,933.1,,1695.9
,,,,,,456.3,1751.0,680.8,486.8,,2024.1
,,,,,,561.0,1898.7,576.2,997.6,,1725.1
,,,,,,498.7000000000001,1702.8000000000002,988.6,1013.4,,1882.7
,,,,,,449.9,1737.0,1226.5,884.2,,3133.2000000000003
,,,,,,497.8,1711.1999999999998,1022.1,866.3,,2448.2000000000003
,,,,,,632.1,1683.9,1012.9,881.8000000000001,,2093.6
,,,,,,768.0,1780.9,339.2,1132.0,,
,,,,,,454.3,1741.0,426.8,701.6,,
,,,,,,427.5,1870.4,520.6999999999999,667.0,,
,,,,,,350.9,1912.7,554.0,694.6999999999999,,
,,,,,,501.8,1739.6,1017.2,615.1,,
,,,,,,272.29999999999995,1676.2,867.5,350.2,,
,,,,,,654.4,1847.7,495.2,691.6,,
,,,,,,305.9,1889.4,442.7000000000001,532.2,,
,,,,,,480.00000000000006,2183.0,233.1,824.9,,
,,,,,,329.9,2028.7,596.7,871.1999999999999,,
,,,,,,431.1,1962.9,456.8,681.9000000000001,,
,,,,,,916.2,2339.3,959.0,908.4,,
,,,,,,162.3,2297.6,671.2,611.6,,
,,,,,,137.8,2419.3,642.9,629.0,,
,,,,,,475.5,2428.9,503.80000000000007,594.3,,
,,,,,,734.3,2131.0,540.2,641.0,,
,,,,,,494.9,2054.8,552.9,401.5,,
,,,,,,755.2,1970.0,640.0999999999999,504.5,,
,,,,,,550.2,1938.9,577.6,588.8,,
,,,,,,108.59999999999997,1982.7,1056.5,759.5,,
,,,,,,655.2,2270.8,445.8,752.4,,
,,,,,,404.6,2060.4,595.5999999999999,913.3,,
,,,,,,762.0,1917.8,572.2,799.0999999999999,,
,,,,,,846.1999999999999,1881.0,566.1999999999999,868.4,,
,,,,,,418.2,1840.8,532.8,855.6999999999999,,
,,,,,,759.0,1852.6,324.50000000000006,793.6,,
,,,,,,708.6999999999999,1986.9,233.2,644.6,,
,,,,,,410.0,1558.4,279.9,891.1999999999999,,
,,,,,,758.9,1241.8,492.5,643.9000000000001,,
,,,,,,449.4,1856.9,627.1,572.4000000000001,,
,,,,,,377.00000000000006,1315.1,598.4000000000001,604.9,,
,,,,,,712.4,1305.3000000000002,440.7,710.7,,
,,,,,,709.4000000000001,1958.1,387.4,872.6,,
,,,,,,1044.9,1900.6,211.20000000000005,891.3,,
,,,,,,1008.9,1842.1,592.3000000000001,771.7,,
,,,,,,657.7,1930.7,419.0,907.7,,
,,,,,,1045.4,1807.4,481.50000000000006,810.1999999999999,,
,,,,,,515.7,2113.6,518.8,790.7,,
,,,,,,279.8,2092.6,641.5,902.9,,
,,,,,,783.5,1998.1,597.2,910.8,,
,,,,,,334.49999999999994,1996.4,463.4,895.9000000000001,,
,,,,,,262.79999999999995,2548.6,466.8,986.4,,
,,,,,,194.9,2026.8,607.0,1073.0,,
,,,,,,195.1,2068.0,583.3,930.7,,
,,,,,,194.7,2228.9,626.4000000000001,935.7,,
,,,,,,333.19999999999993,2091.9,671.1,936.1,,
,,,,,,387.15,2299.8,714.9,821.1,,
,,,,,,441.1,2441.6,688.0,859.6,,
,,,,,,499.7000000000001,2227.2,643.5,1055.8000000000002,,
,,,,,,602.0,2122.7000000000003,708.9,842.6,,
,,,,,,617.5,2058.3,987.8,800.1,,
,,,,,,273.5,2108.3,707.1,838.0,,
,,,,,,692.4,2036.8,556.2,961.7,,
,,,,,,680.5999999999999,2128.6000000000004,719.9,803.8000000000001,,
,,,,,,431.1,2150.0,679.8,742.8,,
,,,,,,522.5999999999999,2238.7000000000003,651.1999999999999,921.3,,
,,,,,,815.8,2161.8,1244.0,804.0,,
,,,,,,393.4,1999.7,644.7,816.1999999999999,,
,,,,,,715.4000000000001,2025.3,581.6,905.7,,
,,,,,,506.8,2188.0,685.7,804.4,,
,,,,,,491.2000000000001,2049.6000000000004,562.2,866.5,,
,,,,,,865.4,2062.9,666.5,796.9,,
,,,,,,522.3,1999.6,758.1,750.3,,
,,,,,,765.9,2307.5,656.7,788.9,,
,,,,,,522.5,2111.3,593.1999999999999,915.1,,
,,,,,,522.6,2084.2,1030.0,804.8000000000001,,
,,,,,,522.6,2000.2,683.7,915.8,,
,,,,,,765.9,2002.0,791.9,1466.9,,
,,,,,,822.0,1986.1,658.9,812.3,,
,,,,,,777.8,1974.8,606.4,812.6,,
,,,,,,762.0999999999999,2132.1,617.5,915.9,,
,,,,,,522.6,1967.1,692.9,812.6,,
,,,,,,234.2,2053.8,665.2,911.3,,
,,,,,,810.4,2042.3,662.9000000000001,914.2,,
,,,,,,269.90000000000003,1964.9,641.5999999999999,914.7,,
,,,,,,130.39999999999998,2019.2,700.1,932.0,,
,,,,,,130.3,2015.8,647.1,753.5,,
,,,,,,316.1,2024.9,755.1,923.5,,
,,,,,,569.0,2046.2,703.0,939.3,,
,,,,,,206.0,1941.4,676.1,1071.5,,
,,,,,,118.20000000000005,2003.5,706.0,861.7,,
,,,,,,118.59999999999997,1962.4,971.1,812.0,,
,,,,,,118.10000000000002,1983.9,753.5,636.1999999999999,,
,,,,,,225.1,1979.0,778.4,803.5,,
,,,,,,522.5,1924.6,760.1999999999999,760.0,,
,,,,,,370.30000000000007,2003.9,670.6,812.6,,
,,,,,,462.6,1955.7,793.4000000000001,638.0,,
,,,,,,535.7,2064.5,761.5,812.6,,
,,,,,,408.1,2015.5,733.4,796.1,,
,,,,,,728.8000000000001,1983.6,756.1,804.4000000000001,,
,,,,,,527.1999999999999,1987.7,706.8,762.3000000000001,,
,,,,,,805.8000000000001,1999.9,743.0,797.6,,
,,,,,,349.4,1974.8,789.5999999999999,805.4000000000001,,
,,,,,,745.3000000000001,2050.9,923.1,846.3,,
,,,,,,419.9,1986.0,799.8,923.5,,
,,,,,,487.1,1997.9,805.0,933.2,,
,,,,,,515.1,1964.7,800.4,805.8,,
,,,,,,523.7,2012.1,661.9,947.1,,
,,,,,,604.8,1974.4,883.0,867.8,,
,,,,,,557.1,2062.3,775.6,672.9,,
,,,,,,534.0,1976.6,1353.0,800.8,,
,,,,,,477.5,2037.7,1220.5,804.2,,
,,,,,,514.3,2002.7,989.5,753.6,,
,,,,,,380.2,1927.4,884.6,765.0,,
,,,,,,319.1,1971.9,1001.5,942.6,,
,,,,,,416.2,2008.0,2296.7000000000003,1034.8,,
,,,,,,386.9,2128.7000000000003,1151.4,719.0,,
,,,,,,558.1,2039.1,1424.7,805.9000000000001,,
,,,,,,523.8,1962.1,1466.1,893.6,,
,,,,,,640.3000000000001,2102.1,1473.3000000000002,805.5,,
,,,,,,527.3,2012.2,1331.2,793.7,,
,,,,,,607.9,2097.1,,797.5,,
,,,,,,607.0,2055.3,,803.8,,
,,,,,,295.1,2002.5,,903.1,,
,,,,,,613.2,2057.4,,910.3,,
,,,,,,578.6,2080.3,,841.0999999999999,,
,,,,,,573.8,2052.6000000000004,,781.3,,
,,,,,,552.8,2038.0,,772.7,,
,,,,,,571.6,2052.2000000000003,,931.2,,
,,,,,,517.0999999999999,2050.2000000000003,,786.6,,
,,,,,,525.4,1990.1,,859.1999999999999,,
,,,,,,571.3,2016.6,,811.5,,
,,,,,,592.4000000000001,2090.8,,912.7,,
,,,,,,519.7,2050.2,,799.5999999999999,,
,,,,,,591.0,2031.6,,902.5,,
,,,,,,751.9000000000001,2007.7,,843.0,,
,,,,,,636.3,2072.0,,838.5,,
,,,,,,553.3000000000001,2111.8,,845.4,,
,,,,,,636.1,2124.1,,1004.5,,
,,,,,,630.8,2070.6000000000004,,985.1,,
,,,,,,738.4,2093.6,,910.8,,
,,,,,,622.0,2023.3,,870.2,,
,,,,,,733.0,2031.7,,844.1,,
,,,,,,688.5,2066.5,,858.0,,
,,,,,,783.5,2053.6000000000004,,907.4,,
,,,,,,777.3000000000001,2072.4,,861.1999999999999,,
,,,,,,680.8000000000001,1950.2,,829.1999999999999,,
,,,,,,954.4,2129.9,,854.1999999999999,,
,,,,,,773.3,2059.0,,918.4,,
,,,,,,784.7,1901.9,,815.0,,
,,,,,,640.9,2079.3,,826.4,,
,,,,,,956.0,2082.7,,915.6,,
,,,,,,749.9,2140.5,,916.8,,
,,,,,,811.0,2116.9,,838.4,,
,,,,,,788.7,1949.7,,1059.9,,
,,,,,,684.3,1991.4,,828.0,,
,,,,,,718.2,1878.1,,922.8,,
,,,,,,582.3,2111.4,,988.3,,
,,,,,,647.7,2069.1000000000004,,819.1999999999999,,
,,,,,,700.7,2071.1000000000004,,914.4,,
,,,,,,752.2,2117.2000000000003,,849.5,,
,,,,,,652.8000000000001,2017.4,,757.4,,
,,,,,,562.0,2018.2,,874.2,,
,,,,,,734.3,2028.6,,932.9,,
,,,,,,687.1999999999999,2037.7,,979.5,,
,,,,,,732.1999999999999,1978.0,,818.8,,
,,,,,,676.0,2070.5,,854.0,,
,,,,,,632.5999999999999,1991.7,,1250.4,,
,,,,,,1068.1,2027.1,,837.6,,
,,,,,,1091.7,1921.7,,860.3,,
,,,,,,1044.0,1969.9,,826.5,,
,,,,,,803.3,2095.6000000000004,,844.8,,
,,,,,,1168.8,1971.8,,1189.1,,
,,,,,,1114.7,1925.7,,1005.1,,
,,,,,,1319.6,2108.9,,1005.8,,
,,,,,,900.2,2095.9,,1060.7,,
,,,,,,928.2,2077.8,,1001.2,,
,,,,,,884.5999999999999,1984.4,,891.6999999999999,,
,,,,,,927.9,1940.0,,984.9,,
,,,,,,858.5,1946.6,,1266.1,,
,,,,,,694.5,1969.8,,1333.4,,
,,,,,,840.0,1992.0,,973.6,,
,,,,,,863.0,2119.4,,871.1999999999999,,
,,,,,,870.8000000000001,1839.8,,1268.9,,
,,,,,,820.0,1966.3,,917.4,,
,,,,,,1101.2,2064.8,,1094.8,,
,,,,,,866.4,2146.1000000000004,,959.3,,
,,,,,,1210.9,1977.9,,968.0,,
,,,,,,1118.3000000000002,1848.8,,962.3,,
,,,,,,1019.5,2023.7,,864.0,,
,,,,,,1208.0,1924.8,,866.1,,
,,,,,,942.9,1928.8,,925.5,,
,,,,,,1087.1,1947.8,,865.8,,
,,,,,,784.6999999999999,1997.1,,830.3000000000001,,
,,,,,,1091.6,1801.6,,921.0,,
,,,,,,960.6,2016.5,,768.4,,
,,,,,,534.5,1969.8,,859.0,,
,,,,,,866.6,1818.8,,868.9,,
,,,,,,935.2,2027.3,,735.9000000000001,,
,,,,,,970.7,1988.8,,737.1,,
,,,,,,676.0,1966.1,,692.2,,
,,,,,,784.5999999999999,1768.1,,645.6,,
,,,,,,638.0,1984.2,,586.5,,
,,,,,,755.0,1934.9,,669.8000000000001,,
,,,,,,734.7,1892.0,,745.0,,
,,,,,,759.9,1957.0,,555.8000000000001,,
,,,,,,791.0,1965.2,,953.6,,
,,,,,,952.8,2024.7,,586.8,,
,,,,,,826.9000000000001,1967.6,,762.9000000000001,,
,,,,,,766.4,1987.0,,768.1999999999999,,
,,,,,,869.8,1977.5,,626.3000000000001,,
,,,,,,1284.4,1974.8,,764.4000000000001,,
,,,,,,951.4,1972.3,,533.5999999999999,,
,,,,,,803.7,1956.1,,1057.9,,
,,,,,,784.0,1907.1,,884.8,,
,,,,,,694.1,1987.1,,825.7,,
,,,,,,700.9,2090.2000000000003,,805.7,,
,,,,,,678.0,2061.9,,729.3,,
,,,,,,723.0999999999999,2076.0,,782.1999999999999,,
,,,,,,758.5,2225.0,,865.5999999999999,,
,,,,,,751.4,1993.2,,916.2,,
,,,,,,1159.9,2044.3,,827.5999999999999,,
,,,,,,779.4,2081.9,,723.3,,
,,,,,,963.9,2074.9,,866.9,,
,,,,,,740.5,2074.1,,954.1,,
,,,,,,751.8,2089.2,,737.7,,
,,,,,,751.0999999999999,2012.4,,777.3000000000001,,
,,,,,,801.8,2001.6,,1007.3,,
,,,,,,783.6,2084.1,,685.6999999999999,,
,,,,,,740.4,2078.7,,898.8,,
,,,,,,733.9000000000001,1981.4,,470.6,,
,,,,,,1093.6,2083.8,,459.0,,
,,,,,,740.0,2008.2000000000005,,514.0,,
,,,,,,873.1,2061.4,,679.6999999999999,,
,,,,,,831.5,2083.0,,602.8,,
,,,,,,839.5,2032.3,,585.6,,
,,,,,,929.8,2143.7000000000003,,658.6999999999999,,
,,,,,,1010.6,2066.1,,579.4000000000001,,
,,,,,,831.6,2086.9,,676.6999999999999,,
,,,,,,942.3,2076.4,,428.69999999999993,,
,,,,,,778.1,2094.3,,669.1,,
,,,,,,845.5,2093.3,,678.8,,
,,,,,,740.1,2058.2000000000003,,746.8,,
,,,,,,1109.1999999999998,2101.9,,581.2,,
,,,,,,825.3000000000001,2082.7000000000003,,737.1999999999999,,
,,,,,,660.0,2065.9,,830.7,,
,,,,,,904.8,2022.0,,694.9,,
,,,,,,1236.2,2044.7,,569.7,,
,,,,,,1001.5,2061.5,,949.3,,
,,,,,,1192.0,2031.7,,728.5,,
,,,,,,1074.1,2060.7,,739.4,,
,,,,,,990.2,2082.8,,512.0,,
,,,,,,1022.0,2054.7,,483.1,,
,,,,,,983.3,2083.0,,948.2,,
,,,,,,907.3,2145.8,,794.9,,
,,,,,,995.3,2078.3,,692.6,,
,,,,,,775.3000000000001,2144.3,,762.5999999999999,,
,,,,,,790.4,2080.8,,821.9,,
,,,,,,813.5999999999999,2101.9,,840.6999999999999,,
,,,,,,775.7,2072.0,,955.6,,
,,,,,,1044.6,2053.6,,839.7,,
,,,,,,793.6,2025.8,,859.0,,
,,,,,,909.1,2054.8,,923.4,,
,,,,,,1044.6,2001.1,,919.9,,
,,,,,,1141.8,2056.9,,892.6,,
,,,,,,786.1,2061.7000000000003,,937.2,,
,,,,,,824.9,2075.6,,884.5,,
,,,,,,790.6,2062.6,,1100.4,,
,,,,,,1038.7,2078.4,,530.4,,
,,,,,,794.1999999999999,2007.4,,670.4,,
,,,,,,783.1,2082.8,,615.9,,
,,,,,,951.0,2023.0,,875.1,,
,,,,,,776.6999999999999,2139.9,,865.3,,
,,,,,,835.2,2062.8,,831.0999999999999,,
,,,,,,1007.0,2094.2000000000003,,973.6,,
,,,,,,1219.8,2117.5,,1086.1,,
,,,,,,1232.1,2048.9,,983.1,,
,,,,,,794.1,2057.2,,996.3,,
,,,,,,1177.6,2040.0,,979.6,,
,,,,,,1282.9,2105.6,,949.8,,
,,,,,,945.7,2040.7,,1406.0,,
,,,,,,912.9,2076.9,,837.3,,
,,,,,,960.2,2085.8,,881.5,,
,,,,,,797.0,2222.3,,783.8,,
,,,,,,806.1,2122.4,,832.9,,
,,,,,,1396.3000000000002,2089.4,,869.3000000000001,,
,,,,,,797.8,2051.5,,760.8,,
,,,,,,628.6,2003.0,,857.5,,
,,,,,,781.9,2053.9,,670.1999999999999,,
,,,,,,801.1999999999999,2000.0,,779.6,,
,,,,,,675.8000000000001,2086.0,,1055.5,,
,,,,,,783.5,2017.6,,1051.8,,
,,,,,,1218.3,2170.3,,772.3,,
,,,,,,1024.5,2155.2000000000003,,1138.5,,
,,,,,,805.6,1994.2,,1244.6,,
,,,,,,1174.8,2049.7000000000003,,940.7,,
,,,,,,869.9000000000001,2060.0,,1211.2,,
,,,,,,1491.3000000000002,2016.9,,821.9,,
,,,,,,1330.1,2075.5,,1410.7,,
,,,,,,1340.4,2006.2,,1053.0,,
,,,,,,1351.0,1972.5,,1339.1,,
,,,,,,1192.6,2175.3,,1674.7,,
,,,,,,1199.1999999999998,1977.3,,1178.7,,
,,,,,,1313.8000000000002,2044.7,,1399.4,,
,,,,,,863.2,2079.5,,2135.5,,
,,,,,,953.9,2287.0,,1081.5,,
,,,,,,1083.0,2173.2,,1736.7,,
,,,,,,1349.7,2372.8,,971.1,,
,,,,,,1266.8,2072.3,,881.9,,
,,,,,,1280.9,2006.2,,1467.4,,
,,,,,,1252.4,2076.0,,1046.8000000000002,,
,,,,,,1280.8000000000002,2045.3,,2272.9,,
,,,,,,1018.7,2662.0,,1335.0,,
,,,,,,836.6,2043.4,,1075.3000000000002,,
,,,,,,848.9,2048.4,,988.0,,
,,,,,,1273.1,2275.5,,958.3,,
,,,,,,830.9000000000001,2275.3,,1021.4,,
,,,,,,915.2,2048.2000000000003,,953.7,,
,,,,,,1045.0,2007.3,,1069.1,,
,,,,,,945.4,2183.9,,1088.6,,
,,,,,,808.1,2062.3,,2767.8,,
,,,,,,753.8,2077.9,,1337.0,,
,,,,,,984.6,2091.2,,1039.1,,
,,,,,,804.5,2008.5,,972.7,,
,,,,,,811.9,2062.6,,1171.0,,
,,,,,,793.1,2092.2,,1003.8,,
,,,,,,901.1,2053.1,,981.1,,
,,,,,,1080.6,2084.3,,1009.5,,
,,,,,,1063.9,2080.7,,968.9,,
,,,,,,1183.9,2123.8,,835.2,,
,,,,,,739.7,2144.7000000000003,,1147.3,,
,,,,,,739.9,2083.5,,815.5,,
,,,,,,819.4,2091.1,,940.3,,
,,,,,,972.5,2230.5,,984.6,,
,,,,,,957.7,2107.0,,905.1,,
,,,,,,791.7,1935.5,,1055.6,,
,,,,,,814.0,2117.9,,1965.4,,
,,,,,,782.8,2149.5,,880.1,,
,,,,,,784.0,2091.2,,980.4,,
,,,,,,791.5,2229.1,,1003.5,,
,,,,,,1027.1,2045.9,,985.1,,
,,,,,,855.0999999999999,2095.2000000000003,,857.0,,
,,,,,,961.3,2078.8,,957.8,,
,,,,,,935.5,2090.7000000000003,,1158.4,,
,,,,,,793.9,2047.0,,957.5,,
,,,,,,826.5,2211.5,,1094.8,,
,,,,,,752.0,2192.3,,927.5,,
,,,,,,721.0,2108.2000000000003,,1035.2,,
,,,,,,848.5,2006.3,,1089.7,,
,,,,,,992.5,1518.0,,890.1999999999999,,
,,,,,,815.3,1706.7,,989.0,,
,,,,,,776.4,1976.9,,1016.5,,
,,,,,,819.4,1255.1,,939.7,,
,,,,,,813.1,1685.9,,1134.5,,
,,,,,,656.3,1867.6,,973.5,,
,,,,,,757.0,1728.5,,1016.4,,
,,,,,,766.7,1749.3,,865.3,,
,,,,,,819.6999999999999,1503.0,,1111.6,,
,,,,,,672.1,1599.0,,851.9,,
,,,,,,779.7,1714.2,,964.8,,
,,,,,,710.5,1618.2,,980.9,,
,,,,,,780.3,1559.6,,877.1,,
,,,,,,664.9000000000001,1866.0,,868.1,,
,,,,,,759.8000000000001,1793.0,,1013.5,,
,,,,,,655.9,1268.7,,1114.4,,
,,,,,,654.6,1562.2,,1342.5,,
,,,,,,779.6,1894.3,,875.0,,
,,,,,,836.1,1760.9,,1014.9,,
,,,,,,1050.9,1743.1,,975.3,,
,,,,,,773.5,1709.5,,1017.5,,
,,,,,,667.1,1627.8,,1032.8000000000002,,
,,,,,,655.6999999999999,2026.2,,1112.1,,
,,,,,,625.6,1800.5,,1118.3000000000002,,
,,,,,,648.4,1804.7,,1059.4,,
,,,,,,652.1,1276.0,,991.6,,
,,,,,,1210.3000000000002,1423.0,,1093.7,,
,,,,,,1120.9,1526.1,,1027.9,,
,,,,,,843.6999999999999,1187.8,,906.5,,
,,,,,,1519.5,1353.0,,1023.3,,
,,,,,,912.8,1627.7,,965.2,,
,,,,,,1105.0,2168.3,,1005.6,,
,,,,,,716.0,1452.9,,1051.3,,
,,,,,,905.6,1739.4,,1054.3,,
,,,,,,617.6,1377.7,,1076.6,,
,,,,,,562.0,1554.1,,1092.4,,
,,,,,,530.2,1831.4,,1081.8,,
,,,,,,597.1,1798.8000000000002,,1117.0,,
,,,,,,1004.3,1494.1,,1304.8,,
,,,,,,1090.3,1980.2,,1120.3,,
,,,,,,685.2,1610.4,,1111.9,,
,,,,,,738.5999999999999,1733.6,,1094.8,,
,,,,,,723.9,1946.8,,1129.6,,
,,,,,,662.9,1622.4,,1210.5,,
,,,,,,654.6999999999999,1729.0,,1140.4,,
,,,,,,882.4,2100.8,,1317.5,,
,,,,,,721.0,1587.8000000000002,,1126.3,,
,,,,,,1291.7,2201.4,,1218.0,,
,,,,,,488.9,2180.2000000000003,,1428.8,,
,,,,,,917.9,1476.7,,1417.7,,
,,,,,,902.3,1712.3000000000002,,1746.1,,
,,,,,,927.3,1992.2,,1470.9,,
,,,,,,1234.6,1668.5,,1668.2,,
,,,,,,1262.4,1538.9,,2176.1,,
,,,,,,1031.3000000000002,1536.6,,1776.5,,
,,,,,,1018.4,1405.7,,1672.9,,
,,,,,,1123.0,1730.4,,1602.4,,
,,,,,,,1117.1,,1453.8,,
,,,,,,,1119.5,,1312.8,,
,,,,,,,1143.7,,1408.5,,
,,,,,,,1051.1,,1306.6,,
,,,,,,,2110.8,,1350.4,,
,,,,,,,1286.0,,1235.1,,
,,,,,,,1359.6,,1344.3,,
,,,,,,,1762.1,,1154.7,,
,,,,,,,1416.9,,1283.2,,
,,,,,,,1750.2,,1398.6,,
,,,,,,,1321.0,,1280.9,,
,,,,,,,1385.5,,1192.6,,
,,,,,,,1355.6,,1306.8000000000002,,
,,,,,,,1445.2,,1258.5,,
,,,,,,,1554.1,,1512.1,,
,,,,,,,1487.0,,1730.8000000000002,,
,,,,,,,1148.3,,1610.5,,
,,,,,,,1212.4,,1281.3,,
,,,,,,,1249.7,,1329.0,,
,,,,,,,1074.8,,1346.4,,
,,,,,,,1092.8,,1376.1,,
,,,,,,,1034.6,,1623.8,,
,,,,,,,1041.7,,1276.4,,
,,,,,,,1166.1,,1336.3000000000002,,
,,,,,,,1041.7,,1454.5,,
,,,,,,,1031.7,,1349.9,,
,,,,,,,1173.2,,1099.3,,
,,,,,,,1267.5,,1236.9,,
,,,,,,,1190.9,,1135.8000000000002,,
,,,,,,,1214.1,,1101.5,,
,,,,,,,1052.9,,1265.4,,
,,,,,,,1315.5,,1566.9,,
,,,,,,,1854.4,,1016.7,,
,,,,,,,1372.3000000000002,,1154.8000000000002,,
,,,,,,,1666.6999999999998,,1209.3,,
,,,,,,,1393.6,,1483.5,,
,,,,,,,1364.6,,1167.9,,
,,,,,,,1640.4,,1307.0,,
,,,,,,,1110.1,,1269.2,,
,,,,,,,1379.3000000000002,,1407.5,,
,,,,,,,1609.6,,1279.3000000000002,,
,,,,,,,1072.4,,1209.2,,
,,,,,,,1088.5,,1444.5,,
,,,,,,,1068.2,,1263.9,,
,,,,,,,1100.6,,1311.4,,
,,,,,,,1066.0,,1132.9,,
,,,,,,,1173.6,,1162.4,,
,,,,,,,1602.6,,1197.9,,
,,,,,,,1609.3000000000002,,1126.1,,
,,,,,,,1102.2,,1739.4,,
,,,,,,,1521.5,,1457.1,,
,,,,,,,1649.6,,1024.0,,
,,,,,,,1719.8,,1306.7,,
,,,,,,,1365.4,,1111.1,,
,,,,,,,1590.8000000000002,,1451.3000000000002,,
,,,,,,,1227.2,,1662.3000000000002,,
,,,,,,,1305.5,,1533.2,,
,,,,,,,1726.4,,1582.8,,
,,,,,,,1829.5,,1268.8,,
,,,,,,,1184.1,,1244.7,,
,,,,,,,1597.0,,1613.4,,
,,,,,,,1136.3,,1513.1,,
,,,,,,,1279.6,,1388.9,,
,,,,,,,1751.7,,1487.4,,
,,,,,,,1645.9,,1798.0,,
,,,,,,,1667.9,,1561.6,,
,,,,,,,1646.8,,1418.2,,
,,,,,,,1231.1,,1360.1,,
,,,,,,,1292.2,,1558.3000000000002,,
,,,,,,,1146.9,,1265.9,,
,,,,,,,1144.3000000000002,,1301.1,,
,,,,,,,1360.8,,1414.2,,
,,,,,,,1327.5,,1424.4,,
,,,,,,,1114.9,,1408.6,,
,,,,,,,1297.6,,1474.2,,
,,,,,,,1238.3,,1579.9,,
,,,,,,,1982.4,,1424.3000000000002,,
,,,,,,,1831.7,,1578.3,,
,,,,,,,1314.0,,1417.4,,
,,,,,,,1956.0,,1548.3000000000002,,
,,,,,,,1884.8,,1547.9,,
,,,,,,,1654.7,,1565.1,,
,,,,,,,1870.5,,1490.8000000000002,,
,,,,,,,1284.9,,1522.8000000000002,,
,,,,,,,1307.2,,1484.9,,
,,,,,,,1668.2,,1530.5,,
,,,,,,,1722.0,,1729.0,,
,,,,,,,1700.8000000000002,,1477.7,,
,,,,,,,1374.4,,1242.5,,
,,,,,,,1718.8,,1701.5,,
,,,,,,,3106.8,,1388.1,,
,,,,,,,1701.8,,1295.1,,
,,,,,,,1810.0,,1405.5,,
,,,,,,,1908.2,,1502.7,,
,,,,,,,1513.4,,1441.8,,
,,,,,,,1538.9,,1534.3000000000002,,
,,,,,,,1417.1,,1368.9,,
,,,,,,,1480.2,,1381.5,,
,,,,,,,1716.0,,1388.0,,
,,,,,,,1538.0,,1441.5,,
,,,,,,,1832.7,,1274.7,,
,,,,,,,1888.5,,2171.7000000000003,,
,,,,,,,1956.2,,1329.9,,
,,,,,,,1285.0,,1359.3000000000002,,
,,,,,,,1816.9,,1541.3000000000002,,
,,,,,,,1049.3000000000002,,1609.7,,
,,,,,,,1198.6,,1715.8000000000002,,
,,,,,,,1185.9,,3163.1,,
,,,,,,,1235.3000000000002,,1531.7,,
,,,,,,,1697.3,,1408.6,,
,,,,,,,1949.9,,1432.9,,
,,,,,,,1253.0,,1694.2,,
,,,,,,,1672.7,,1485.9,,
,,,,,,,1822.4,,1513.7,,
,,,,,,,1890.5,,1318.3000000000002,,
,,,,,,,1467.8,,1440.0,,
,,,,,,,1506.5,,1475.3000000000002,,
,,,,,,,1671.5,,1430.4,,
,,,,,,,1511.6,,1502.1,,
,,,,,,,1597.8,,1284.8000000000002,,
,,,,,,,1865.2,,1417.8,,
,,,,,,,1560.2,,1406.0,,
,,,,,,,1595.9,,1393.5,,
,,,,,,,1848.0,,1433.7,,
,,,,,,,1722.8,,1898.3,,
,,,,,,,1617.3,,1331.8,,
,,,,,,,1762.8000000000002,,1495.5,,
,,,,,,,1784.9,,1355.4,,
,,,,,,,1388.1,,1330.5,,
,,,,,,,1304.4,,1283.3000000000002,,
,,,,,,,1787.9,,1595.3000000000002,,
,,,,,,,1510.1,,1358.5,,
,,,,,,,1306.6,,2319.6,,
,,,,,,,1678.5,,1747.6,,
,,,,,,,1920.6,,1656.2,,
,,,,,,,1983.6,,1846.1,,
,,,,,,,1969.3,,1937.2,,
,,,,,,,1238.8,,1809.6,,
,,,,,,,1878.3,,1820.2,,
,,,,,,,1882.6,,1558.2,,
,,,,,,,1693.9,,1668.9,,
,,,,,,,1907.6,,1900.8,,
,,,,,,,1933.8,,1433.5,,
,,,,,,,1209.6,,1322.0,,
,,,,,,,1858.0,,1533.1,,
,,,,,,,1836.3,,1266.1,,
,,,,,,,1972.5,,1181.1,,
,,,,,,,1953.4,,1400.3,,
,,,,,,,1396.0,,1856.9,,
,,,,,,,1359.1,,1299.8000000000002,,
,,,,,,,2074.0,,1364.2,,
,,,,,,,1487.5,,1438.5,,
,,,,,,,1842.8,,1205.4,,
,,,,,,,1641.7,,1416.5,,
,,,,,,,2034.7,,1165.7,,
,,,,,,,1331.0,,2037.1,,
,,,,,,,2046.5,,2039.4,,
,,,,,,,1351.6,,1327.8,,
,,,,,,,1770.8000000000002,,1307.7,,
,,,,,,,1871.6,,1513.8000000000002,,
,,,,,,,1654.0,,1317.5,,
,,,,,,,1620.6,,1288.0,,
,,,,,,,1166.0,,1421.9,,
,,,,,,,1612.0,,1503.3000000000002,,
,,,,,,,1298.0,,1830.9,,
,,,,,,,1227.7,,1925.9,,
,,,,,,,1179.4,,1745.7,,
,,,,,,,1552.1,,1364.1,,
,,,,,,,1304.7,,1167.2,,
,,,,,,,1767.7,,1624.9,,
,,,,,,,1300.6,,1667.8000000000002,,
,,,,,,,1432.5,,1173.4,,
,,,,,,,1324.0,,1234.4,,
,,,,,,,1288.8000000000002,,1503.8000000000002,,
,,,,,,,1175.6,,1382.9,,
,,,,,,,1127.6,,1476.0,,
,,,,,,,1217.0,,1309.1,,
,,,,,,,1761.6,,1487.2,,
,,,,,,,1374.7,,1269.0,,
,,,,,,,1306.4,,1220.9,,
,,,,,,,1945.3,,1215.3000000000002,,
,,,,,,,1761.6,,1216.2,,
,,,,,,,1943.2,,1094.4,,
,,,,,,,2073.6,,1258.9,,
,,,,,,,1813.9,,1259.2,,
,,,,,,,1875.9,,1369.4,,
,,,,,,,1884.9,,1389.5,,
,,,,,,,1923.3,,1368.0,,
,,,,,,,1908.8,,1183.1,,
,,,,,,,1936.2,,1329.3,,
,,,,,,,2096.9,,1228.7,,
,,,,,,,1955.0,,1363.4,,
,,,,,,,1963.5,,1422.7,,
,,,,,,,1825.5,,1345.7,,
,,,,,,,2142.0,,1342.9,,
,,,,,,,1808.4,,1368.3,,
,,,,,,,1844.5,,1389.3000000000002,,
,,,,,,,1790.1,,1309.1,,
,,,,,,,1732.1,,1412.5,,
,,,,,,,1908.2,,1381.2,,
,,,,,,,1983.2,,1463.7,,
,,,,,,,1999.1,,1430.7,,
,,,,,,,1816.4,,1057.1,,
,,,,,,,1776.9,,1296.9,,
,,,,,,,1792.8000000000002,,1298.5,,
,,,,,,,1923.0,,1402.3,,
,,,,,,,1804.0,,1187.7,,
,,,,,,,1859.5,,1478.4,,
,,,,,,,1960.7,,1400.4,,
,,,,,,,1903.5,,1312.4,,
,,,,,,,1815.8,,1347.2,,
,,,,,,,1858.0,,1461.7,,
,,,,,,,1738.9,,1207.2,,
,,,,,,,1148.1,,1426.9,,
,,,,,,,1946.1,,1160.8,,
,,,,,,,1193.1,,1118.9,,
,,,,,,,1276.9,,1072.1,,
,,,,,,,1410.2,,1316.7,,
,,,,,,,1379.6,,1141.8,,
,,,,,,,1732.0,,1111.0,,
,,,,,,,1216.1,,1324.4,,
,,,,,,,1197.6,,1318.7,,
,,,,,,,1858.4,,1198.0,,
,,,,,,,1765.8,,1283.2,,
,,,,,,,1825.5,,1388.8,,
,,,,,,,1648.0,,1688.0,,
,,,,,,,1146.4,,1619.1,,
,,,,,,,1175.4,,1491.8000000000002,,
,,,,,,,1149.8,,1293.2,,
,,,,,,,1234.8,,1384.7,,
,,,,,,,1126.3000000000002,,1266.4,,
,,,,,,,1228.8,,1078.7,,
,,,,,,,1158.3,,1175.9,,
,,,,,,,1135.1,,1292.3000000000002,,
,,,,,,,1307.4,,1326.4,,
,,,,,,,1612.1,,1314.9,,
,,,,,,,1352.8000000000002,,1145.4,,
,,,,,,,1635.1,,1158.5,,
,,,,,,,1142.1,,1158.5,,
,,,,,,,1711.5,,1410.9,,
,,,,,,,1431.6999999999998,,1122.3,,
,,,,,,,1287.1,,1598.5,,
,,,,,,,1118.2,,1210.3,,
,,,,,,,1706.2,,1469.9,,
,,,,,,,1744.1,,1315.0,,
,,,,,,,1420.8000000000002,,1260.1,,
,,,,,,,2178.1,,1380.7,,
,,,,,,,1520.1,,1407.9,,
,,,,,,,1560.5,,1364.3000000000002,,
,,,,,,,1782.2,,1560.2,,
,,,,,,,1589.3,,1392.5,,
,,,,,,,1580.6,,1282.0,,
,,,,,,,2330.5,,1315.0,,
,,,,,,,1594.3000000000002,,1415.0,,
,,,,,,,1910.9,,1390.3000000000002,,
,,,,,,,1636.4,,1403.8,,
,,,,,,,1751.1,,1447.5,,
,,,,,,,1681.9,,1386.4,,
,,,,,,,1581.4,,1453.3,,
,,,,,,,1652.0,,1444.2,,
,,,,,,,2095.8,,1391.0,,
,,,,,,,1861.1,,1805.1,,
,,,,,,,1899.6,,1390.8,,
,,,,,,,2180.9,,1411.1,,
,,,,,,,1757.5,,1397.3,,
,,,,,,,1821.9,,1372.4,,
,,,,,,,2051.4,,1399.5,,
,,,,,,,1774.3000000000002,,1381.8000000000002,,
,,,,,,,1949.6,,1314.9,,
,,,,,,,2192.1,,1282.6999999999998,,
,,,,,,,2299.5,,1515.7,,
,,,,,,,1978.1,,1490.2,,
,,,,,,,2081.8,,1325.4,,
,,,,,,,2147.7,,1541.2,,
,,,,,,,2187.9,,1358.2,,
,,,,,,,1824.9,,1471.5,,
,,,,,,,1799.0,,1315.9,,
,,,,,,,1600.7,,1464.0,,
,,,,,,,1544.6,,1540.4,,
,,,,,,,1478.6,,1616.1,,
,,,,,,,1306.8000000000002,,1574.4,,
,,,,,,,1226.8000000000002,,1363.4,,
,,,,,,,1418.5,,1224.3,,
,,,,,,,1292.7,,1370.9,,
,,,,,,,,,1353.3000000000002,,
,,,,,,,,,1362.2,,
,,,,,,,,,1411.5,,
,,,,,,,,,1394.5,,
,,,,,,,,,1474.9,,
,,,,,,,,,1492.0,,
,,,,,,,,,1668.1,,
,,,,,,,,,1518.6,,
,,,,,,,,,1586.1,,
,,,,,,,,,1698.6,,
,,,,,,,,,1469.2,,
,,,,,,,,,1764.0,,
,,,,,,,,,1680.1,,
,,,,,,,,,1477.5,,
,,,,,,,,,1678.1,,
,,,,,,,,,1616.7,,
,,,,,,,,,1404.8000000000002,,
,,,,,,,,,1313.8000000000002,,
,,,,,,,,,1934.9,,
,,,,,,,,,1584.4,,
,,,,,,,,,1526.8,,
,,,,,,,,,1576.4,,
,,,,,,,,,1664.5,,
,,,,,,,,,1587.9,,
,,,,,,,,,1287.7,,
,,,,,,,,,1152.0,,
,,,,,,,,,1578.9,,
,,,,,,,,,1668.2,,
,,,,,,,,,1586.9,,
,,,,,,,,,1512.8000000000002,,
,,,,,,,,,1544.1,,
,,,,,,,,,1721.7,,
,,,,,,,,,1684.3000000000002,,
,,,,,,,,,1531.7,,
,,,,,,,,,1580.2,,
,,,,,,,,,1619.6,,
,,,,,,,,,1629.8000000000002,,
,,,,,,,,,1763.7,,
,,,,,,,,,1459.6,,
,,,,,,,,,1441.5,,
,,,,,,,,,1821.1,,
,,,,,,,,,1757.3000000000002,,
,,,,,,,,,1434.6,,
,,,,,,,,,1661.4,,
,,,,,,,,,1793.6,,
,,,,,,,,,1468.2,,
,,,,,,,,,1895.3,,
,,,,,,,,,1810.5,,
,,,,,,,,,1453.7,,
,,,,,,,,,1652.9,,
,,,,,,,,,1457.8000000000002,,
,,,,,,,,,1606.9,,
,,,,,,,,,1465.6,,
,,,,,,,,,1774.2,,
,,,,,,,,,1356.0,,
,,,,,,,,,1891.0,,
,,,,,,,,,2063.9,,
,,,,,,,,,1987.2,,
,,,,,,,,,1901.3,,
,,,,,,,,,1946.6,,
,,,,,,,,,1988.2,,
,,,,,,,,,1917.4,,
,,,,,,,,,1956.5,,
,,,,,,,,,2005.5,,
,,,,,,,,,1976.0,,
,,,,,,,,,1764.3000000000002,,
,,,,,,,,,1869.7,,
,,,,,,,,,1761.1,,
,,,,,,,,,1669.0,,
,,,,,,,,,1605.8,,
,,,,,,,,,1497.3,,
,,,,,,,,,1659.3000000000002,,
,,,,,,,,,1876.4,,
,,,,,,,,,1754.8000000000002,,
,,,,,,,,,1690.4,,
,,,,,,,,,1566.0,,
,,,,,,,,,1696.8,,
,,,,,,,,,1772.6,,
,,,,,,,,,1566.9,,
,,,,,,,,,1633.1,,
,,,,,,,,,1455.2,,
,,,,,,,,,2047.8,,
,,,,,,,,,1381.6,,
,,,,,,,,,1374.8000000000002,,
,,,,,,,,,1701.7,,
,,,,,,,,,1925.4,,
,,,,,,,,,1738.6,,
,,,,,,,,,1918.9,,
,,,,,,,,,1854.2,,
,,,,,,,,,1816.4,,
,,,,,,,,,1886.7,,
,,,,,,,,,1634.2,,
,,,,,,,,,1566.7,,
,,,,,,,,,1727.4,,
,,,,,,,,,1804.1,,
,,,,,,,,,1713.9,,
,,,,,,,,,1773.0,,
,,,,,,,,,2141.2000000000003,,
,,,,,,,,,1518.2,,
,,,,,,,,,1743.6,,
,,,,,,,,,1727.5,,
,,,,,,,,,1542.1,,
,,,,,,,,,1783.2,,
,,,,,,,,,1323.4,,
,,,,,,,,,1226.4,,
,,,,,,,,,1417.1,,
,,,,,,,,,1582.2,,
,,,,,,,,,1707.9,,
,,,,,,,,,1694.3000000000002,,
,,,,,,,,,1610.2,,
,,,,,,,,,1514.3000000000002,,
,,,,,,,,,1724.5,,
,,,,,,,,,1928.0,,
,,,,,,,,,1793.2,,
,,,,,,,,,1598.5,,
,,,,,,,,,1530.5,,
,,,,,,,,,1695.5,,
,,,,,,,,,2188.7000000000003,,
,,,,,,,,,1876.1,,
,,,,,,,,,2080.7000000000003,,
,,,,,,,,,1881.3,,
,,,,,,,,,2204.3,,
,,,,,,,,,2159.6,,
,,,,,,,,,1854.5,,
,,,,,,,,,2047.3,,
,,,,,,,,,1969.8,,
,,,,,,,,,1899.3,,
,,,,,,,,,1975.4,,
,,,,,,,,,1951.9,,
,,,,,,,,,1887.2,,
,,,,,,,,,1964.7,,
,,,,,,,,,1819.3,,
,,,,,,,,,1745.1999999999998,,
,,,,,,,,,1906.8,,
,,,,,,,,,1780.2,,
,,,,,,,,,1762.6,,
,,,,,,,,,2127.3,,
,,,,,,,,,1939.9,,
,,,,,,,,,1525.4,,
,,,,,,,,,1736.5,,
,,,,,,,,,1773.0,,
,,,,,,,,,1814.0,,
,,,,,,,,,2249.9,,
,,,,,,,,,2014.2,,
,,,,,,,,,1695.0,,
,,,,,,,,,1690.7,,
,,,,,,,,,1685.1,,
,,,,,,,,,1640.3,,
,,,,,,,,,1775.4,,
,,,,,,,,,1820.6,,
,,,,,,,,,1835.6,,
,,,,,,,,,1911.6,,
,,,,,,,,,2029.8,,
,,,,,,,,,2094.4,,
,,,,,,,,,1714.6,,
,,,,,,,,,1920.3,,
,,,,,,,,,1841.8,,
,,,,,,,,,1811.8,,
,,,,,,,,,1808.2,,
,,,,,,,,,1890.3,,
,,,,,,,,,2026.3,,
,,,,,,,,,2081.7000000000003,,
,,,,,,,,,1720.1,,
,,,,,,,,,1832.8,,
,,,,,,,,,1810.8,,
,,,,,,,,,1761.4,,
,,,,,,,,,1897.5,,
,,,,,,,,,1537.5,,
,,,,,,,,,1625.3,,
,,,,,,,,,1772.6,,
,,,,,,,,,1658.8000000000002,,
,,,,,,,,,1543.7,,
,,,,,,,,,1729.1,,
,,,,,,,,,1566.5,,
,,,,,,,,,1551.3000000000002,,
,,,,,,,,,1644.4,,
,,,,,,,,,1579.7,,
,,,,,,,,,1970.6,,
,,,,,,,,,1812.0,,
,,,,,,,,,2021.5,,
,,,,,,,,,2020.2,,
,,,,,,,,,1735.8,,
,,,,,,,,,1824.0,,
,,,,,,,,,1758.1,,
,,,,,,,,,1617.9,,
,,,,,,,,,1712.3000000000002,,
,,,,,,,,,1798.0,,
,,,,,,,,,1737.8,,
,,,,,,,,,2044.0,,
,,,,,,,,,2306.5,,
,,,,,,,,,2407.4,,
,,,,,,,,,1972.3,,
,,,,,,,,,1572.3,,
,,,,,,,,,1723.9,,
,,,,,,,,,2045.8,,
,,,,,,,,,2055.7000000000003,,
,,,,,,,,,1828.4,,
,,,,,,,,,2079.4,,
,,,,,,,,,2316.6,,
,,,,,,,,,1958.8,,
,,,,,,,,,1773.0,,
,,,,,,,,,1623.9,,
,,,,,,,,,1920.7,,
,,,,,,,,,1938.5,,
,,,,,,,,,2008.3,,
,,,,,,,,,2052.0,,
,,,,,,,,,1915.1,,
,,,,,,,,,1946.5,,
,,,,,,,,,1785.1,,
,,,,,,,,,1905.2,,
,,,,,,,,,1950.7,,
,,,,,,,,,1621.9,,
,,,,,,,,,1601.4,,
,,,,,,,,,1956.2,,
,,,,,,,,,2093.7000000000003,,
,,,,,,,,,2023.0,,
,,,,,,,,,2041.0,,
,,,,,,,,,2026.9,,
,,,,,,,,,2307.5,,
,,,,,,,,,2056.2000000000003,,
,,,,,,,,,2051.1000000000004,,
,,,,,,,,,2044.1,,
,,,,,,,,,2084.6,,
,,,,,,,,,2033.7,,
,,,,,,,,,2056.3,,
,,,,,,,,,2018.0,,
,,,,,,,,,1992.7,,
,,,,,,,,,2075.3,,
,,,,,,,,,2037.5,,
,,,,,,,,,2042.9,,
,,,,,,,,,2039.4,,
,,,,,,,,,1896.9,,
,,,,,,,,,2265.9,,
,,,,,,,,,1837.6,,
,,,,,,,,,1782.0,,
,,,,,,,,,2012.0,,
,,,,,,,,,1522.8,,
,,,,,,,,,1718.1,,
,,,,,,,,,1463.0,,
,,,,,,,,,1653.7,,
,,,,,,,,,1442.6,,
,,,,,,,,,1620.1,,
,,,,,,,,,1733.1,,
,,,,,,,,,1853.6,,
,,,,,,,,,1726.3,,
,,,,,,,,,1998.1,,
,,,,,,,,,2203.2,,
,,,,,,,,,1823.1,,
,,,,,,,,,1718.4,,
,,,,,,,,,1947.6,,
,,,,,,,,,1919.5,,
,,,,,,,,,1821.7,,
,,,,,,,,,1757.5,,
,,,,,,,,,1849.3,,
,,,,,,,,,1738.1,,
,,,,,,,,,1770.8000000000002,,
,,,,,,,,,1748.6,,
,,,,,,,,,1753.0,,
,,,,,,,,,1521.1,,
,,,,,,,,,1603.4,,
,,,,,,,,,1465.8,,
,,,,,,,,,1568.8000000000002,,
,,,,,,,,,1801.4,,
,,,,,,,,,1768.9,,
,,,,,,,,,1653.5,,
,,,,,,,,,1605.1,,
,,,,,,,,,1543.7,,
,,,,,,,,,1526.1,,
,,,,,,,,,1581.6,,
,,,,,,,,,1661.4,,
,,,,,,,,,1599.5,,
,,,,,,,,,1569.3,,
,,,,,,,,,1614.8,,
,,,,,,,,,1606.0,,
,,,,,,,,,1714.6,,
,,,,,,,,,1451.0,,
,,,,,,,,,1859.0,,
,,,,,,,,,1528.5,,
,,,,,,,,,1543.2,,
,,,,,,,,,1456.7,,
,,,,,,,,,1716.4,,
,,,,,,,,,1764.9,,
,,,,,,,,,1629.1,,
,,,,,,,,,1699.2,,
,,,,,,,,,1622.9,,
,,,,,,,,,1897.4,,
,,,,,,,,,1728.8,,
,,,,,,,,,2054.9,,
,,,,,,,,,1970.4,,
,,,,,,,,,1590.2,,
,,,,,,,,,1807.7,,
,,,,,,,,,1491.5,,
,,,,,,,,,1815.5,,
,,,,,,,,,2020.8,,
,,,,,,,,,1590.1,,
,,,,,,,,,1893.7,,
,,,,,,,,,1850.7,,
,,,,,,,,,1783.2,,
,,,,,,,,,1667.3,,
,,,,,,,,,1595.1,,
,,,,,,,,,1582.4,,
,,,,,,,,,1584.8,,
,,,,,,,,,1477.5,,
,,,,,,,,,1754.6,,
,,,,,,,,,1882.3,,
,,,,,,,,,1817.2,,
,,,,,,,,,1628.0,,
,,,,,,,,,1966.8,,
,,,,,,,,,1607.6,,
,,,,,,,,,1870.9,,
,,,,,,,,,1870.7,,
,,,,,,,,,1801.5,,
,,,,,,,,,1977.4,,
,,,,,,,,,2041.2,,
,,,,,,,,,1807.6,,
,,,,,,,,,1435.4,,
,,,,,,,,,1664.7,,
,,,,,,,,,2007.1,,
,,,,,,,,,1881.5,,
,,,,,,,,,1542.3000000000002,,
,,,,,,,,,1503.8000000000002,,
,,,,,,,,,1506.8000000000002,,
,,,,,,,,,1522.5,,
,,,,,,,,,1887.4,,
,,,,,,,,,1733.5,,
,,,,,,,,,1417.6,,
,,,,,,,,,1751.9,,
,,,,,,,,,1652.2,,
,,,,,,,,,1705.4,,
,,,,,,,,,1607.7,,
,,,,,,,,,1803.3,,
,,,,,,,,,1845.0,,
,,,,,,,,,1913.9,,
,,,,,,,,,1931.4,,
,,,,,,,,,1858.1,,
,,,,,,,,,1734.7,,
,,,,,,,,,1950.7,,
,,,,,,,,,1877.3,,
,,,,,,,,,1884.1,,
,,,,,,,,,1902.8,,
,,,,,,,,,1805.1,,
,,,,,,,,,1811.6,,
,,,,,,,,,1571.5,,
,,,,,,,,,1669.2,,
,,,,,,,,,1560.8,,
,,,,,,,,,1713.8,,
,,,,,,,,,2081.0,,
,,,,,,,,,1729.1,,
,,,,,,,,,1687.2,,
,,,,,,,,,12092.6,,
,,,,,,,,,17097.600000000002,,
,,,,,,,,,16508.7,,
,,,,,,,,,6616.599999999999,,
,,,,,,,,,8851.8,,
,,,,,,,,,15308.1,,
,,,,,,,,,15917.3,,
,,,,,,,,,15622.8,,
,,,,,,,,,14490.4,,
,,,,,,,,,14273.6,,
,,,,,,,,,4178.8,,
,,,,,,,,,12145.0,,
,,,,,,,,,11757.1,,
,,,,,,,,,11657.4,,
,,,,,,,,,11612.8,,
,,,,,,,,,12235.6,,
,,,,,,,,,11971.1,,
,,,,,,,,,11008.9,,
,,,,,,,,,12420.1,,
,,,,,,,,,12136.6,,
,,,,,,,,,13022.8,,
,,,,,,,,,12581.5,,
,,,,,,,,,6754.5,,
,,,,,,,,,6949.4,,
,,,,,,,,,6672.799999999999,,
,,,,,,,,,5254.799999999999,,
,,,,,,,,,5186.0,,
,,,,,,,,,7370.4,,
,,,,,,,,,6164.1,,
,,,,,,,,,10479.5,,
,,,,,,,,,10778.7,,
,,,,,,,,,10402.5,,
,,,,,,,,,8803.4,,
,,,,,,,,,4666.5,,
,,,,,,,,,9066.1,,
,,,,,,,,,9415.8,,
,,,,,,,,,10851.7,,
,,,,,,,,,10585.7,,
,,,,,,,,,9958.1,,
,,,,,,,,,8928.699999999999,,
,,,,,,,,,9306.1,,
,,,,,,,,,10676.2,,
,,,,,,,,,6019.5,,
,,,,,,,,,12936.6,,
,,,,,,,,,4094.8,,
,,,,,,,,,12710.6,,
,,,,,,,,,1551.6,,
,,,,,,,,,1443.2,,
,,,,,,,,,4341.2,,
,,,,,,,,,1467.5,,
,,,,,,,,,1515.7,,
,,,,,,,,,1442.1,,
,,,,,,,,,1427.2,,
,,,,,,,,,1493.8,,
,,,,,,,,,2484.7,,
,,,,,,,,,1531.9,,
,,,,,,,,,1765.4,,
,,,,,,,,,1865.8,,
,,,,,,,,,1927.7,,
,,,,,,,,,1652.2,,
,,,,,,,,,1583.1,,
,,,,,,,,,1787.7,,
,,,,,,,,,2087.5,,
,,,,,,,,,1823.7,,
,,,,,,,,,1490.2,,
,,,,,,,,,1892.4,,
,,,,,,,,,1655.6,,
,,,,,,,,,1539.0,,
,,,,,,,,,2044.1,,
,,,,,,,,,1580.4,,
,,,,,,,,,2071.2000000000003,,
,,,,,,,,,2085.5,,
,,,,,,,,,1947.8,,
,,,,,,,,,1680.3000000000002,,
,,,,,,,,,1892.6,,
,,,,,,,,,1686.8,,
,,,,,,,,,1535.4,,
,,,,,,,,,1879.8,,
,,,,,,,,,1660.6,,
,,,,,,,,,1780.8,,
,,,,,,,,,1565.8,,
,,,,,,,,,1930.1,,
,,,,,,,,,1729.4,,
,,,,,,,,,1871.0,,
,,,,,,,,,1890.2,,
,,,,,,,,,2175.7000000000003,,
,,,,,,,,,1920.1,,
,,,,,,,,,2097.6,,
,,,,,,,,,2127.0,,
,,,,,,,,,2296.2,,
,,,,,,,,,2055.1,,
,,,,,,,,,1865.6,,
,,,,,,,,,1908.1,,
,,,,,,,,,2028.9,,
,,,,,,,,,1991.1,,
,,,,,,,,,2139.2000000000003,,
,,,,,,,,,1827.4,,
,,,,,,,,,1613.0,,
,,,,,,,,,1791.9,,
,,,,,,,,,2183.1,,
,,,,,,,,,1916.0,,
,,,,,,,,,1978.7,,
,,,,,,,,,1883.8,,
,,,,,,,,,1939.2,,
,,,,,,,,,2154.4,,
,,,,,,,,,2252.8,,
,,,,,,,,,2045.7,,
,,,,,,,,,2186.2000000000003,,
,,,,,,,,,2139.8,,
,,,,,,,,,2044.9,,
,,,,,,,,,1960.3,,
,,,,,,,,,2008.1,,
,,,,,,,,,2328.5,,
,,,,,,,,,2358.2000000000003,,
,,,,,,,,,2219.5,,
,,,,,,,,,2112.1,,
,,,,,,,,,2253.7000000000003,,
,,,,,,,,,2360.9,,
,,,,,,,,,2508.8,,
,,,,,,,,,2189.1,,
,,,,,,,,,2478.8,,
,,,,,,,,,1989.0,,
,,,,,,,,,2499.9,,
,,,,,,,,,2062.8,,
,,,,,,,,,2210.9,,
,,,,,,,,,2012.2,,
,,,,,,,,,1925.9,,
,,,,,,,,,2226.6,,
,,,,,,,,,1888.8,,
,,,,,,,,,2062.0,,
,,,,,,,,,1930.2,,
,,,,,,,,,1968.9,,
,,,,,,,,,2123.8,,
,,,,,,,,,1892.9,,
,,,,,,,,,3877.7,,
,,,,,,,,,1233.2,,
,,,,,,,,,1037.4,,
,,,,,,,,,985.6,,
,,,,,,,,,1235.6,,
,,,,,,,,,1148.3000000000002,,
,,,,,,,,,974.4,,
,,,,,,,,,2186.3,,
