Duration_Median,Duration_Median.1,Duration_Median.2,Duration_Median.3,Duration_Median.4,Duration_Median.5,Duration_Median.6,Duration_Median.7,Duration_Median.8,Duration_Median.9,Duration_Median.10,Duration_Median
277.7,263.25,222.3,258.15,195.4,290.5,272.54999999999995,258.54999999999995,273.25,393.9,554.7,225.7
196.8,457.05,167.0,256.45,341.95,658.7,366.5,403.7,203.85,530.3,487.0,228.3
296.95000000000005,200.5,111.7,280.0,332.9,577.8,353.15,393.7,319.0,451.9,737.7,396.5
442.2,199.97916666666663,188.65000000000003,438.1,599.75,496.9,304.7,433.1,231.3,373.5,555.95,430.5
576.25,199.4583333333333,265.6,321.4,391.9,372.175,349.1166666666667,418.85,195.2,295.1,520.8,656.5
595.6,198.9375,280.54999999999995,345.95,331.3333333333333,247.45,393.5333333333333,351.1,295.85,791.1,422.075,667.2
541.8,198.41666666666663,261.29999999999995,324.5,270.76666666666665,175.8,437.95,340.8,238.15,760.8266666666667,323.35,674.7
454.2,197.8958333333333,242.05,345.1,210.2,263.6,356.25,363.95,230.9,730.5533333333334,212.9,661.6500000000001
518.75,197.375,222.8,377.2,270.525,265.35,341.125,318.05,223.65,700.28,384.0,657.6
596.9,196.85416666666663,108.65,649.4,330.85,267.1,326.0,280.9,264.675,670.0066666666667,381.85,620.9
411.6,196.3333333333333,149.525,319.7,241.25,353.7,310.875,352.6,305.7,639.7333333333333,300.1,657.9
516.7,195.8125,190.4,259.0,142.0,189.6,295.75,350.15,351.9,609.46,308.45000000000005,658.2
208.7,195.29166666666663,94.4,96.2,142.39999999999998,165.45,321.8,348.4,665.7,579.1866666666667,313.4,658.3
137.7,194.7708333333333,117.3,536.3,139.8,234.0,356.78000000000003,346.3,335.9,548.9133333333334,371.9,620.0
155.25,194.25,96.7,453.0,147.65,269.20000000000005,391.76,346.6,316.15,518.6400000000001,304.9,530.7
191.3,204.4590909090909,106.75714285714284,369.7,155.5,302.45000000000005,426.74,346.7,246.75,488.3666666666667,112.0,530.7
160.15,214.66818181818184,116.81428571428572,210.65,163.35,335.7,461.72,346.3,311.525,458.09333333333336,303.2,529.2
148.1,224.87727272727275,126.87142857142857,327.1,160.95,367.5,496.7,346.1,376.3,427.8200000000001,238.0,531.0
236.1,235.08636363636364,136.92857142857142,255.625,158.55,360.7,504.25,343.0,479.6,397.5466666666667,408.0,515.7
228.7,245.29545454545456,146.98571428571427,184.15,156.15,353.9,511.8,335.1,100.5,367.27333333333337,273.15,527.1
169.35000000000002,255.50454545454545,157.04285714285714,829.85,160.3,400.85,87.1,335.5,43.5,337.0,179.5,534.4
161.1,265.7136363636364,167.1,374.1,196.75,190.0,311.15,343.1,387.2000000000001,300.4,180.8,522.6
218.3,275.9227272727273,184.29,219.0,233.2,497.8,535.2,342.9,413.3,263.8,284.5,516.1
218.2,286.1318181818182,201.48,257.5,269.65000000000003,466.7,473.2000000000001,342.5,377.1,274.31666666666666,178.8,521.4
339.0,296.3409090909091,218.67,356.85,306.1,305.2,411.2,339.3,168.0,284.83333333333337,180.6,530.8
215.9,306.55,235.86,90.0,153.5,327.54999999999995,48.1,343.2,469.85,295.35,178.9,551.2
215.6,477.3,253.05,332.8,188.05,321.06666666666666,377.65,347.6,255.2,305.8666666666667,177.64999999999998,592.6
218.25,463.5289473684211,270.24,251.6,222.9,314.5833333333333,266.0,339.4,305.7,316.3833333333333,364.1,593.6
226.1,449.7578947368421,287.43,256.1,419.2,308.1,388.25,339.5,232.3,326.9,310.4,600.2
143.6,435.9868421052632,304.62,317.2,259.4,313.2,188.5,282.1,299.1,337.4166666666667,391.85,602.7
193.9,422.21578947368425,321.81,172.29999999999998,222.3,336.9,352.4,282.3,605.8,347.93333333333334,311.5,600.6500000000001
219.6,408.44473684210527,339.0,421.35,261.5,288.8,172.3,289.7,220.2,358.45,292.1,604.2
208.5,394.6736842105264,342.9,275.8,132.5,278.2,132.18333333333334,332.2,273.4,368.9666666666667,287.4,661.1
208.0,380.9026315789474,313.8111111111111,286.5,126.9,288.5,92.06666666666668,332.9,312.2,379.48333333333335,213.3,660.45
196.4,367.1315789473685,284.72222222222223,285.7,344.35,255.3,51.95,290.4,311.04999999999995,390.0,138.05,660.3
193.5,353.36052631578946,255.63333333333333,247.6,171.0,248.85,26.025,283.0,235.15,249.05,213.35,592.8
191.3,339.58947368421053,226.5444444444444,320.5,538.6,438.1,0.1,282.5,282.5,108.1,161.14999999999998,607.6
179.6,325.8184210526316,197.45555555555555,352.2,584.7,378.15,58.175,275.05,251.35,146.83999999999995,171.5,620.2
179.7,312.0473684210526,168.36666666666667,326.0,546.3,365.4,116.25,275.1,282.4,185.58,155.0,591.65
175.8,298.2763157894737,139.27777777777777,315.65,562.95,591.2,174.325,282.3,89.3,224.32,217.7,525.1
248.8,284.5052631578948,110.1888888888889,309.75,543.4,642.1,232.4,225.2,314.55,263.05999999999995,159.2,521.8
252.5,270.7342105263158,81.1,313.2,543.9,694.6,290.475,223.05,315.0,301.79999999999995,167.8,518.7
245.1,256.96315789473687,83.85,402.9,543.9,702.4,348.55,283.9,355.7,340.54,137.7,457.3
207.0,243.1921052631579,86.6,301.7,589.2,639.55,334.925,278.2,355.9,379.28,138.45,484.2
252.4,229.42105263157896,89.35,344.29999999999995,583.0,593.2,321.3,286.1,202.15,418.02,227.05,466.6
245.6,215.65,92.1,292.15,643.7,527.95,307.675,7.0,98.3,456.76,221.9,377.3
333.6,218.35,94.85,375.85,586.0,426.1,294.05,312.4,439.9,495.5,223.05,377.0
337.7,221.05,97.6,401.3,581.4,325.2,306.93636363636364,301.1,442.5,427.95,218.15,518.6500000000001
253.1,223.75,100.35,626.6,577.9,335.9,319.82272727272726,190.75,392.3,445.3,137.7,592.8
405.8,226.45,103.1,316.0,579.2,272.75,332.70909090909095,271.7,392.3,588.7,142.3,650.0
409.9,229.15,105.85,279.75,581.1,379.3,345.5954545454546,448.7,165.75,375.3250000000001,147.95,660.6
410.3,231.85,108.6,289.7,581.6,281.4,358.4818181818182,510.2,163.15,161.95000000000002,189.25,660.8
410.2,234.55,111.35,206.0,589.2,367.9,371.3681818181818,298.15,393.05,193.89545454545456,210.7,615.95
413.3,237.25,114.1,374.3,584.7,360.1,384.2545454545455,376.9500000000001,239.05,225.8409090909091,221.6,599.6
414.3,239.95,116.85,487.35,581.7,494.1,397.1409090909091,447.2000000000001,355.9,257.78636363636366,396.5,393.7
395.0,242.65,119.6,502.7,588.5,451.3,410.0272727272728,517.45,335.85,289.7318181818182,229.55,415.9
390.3,245.35,122.35,404.3,585.3,435.5,422.9136363636364,517.3,335.7,321.67727272727274,130.1,412.5
390.1,243.32302631578943,125.1,436.6,588.6,393.0,435.8,503.0,327.6,353.6227272727273,86.0,384.7
383.0,241.29605263157893,127.85,430.0,595.9,387.7,423.7583333333333,437.8,142.6,385.5681818181818,227.5,383.6
337.2,239.26907894736843,130.6,433.7,581.6,336.4,411.7166666666667,276.0,235.2,417.5136363636364,228.2,412.15
337.0,237.2421052631579,137.27777777777777,437.0,577.6,301.9,399.675,280.0,136.35,449.45909090909095,248.7,572.8
329.5,235.21513157894736,143.95555555555555,441.8,578.2,271.1,387.6333333333333,282.55,71.15,481.4045454545454,93.1,523.0
321.9,233.18815789473683,150.63333333333333,475.0,585.6,382.8,375.5916666666667,113.1,107.1,513.35,105.0,481.7
323.1,231.1611842105263,157.3111111111111,465.15,589.1,431.6,363.55,722.2,236.35,671.9,175.2,485.6
279.1,229.13421052631577,163.98888888888888,475.85,647.5,437.3,420.4,671.5999999999999,125.7,527.425,130.0,407.3
316.8,227.10723684210527,170.66666666666666,470.5,649.9,487.65,301.4,721.7,392.05,382.95,329.1,476.9
338.2,225.0802631578948,177.34444444444443,515.4,651.8,446.5,302.8,721.55,96.2,403.55,77.45,512.6
405.2,223.0532894736842,184.0222222222222,257.0,592.4,337.45,330.1,702.05,191.475,424.15,318.45,512.8
337.1,221.02631578947367,190.7,204.25,653.3,343.3,340.1,700.6,286.75,444.75,180.55,505.2
190.2,218.9993421052632,263.54999999999995,307.2,653.5,407.0,350.1,699.3,20.35,465.35,180.7,510.2
215.7,216.97236842105264,212.275,301.5,654.1,548.5,639.4,700.55,146.9,471.4500000000001,183.8,569.8
284.35,214.9453947368421,161.0,320.6,654.3,488.4,562.35,703.2,262.7,477.55,184.55,581.5
215.7,212.9184210526316,177.9,316.0,661.9,484.65,485.3,709.4,349.0,386.1,226.3,661.9
274.65,210.89144736842104,176.65,335.5,695.3,482.1,408.25,718.3,240.8,385.1,188.9,720.1
273.7,208.8644736842105,306.7,516.75,695.8,693.3,331.2,707.7,353.0,384.1,339.04999999999995,751.1
269.8,206.8375,132.0,446.0,691.9,677.5,389.4,649.95,194.2,383.1,340.7,718.7
224.4,204.81052631578947,166.78333333333333,382.65,663.1,370.8,447.6,652.2,231.0,382.1,167.5,751.1
205.2,202.7835526315789,201.56666666666663,557.6500000000001,653.4,359.5,541.3,661.2,231.6,513.85,165.75,751.1
201.7,200.7565789473684,236.35,611.5,605.8,387.8,500.6,664.7,243.3,325.6,334.75,722.9
199.7,198.72960526315788,81.2,315.20000000000005,580.3,442.0,488.4,591.2,258.5,454.15,425.9500000000001,727.8
201.5,196.7026315789473,105.05,382.6,584.4,445.8,392.65,344.45,261.8,582.7,665.2,729.05
201.5,194.67565789473684,128.9,499.8,584.4,483.7,296.9,404.15,288.0,497.4,311.6,726.5
201.4,192.6486842105263,152.75,489.4,579.8,579.9,361.01666666666665,409.8,268.9,412.1,164.0,726.6
201.4,190.62171052631567,176.60000000000002,562.5,630.3,547.8,425.1333333333333,409.9,262.1,394.65,296.05,729.3
202.1,188.59473684210525,200.45000000000005,557.05,647.8,409.35,489.25,412.3,261.9,355.2,630.5,726.05
202.1,186.56776315789472,224.3,528.1500000000001,651.7,432.7,485.15,415.3,211.3,313.65,597.1,725.2
202.0,184.54078947368416,211.26,490.2,652.0,303.3,481.05,415.4,220.1,272.1,638.7,726.3
219.4,182.51381578947368,198.22,451.4,650.3,622.05,476.9500000000001,419.4,226.4,348.20000000000005,43.9,726.6
219.5,180.48684210526315,185.18,439.5,571.5,343.1,472.85,457.7,236.8,424.3,226.95,726.2
219.5,178.45986842105262,172.14,350.7,571.5,416.3,396.41,468.7,205.2,512.9,149.8,726.4
213.2,176.43289473684212,159.10000000000002,323.95000000000005,585.4,466.6,319.97,469.0,223.3,468.97,199.85,726.5
197.4,174.40592105263158,146.06,310.45,585.7,497.6,243.53,469.25,266.3,425.04,249.9,726.4
197.4,172.37894736842105,133.02,281.05,544.3,443.0,167.08999999999995,438.1,270.7,381.11,186.85,726.3
140.8,170.35197368421052,119.98,288.45,542.7,701.9,90.65,420.3,306.1,337.18,186.96666666666667,725.75
120.05,168.325,106.94,249.55,578.1,443.3,121.075,413.2,321.9,293.25,187.0833333333333,665.6
154.8,166.29802631578946,93.9,507.0,588.1,383.8,151.5,417.0,368.5,311.534375,187.2,658.5
154.5,164.27105263157893,80.31666666666668,387.0,590.3,692.9,181.925,416.2,372.0,329.81875,225.6125,658.5
154.6,162.2440789473684,66.73333333333333,373.25,593.7,696.5,212.35,421.3,372.4,348.103125,264.025,662.4
149.4,160.2171052631579,53.150000000000006,,617.8,696.5,242.775,452.75,326.4,366.3875,302.4375,640.5999999999999
70.9,158.19013157894736,39.56666666666667,,665.0,502.6,273.2,421.2,326.5,384.671875,340.85,603.9
322.3,156.16315789473683,25.98333333333333,,597.4,495.8,307.4,470.1,326.5,402.95625,351.925,659.0
174.3,154.13618421052632,12.4,,591.8,528.25,341.6,470.4,322.8,421.240625,363.0,665.9
175.7,152.1092105263158,67.63333333333333,,599.1,283.9,379.0,470.5,281.3,439.525,428.6,662.75
159.9,150.08223684210526,122.86666666666666,,573.4,283.8,416.4,499.6,339.7,457.809375,411.2000000000001,662.2
222.05,148.05526315789473,178.1,,558.4,284.1,453.8,553.65,294.8,476.09375,393.8,662.4
153.9,146.0282894736842,305.65,,565.6,284.2,558.9,519.9,294.7,494.378125,241.05,501.6
91.7,144.0013157894737,322.39166666666665,,604.7,284.5,386.5,515.3499999999999,295.0,512.6624999999999,335.5,662.5
172.8,141.97434210526313,339.1333333333333,,608.7,284.7,394.2,519.1,235.6,530.946875,529.4,662.95
142.9,139.94736842105263,355.875,,609.8,284.7,397.85,520.1,159.7,549.2312499999999,321.4,665.8
146.0,137.9203947368421,372.6166666666667,,612.4,272.1,401.5,432.05,77.7,567.515625,337.7,665.6
174.2,135.89342105263157,389.35833333333335,,618.0,272.1,405.15,368.5,289.5,585.8,339.20000000000005,589.9
177.7,133.86644736842106,406.1,,620.4,275.7,408.8,261.1,351.35,226.4,339.45000000000005,662.5
177.9,131.83947368421053,409.15,,620.6,396.3,412.45,227.9,362.8,246.24444444444444,347.9,662.6
178.1,129.8125,413.0,,620.3,480.95,416.1,175.0,342.0,266.0888888888889,302.65,516.7
181.2,127.78552631578948,171.35000000000002,,616.4,490.8,419.75,181.5,338.3,285.93333333333334,302.1,509.6
188.9,125.75855263157894,171.5,,601.2,437.05,423.4,217.45,342.5,305.77777777777777,310.9,513.3
192.5,123.7315789473684,192.0,,608.6,498.0,427.05,174.25,104.6,325.62222222222226,318.3,721.1
231.3,121.70460526315787,309.0,,608.4,498.2,430.7,148.3,63.8,345.4666666666667,325.7,500.0
231.6,119.67763157894736,46.25,,602.8,498.0,434.35,442.05,78.1,365.31111111111113,332.0,506.45
238.2,117.65065789473684,160.56666666666666,,602.8,497.8,438.0,487.6,62.4,385.1555555555556,208.95,496.5
236.0,115.6236842105263,274.8833333333333,,600.9,497.9,441.65,521.4,99.0,405.0,323.3,513.3
236.4,113.59671052631576,389.2,,604.8,494.6,445.3,525.4,101.3,397.25,251.9,535.1
240.1,111.56973684210524,230.4,,608.1,498.4,448.95,525.9,105.9,389.5,203.6,535.2
261.5,109.54276315789474,136.925,,608.2,501.9,452.6,526.75,101.1,378.53333333333336,177.2,535.4
247.6,107.5157894736842,43.45,,576.7,297.9,456.25,528.6,101.4,367.56666666666666,214.7,535.3
261.5,105.48881578947368,45.8,,549.1,586.6,459.9,528.9,574.3,356.6,247.7,531.7
288.2,103.46184210526314,103.0,,485.8,586.7,463.55,528.8,578.6,230.2,280.7,527.3
261.0,101.4348684210526,133.33333333333334,,513.9,586.9,467.2,528.5,578.25,163.0,571.0,509.6
218.5,99.40789473684212,163.66666666666666,,537.9,587.1,470.85,524.9,574.7,104.85,392.55,505.85
218.6,97.38092105263158,194.0,,492.85,590.8,474.5,499.9,153.7,294.35,190.1,505.9
218.9,95.35394736842105,222.45,,450.7,594.4,478.15,478.4,126.35,61.2,537.75,509.6
219.1,93.32697368421051,250.9,,348.15,532.2,481.8,502.7,538.7,169.15,446.2,496.5
221.6,91.3,279.35,,,563.3499999999999,485.45,506.7,582.1,221.2,381.75,496.5
210.0,229.7,307.8,,,542.9,507.98,582.2,436.05,275.4,142.3,499.5
82.5,368.1,336.25,,,594.8,530.51,640.7,339.5,275.4,231.1,499.7
156.7,504.6,364.7,,,594.9,553.04,646.25,265.1,268.7,179.5,499.8
179.45,350.35,492.35,,,594.7,575.57,667.0,190.7,228.5,143.85,499.8
241.75,196.1,401.025,,,591.2,598.1,687.2,581.9,203.1,92.6,551.6
335.4,182.12857142857143,309.70000000000005,,,546.5,600.4454545454546,683.3,584.45,219.025,131.6,500.0
330.85,168.15714285714284,218.375,,,539.6,602.7909090909092,700.3,586.35,234.95,25.55,500.0
275.29999999999995,154.18571428571428,127.05,,,543.5,605.1363636363636,715.25,552.5,156.60000000000002,208.7,489.65
331.9,140.21428571428572,150.85000000000002,,,531.2,607.4818181818182,755.4,193.2,233.75,475.2,351.8
761.8499999999999,126.24285714285712,1.9,,,549.8,609.8272727272728,759.3,200.15,233.9,301.5,344.1
336.4,112.27142857142856,120.1,,,553.4,612.1727272727273,764.4,529.4,271.95,198.5,361.45
345.9,98.3,147.6,,,543.0,614.5181818181818,784.1,381.7,268.7,166.60000000000002,365.3
225.45,84.32857142857142,175.1,,,533.6,616.8636363636364,723.6,553.8,251.0,81.25,414.0
328.45,70.35714285714285,304.3833333333333,,,590.7,619.209090909091,750.7,559.7,246.7,357.65,507.2
160.6,56.38571428571427,433.6666666666666,,,594.5,621.5545454545455,749.5,563.25,243.0,437.05,523.75
160.75,42.41428571428571,562.95,,,511.6,623.9000000000001,751.9,573.1,243.05,195.95,542.7
160.9,28.44285714285715,97.9,,,500.2,626.2454545454545,752.7,534.95,243.1,265.8,377.3
361.4,14.47142857142856,83.5,,,495.9,628.5909090909091,754.25,569.6,270.8,226.0,501.5
141.7,0.5,80.7,,,502.8,630.9363636363637,755.2,291.5,236.2,273.5,520.5
134.5,3.1160714285714284,77.89999999999999,,,503.0,633.2818181818183,754.3,274.5,177.29999999999998,197.95,550.2
116.1,5.732142857142857,75.1,,,536.9,635.6272727272727,752.7,349.0,265.65,122.4,550.3
116.3,8.348214285714285,120.85,,,507.2,637.9727272727273,752.9,337.725,253.525,268.85,453.1
116.1,10.964285714285714,237.875,,,507.2,640.3181818181819,751.2,326.45,241.4,415.3,375.85
116.6,13.580357142857142,354.9,,,508.6,642.6636363636364,749.1,315.17499999999995,289.4,266.5,485.5
116.5,16.19642857142857,322.63,,,503.6,645.0090909090909,742.5,303.9,260.95,249.8,547.2
116.8,18.8125,290.36,,,503.5,647.3545454545455,704.35,331.15,286.1,405.5,554.3
170.4,21.428571428571427,258.09,,,503.5,649.7,668.05,358.4,347.4,325.7,560.4
170.4,24.04464285714285,225.82,,,502.85,600.95,649.8,358.4,128.4,205.7,554.3
167.1,26.660714285714285,193.55,,,499.2,552.2,644.0,341.45,129.85,240.75,550.6
151.9,29.27678571428571,169.8,,,499.2,503.4500000000001,656.05,324.5,214.0,360.1,546.5
152.0,31.89285714285714,53.5,,,499.1,454.7000000000001,663.2,307.55,135.7,412.8,530.7
148.5,34.50892857142857,0.3,,,499.1,405.9500000000001,666.4,290.6,278.65,510.3,531.6
148.6,37.125,51.25,,,499.75,357.2,666.7,297.4125,253.26666666666665,520.8,513.3
151.6,39.74107142857142,28.6,,,499.1,308.45,666.5,304.225,227.88333333333333,518.8,487.2000000000001
152.0,42.35714285714285,92.0,,,500.8,270.08,666.9,311.0375,202.5,548.6,512.9
152.1,44.973214285714285,95.4,,,499.1,231.71,670.25,317.85,329.1,548.45,509.7
152.4,47.58928571428571,103.4,,,498.0,193.34,623.35,381.1,366.9,517.3,518.3
152.0,50.20535714285714,126.75,,,499.3,154.97,544.0,168.25,404.7000000000001,518.4,519.4
152.3,52.82142857142857,150.1,,,499.5,116.6,544.0,165.9,442.5,536.3,520.0
155.7,55.43749999999999,76.75,,,499.4,113.8111111111111,548.1,267.0,480.3,536.4,518.5
152.5,58.05357142857142,33.1,,,499.4,111.0222222222222,551.6500000000001,166.0,346.4,552.5,518.9
166.6,60.66964285714285,385.45,,,499.6,108.23333333333332,583.1,213.15,243.3,548.6,514.0
157.25,63.28571428571428,33.349999999999994,,,503.7,105.44444444444444,583.1,200.1,254.0,548.3,446.0
152.4,65.90178571428571,40.5,,,503.7,102.65555555555557,624.1,200.0,201.6,552.1,413.4
152.3,68.51785714285714,70.71666666666665,,,503.4,99.86666666666666,610.8,166.7,344.05,552.4,428.0
208.9,71.13392857142857,100.93333333333332,,,503.2,97.07777777777775,624.3,164.8,246.4,552.3,436.4
152.1,73.75,131.14999999999998,,,502.6,94.28888888888888,587.9,166.9,258.25,552.2,488.35
148.4,60.875,182.6,,,499.8,91.5,619.65,213.0,288.6,551.8,512.5
140.25,48.0,9.3,,,499.3,88.71111111111111,588.0,199.3,388.95,551.3,516.6
151.1,95.85,26.525,,,499.5,85.92222222222222,588.2,199.2,327.7,534.4,516.6
135.3,143.7,43.75,,,499.8,83.13333333333333,588.2,199.3,244.4,551.3,516.9
135.3,141.1375,53.0625,,,499.0,80.34444444444443,588.3,175.1,184.0,550.9,518.1500000000001
135.4,138.575,62.375,,,499.0,77.55555555555554,588.3,183.7,369.2,552.6,518.8
167.8,136.0125,71.6875,,,495.7,74.76666666666667,618.95,200.25,209.25,553.8,520.7
168.0,133.45,81.0,,,498.9,71.97777777777777,591.1,183.8,229.725,551.5,520.7
213.9,130.8875,76.5,,,498.5,69.18888888888888,588.1,183.7,250.2,540.1,521.0
230.85,128.325,143.10000000000002,,,,66.4,587.95,183.9,244.8,550.7,521.1
225.15,125.7625,291.8,,,,63.61111111111111,588.1,224.7,344.8,487.05,521.1
284.0,123.2,276.20000000000005,,,,60.82222222222222,591.1,224.8,342.8,482.8,528.5
344.6,120.6375,260.6,,,,58.03333333333333,607.7,229.9,296.6,513.5,565.7
394.0,118.075,198.7,,,,55.24444444444444,608.1,224.8,342.8,510.8,545.9
287.45,115.5125,360.25,,,,52.45555555555555,610.6500000000001,225.0,342.9,556.3,525.4
386.7,112.95,310.6625,,,,49.66666666666666,610.7,225.0,342.9,552.9,542.95
401.8,110.3875,261.075,,,,46.87777777777778,608.2,266.7,346.3,513.7,485.7
428.6,107.825,211.4875,,,,44.08888888888889,608.1,261.6,342.8,482.45,460.5
270.45,105.2625,161.9,,,,41.3,608.2,230.2,343.3,475.2,484.45
202.6,102.7,166.50833333333333,,,,133.7,611.4,230.1,342.9,506.5,492.4
197.15,135.2,171.11666666666667,,,,226.1,611.4,261.7,342.6,507.0,516.1
189.3,135.27727272727273,175.72500000000002,,,,318.5,611.7,261.6,289.7,499.4,519.8
122.25,135.35454545454544,180.3333333333333,,,,379.1,611.7,267.0,289.8,486.4,520.2
140.0,135.4318181818182,184.94166666666663,,,,128.95,647.8,230.2,290.7,525.4,539.7
132.3,135.5090909090909,189.55,,,,174.8,611.7,230.0,290.6,559.4,601.75
203.8,135.58636363636364,49.75,,,,179.7,639.3,223.8,290.8,422.5,601.6
132.4,135.66363636363636,57.59,,,,396.95,648.2,229.9,290.6,431.6,570.0
132.5,135.7409090909091,65.42999999999999,,,,492.6,651.7,230.0,290.7,427.8,602.4
191.5,135.8181818181818,73.27,,,,305.9,651.6,230.2,290.9,451.75,584.0
191.1,135.89545454545456,81.10999999999999,,,,531.4,648.0,223.8,290.9,534.5,592.4
208.1,135.97272727272727,88.94999999999999,,,,552.9,648.3,218.7,290.9,507.5,551.6500000000001
211.3,136.05,96.79,,,,550.8499999999999,651.6,218.7,290.9,444.5,559.75
211.6,242.4,104.63,,,,864.5,684.65,218.7,291.1,439.3,544.4
211.6,348.75,112.46999999999998,,,,3.95,651.9,218.8,291.1,500.0,544.2
211.7,438.4,120.31,,,,6.8,651.9,218.5,291.0,520.25,551.3499999999999
213.4,383.1,128.14999999999998,,,,700.65,652.0,201.3,291.1,500.4,547.9
283.0,164.0,267.325,,,,547.45,652.0,218.5,292.65,516.75,548.3
280.0,213.0,406.5,,,,471.75,652.0,201.3,294.4,504.0,548.1
290.2,262.0,300.0,,,,434.8,652.0,271.5,297.7,457.6,547.2
290.4,311.0,193.5,,,,576.0,652.1500000000001,222.4,298.1,466.45,535.6
290.6,312.45,137.55,,,,477.9,652.8,222.5,301.4,407.5,513.9
294.1,133.6,138.4,,,,381.2,655.1,222.4,301.4,,510.8
294.2,194.75,135.45,,,,482.9,655.3,222.4,304.9,,464.2
298.2,255.9,247.45,,,,555.2,655.4,218.8,344.1,,479.8
297.8,285.4,97.0,,,,478.0,655.5,218.9,344.3,,477.2
295.9,257.9,143.15,,,,516.95,655.5,218.9,289.9,,466.1
298.3,165.3,163.6,,,,481.5,655.5,219.1,95.2,,449.35
298.4,133.5,144.7,,,,219.4,655.5,223.8,462.15,,457.8
294.7,80.6,181.9,,,,427.6,655.6,218.9,282.7,,466.0
294.5,91.65,160.5,,,,414.4,655.6,218.9,286.5,,465.8
294.5,80.25,119.8,,,,474.8,655.5,218.8,289.7,,467.5
294.8,167.975,79.10000000000001,,,,470.5,655.7,218.8,289.75,,464.6
294.9,255.7,38.4,,,,459.5,655.6,218.8,289.8,,463.8
295.1,70.7,93.6,,,,448.5,655.7,218.9,289.9,,443.1
294.9,302.9,540.7,,,,437.5,655.8,218.9,291.15,,442.1
245.6,282.0,67.7,,,,426.5,655.8,218.8,291.0,,427.8
245.8,236.7,80.35,,,,415.5,655.8,218.6,286.6,,448.7000000000001
246.0,820.85,238.9,,,,404.5,655.8,218.6,289.8,,460.1
246.1,158.3,299.15,,,,393.5,655.8,218.5,289.9,,469.25
246.1,184.4,253.35,,,,382.5,655.7,218.8,293.4,,476.4
287.7,34.2,445.15,,,,371.5,655.7,218.6,297.85,,497.0
246.3,124.6,636.95,,,,360.5,655.7,218.8,298.4,,508.3
287.7,215.0,261.70000000000005,,,,395.025,655.6,219.0,298.0,,513.4
287.9,305.40000000000003,185.9,,,,429.55,655.7,218.8,301.4,,510.1
242.4,395.8,187.2,,,,464.0750000000001,655.7,218.9,305.2,,510.3
242.5,150.15,150.6,,,,498.6,655.6,218.9,301.7,,510.3
235.4,270.7,192.25,,,,478.2666666666667,655.7,248.7,298.1,,510.4
212.7,208.7,167.8,,,,457.9333333333333,655.8,248.9,301.6,,380.8
155.6,26.6,363.1,,,,437.6,655.8,249.0,305.4,,379.0
156.1,84.0,329.1,,,,440.05,655.8,249.0,344.7,,379.1
156.9,129.6,144.6,,,,442.5,658.7,249.0,344.4,,379.2
163.0,270.15,31.05,,,,439.3,658.4,259.3,344.5,,383.2
167.25,410.7,39.5,,,,441.1,678.7,260.9,344.5,,418.75
165.9,11.7,463.2,,,,441.3,678.8,260.5,344.5,,391.5
222.8,134.0,186.0,,,,441.5,678.9,249.1,344.6,,379.5
234.4,256.3,291.8,,,,433.8,678.95,252.3,404.5,,352.54999999999995
232.3,255.35,366.1,,,,405.73333333333335,678.9,379.0,404.5,,354.0
194.8,259.4,470.1,,,,377.6666666666667,679.0,260.8,404.6,,361.0
195.4,22.8,290.5,,,,349.6,679.1,260.7,404.6,,376.35
197.65,85.69999999999999,232.0,,,,372.45,679.2,259.0,404.5,,385.45
204.6,245.8,355.4,,,,383.7166666666666,682.4,252.6,404.5,,386.1
208.5,239.3,405.35,,,,394.98333333333335,717.05,260.6,404.5,,386.3
232.3,232.8,292.6,,,,406.25,767.3,252.6,404.7,,426.0
243.4,226.3,353.25,,,,417.51666666666665,740.0,254.2,408.1,,386.0
263.6,157.1,396.3,,,,428.7833333333333,793.7,260.7,404.8,,388.5
263.55,321.20000000000005,332.3,,,,440.05,795.3,259.15,408.2,,389.6
293.1,267.90000000000003,346.9,,,,451.31666666666666,792.7,254.2,404.7,,433.0
297.0,214.6,,,,,462.5833333333333,783.2,261.0,408.1,,433.1
304.3,85.2,,,,,473.85,752.7,252.7,408.2,,432.6
305.8,260.5,,,,,485.1166666666667,694.9,252.6,408.3,,433.3
302.2,81.95,,,,,496.3833333333333,696.6,287.5,397.6,,473.4
287.6,23.4,,,,,507.65,794.0,252.6,404.6,,469.9
283.8,4.2,,,,,488.28125,715.1,252.5,404.6,,469.85
208.0,78.0,,,,,468.9125,794.7,534.6,404.6,,494.1
210.8,201.6,,,,,449.54375,791.5,252.5,404.8,,508.2
210.7,48.2,,,,,430.175,790.4,252.4,408.3,,494.5
209.9,63.7,,,,,410.80625,795.9,252.3,408.4,,437.3
208.1,30.7,,,,,391.4375,801.9,252.6,454.2,,423.4
208.2,151.05,,,,,372.06875,818.2,320.9,408.4,,405.6
211.2,199.5,,,,,352.7,818.0,327.9,408.5,,399.0
272.9,168.0,,,,,349.0,800.55,534.8,457.9,,410.25
273.1,32.1,,,,,345.4,818.0,338.4,454.3,,399.3
283.8,233.1,,,,,178.35,818.2,252.8,457.8,,398.9
283.20000000000005,173.4,,,,,325.475,821.9,252.7,458.0,,398.8
283.75,84.6,,,,,472.6,818.0,274.5,458.1,,414.5
259.7,90.7,,,,,363.9,798.7,504.1,457.8,,584.8
202.2,96.3,,,,,255.2,818.1,252.9,454.4,,475.55
202.5,179.75,,,,,356.79999999999995,818.2,261.1,454.4,,482.75
245.2,224.3,,,,,323.55,818.3,534.8,457.8,,612.8
263.7,227.8,,,,,359.6333333333333,818.1,380.7,457.8,,589.1
263.9,,,,,,395.7166666666667,818.2,506.1,457.9,,495.75
275.9,,,,,,431.8,818.2,294.0,458.0,,491.6
281.85,,,,,,310.04999999999995,818.5,293.9,507.2,,511.8
314.5,,,,,,331.3,818.05,536.9,514.5,,548.0
296.1,,,,,,435.2,808.75,535.1,514.5,,555.7
292.5,,,,,,471.6,793.0,535.0,514.6,,554.6
237.2,,,,,,387.2,789.75,535.0,514.5,,548.55
236.7,,,,,,557.1500000000001,799.6,294.0,514.5,,560.4
323.2,,,,,,304.65,795.5,294.05,458.2,,558.1
205.1,,,,,,250.95,808.9,297.8,458.0,,562.55
233.3,,,,,,473.1,822.2,297.8,458.0,,565.5
211.6,,,,,,454.8,814.9,298.0,510.8,,565.7
229.7,,,,,,416.1,821.9,297.8,459.9,,575.8
312.0,,,,,,420.1,822.2,297.9,514.4,,594.9
303.0,,,,,,315.35,811.05,298.0,514.5,,613.8
,,,,,,288.45,822.1,297.9,555.05,,612.1500000000001
,,,,,,312.5,799.0,297.9,359.0,,614.3
,,,,,,491.2,803.0,298.0,539.0,,591.3499999999999
,,,,,,396.6,795.2,298.1,355.5,,581.9
,,,,,,302.0,810.95,298.1,355.6,,565.4
,,,,,,432.6,808.6,298.2,355.65,,559.4
,,,,,,441.3,805.4,358.5,458.0,,555.1
,,,,,,441.0,805.6500000000001,507.9,458.1,,554.8
,,,,,,444.2,821.3499999999999,504.35,458.1,,557.5
,,,,,,440.0,806.9,298.1,458.3,,561.25
,,,,,,381.95,791.4,298.0,458.3,,561.2
,,,,,,341.2333333333333,802.95,298.1,510.8,,561.8
,,,,,,300.51666666666665,798.7,298.1,458.2,,564.9
,,,,,,259.8,800.0,298.1,461.5,,566.0
,,,,,,347.2,799.3,386.9,510.8,,577.4
,,,,,,303.15,801.9,506.0,514.5,,576.7
,,,,,,259.1,804.6500000000001,533.5,514.5,,593.35
,,,,,,319.95000000000005,792.9,537.0,514.5,,613.2
,,,,,,380.8,794.75,507.9,518.0,,616.5
,,,,,,747.15,795.3,298.1,514.7,,618.6
,,,,,,695.05,791.95,298.1,517.9,,618.6
,,,,,,579.6125,792.1,499.5,514.7,,615.3
,,,,,,464.175,791.5,358.4,518.0,,635.6
,,,,,,348.7375,791.7,533.5,517.9,,635.4
,,,,,,233.3,785.0,358.4,518.0,,618.4
,,,,,,299.75,776.5,358.3,518.0,,663.8
,,,,,,248.3,788.7,358.4,518.0,,631.1
,,,,,,233.2,761.4,358.4,517.9,,621.8
,,,,,,295.1,757.9,358.5,517.9,,627.0
,,,,,,299.1,757.8,506.1,514.5,,631.4
,,,,,,298.8,757.8,361.4,514.6,,631.05
,,,,,,303.55,757.7,361.4,514.7,,678.6
,,,,,,302.4,757.7,529.5,518.1,,720.2
,,,,,,302.5,757.7,529.4,518.1,,725.9
,,,,,,299.1,757.6,365.15,518.0,,726.3
,,,,,,302.3,754.1,529.2,518.2,,748.8
,,,,,,302.5,754.1,529.2,518.2,,740.6
,,,,,,302.6,754.0,365.2,514.7,,
,,,,,,302.4,754.0,365.0,514.7,,
,,,,,,305.9,754.2,365.2,518.1,,
,,,,,,302.5,757.7,511.0,518.2,,
,,,,,,302.4,754.0,387.4500000000001,518.4,,
,,,,,,302.2,754.2,365.2,518.5,,
,,,,,,302.5,754.0,365.3,518.5,,
,,,,,,303.3,757.6,361.8,518.4,,
,,,,,,303.4,760.0,365.0,521.6,,
,,,,,,309.9,759.4000000000001,365.0,518.5,,
,,,,,,309.7,757.6,365.3,513.2,,
,,,,,,305.9,757.8,365.4,458.15,,
,,,,,,310.6,788.3,365.5,509.1,,
,,,,,,309.9,754.1,365.5,514.5,,
,,,,,,310.45,752.9,365.4,518.2,,
,,,,,,310.7,757.9,365.5,514.8,,
,,,,,,309.85,757.25,365.6,514.6,,
,,,,,,310.6,757.5,365.7,514.8,,
,,,,,,309.7,753.7,365.8,518.2,,
,,,,,,309.7,719.0,365.5,518.3,,
,,,,,,309.7,729.7,365.4,518.4,,
,,,,,,310.7,718.7,365.4,518.4,,
,,,,,,310.6,718.7,365.5,518.3,,
,,,,,,310.9,718.7,365.4,518.4,,
,,,,,,310.7,718.4,365.5,518.3,,
,,,,,,310.9,718.8,365.6,518.4,,
,,,,,,311.0,715.3,365.5,518.5,,
,,,,,,320.0,718.8,365.5,518.2,,
,,,,,,326.3,718.7,365.6,518.2,,
,,,,,,364.2,719.0,365.6,518.2,,
,,,,,,363.1,753.7,365.7,518.1,,
,,,,,,359.7,753.5,365.6,518.2,,
,,,,,,363.1,754.8,365.6,518.1,,
,,,,,,359.7,763.55,365.6,518.2,,
,,,,,,359.6,760.3,418.7,518.1,,
,,,,,,359.4,754.7,418.6,518.2,,
,,,,,,356.0,754.1,418.7,518.3,,
,,,,,,362.8,757.25,418.8,518.3,,
,,,,,,359.2,765.0,418.7,518.3,,
,,,,,,355.7,756.5,418.6,518.2,,
,,,,,,370.3,753.8,418.7,518.3,,
,,,,,,369.9,753.8,418.6,518.3,,
,,,,,,382.9,753.9,365.6,518.3,,
,,,,,,374.55,753.6500000000001,365.5,518.3,,
,,,,,,425.15,718.9,365.6,518.4,,
,,,,,,423.25,715.1,419.0,518.3,,
,,,,,,371.825,699.4,418.9,518.2,,
,,,,,,320.4,732.8,418.9,518.2,,
,,,,,,288.5,751.45,419.0,518.2,,
,,,,,,374.8,704.5,419.15,518.2,,
,,,,,,707.6,707.8,418.8,518.3,,
,,,,,,374.55,707.9,365.5,518.2,,
,,,,,,313.1,700.5,365.4,518.2,,
,,,,,,347.7,718.9,365.4,518.3,,
,,,,,,273.5,701.0,365.3,518.2,,
,,,,,,244.55,702.1,362.4,514.8,,
,,,,,,409.4,704.0,362.4,518.2,,
,,,,,,383.2,696.2,362.3,374.7,,
,,,,,,324.0,700.6,362.3,373.65,,
,,,,,,221.8,703.4,362.3,371.5,,
,,,,,,222.0,698.1,362.3,368.5,,
,,,,,,138.6,700.6,362.3,372.3,,
,,,,,,62.1,700.6,362.2,376.95,,
,,,,,,0.6,701.05,362.3,372.7,,
,,,,,,2.9,702.9,362.2,371.3,,
,,,,,,2.8,696.2,362.3,374.0,,
,,,,,,2.9,696.95,362.3,386.1,,
,,,,,,3.0,700.8499999999999,362.3,380.2,,
,,,,,,3.2,699.8,357.9,518.2,,
,,,,,,3.2,695.5,362.0,518.5,,
,,,,,,332.6,696.0,358.4,549.55,,
,,,,,,405.2,695.5,317.0,518.2,,
,,,,,,404.5,698.6500000000001,317.0,464.45,,
,,,,,,404.4,692.6,317.0,518.3,,
,,,,,,405.6,696.05,358.8,517.15,,
,,,,,,405.4,694.95,358.8,551.9,,
,,,,,,404.6,700.05,358.8,561.2,,
,,,,,,404.5,718.8,358.6,551.5,,
,,,,,,404.5,715.2,358.7,518.3,,
,,,,,,404.4,718.9,358.9,518.1,,
,,,,,,404.5,692.2,358.8,518.2,,
,,,,,,404.4,695.6,358.6,521.4,,
,,,,,,404.6,695.7,358.7,518.2,,
,,,,,,404.5,695.5,358.6,518.3,,
,,,,,,404.6,694.6,358.5,518.2,,
,,,,,,404.6,665.3,358.5,521.5,,
,,,,,,404.5,642.2,358.5,434.95,,
,,,,,,377.2,544.1,258.9,521.8,,
,,,,,,372.7,618.5,458.9,521.8,,
,,,,,,369.5,604.0,337.1,525.05,,
,,,,,,372.5,665.3,257.4,550.25,,
,,,,,,372.7,618.7,257.2,521.8,,
,,,,,,371.9,699.15,250.9,553.8,,
,,,,,,414.2,699.9,250.5,560.0,,
,,,,,,414.5,718.5,411.4,555.45,,
,,,,,,414.3,700.1,425.9,521.8,,
,,,,,,414.4,719.2,419.4,521.75,,
,,,,,,415.0,719.45,448.1,521.7,,
,,,,,,467.4,722.6,465.35,521.6,,
,,,,,,515.3499999999999,695.3499999999999,508.25,521.8,,
,,,,,,414.7,750.1,467.2,521.7,,
,,,,,,518.5,719.2,458.0,521.8,,
,,,,,,518.4,719.3,446.65,521.3,,
,,,,,,512.25,743.15,319.25,518.4,,
,,,,,,410.75,748.6,161.45,518.2,,
,,,,,,511.1,722.55,364.8,518.1,,
,,,,,,392.45,719.3499999999999,352.65,386.8,,
,,,,,,392.4,616.0,360.4,518.1,,
,,,,,,260.65,639.8,385.2,518.2,,
,,,,,,388.9,603.45,566.3,521.3,,
,,,,,,392.0,601.1,665.0,518.1,,
,,,,,,391.6,584.7,,518.1,,
,,,,,,392.4,556.5,,508.05,,
,,,,,,496.7,602.0,,518.1,,
,,,,,,514.3,548.7,,521.4,,
,,,,,,514.5,552.8,,521.9,,
,,,,,,514.3,611.55,,566.5,,
,,,,,,529.1,584.7,,521.6,,
,,,,,,296.5,609.8,,521.6,,
,,,,,,522.0,691.6,,521.7,,
,,,,,,518.4,687.2,,522.05,,
,,,,,,417.8,603.1,,521.5,,
,,,,,,418.15,609.9,,518.2,,
,,,,,,417.0,662.1,,518.1,,
,,,,,,413.25,561.1,,518.3,,
,,,,,,396.5,560.05,,518.1,,
,,,,,,319.45000000000005,655.7,,514.4,,
,,,,,,459.7,661.3499999999999,,410.5,,
,,,,,,451.8,661.9,,465.4,,
,,,,,,417.1,561.45,,465.2,,
,,,,,,518.2,613.5,,518.1,,
,,,,,,518.4,718.75,,516.3,,
,,,,,,490.1,609.5999999999999,,465.2,,
,,,,,,518.4,559.4,,462.0,,
,,,,,,521.5,613.3,,462.0,,
,,,,,,521.2,610.3,,454.7,,
,,,,,,520.8,663.7,,462.1,,
,,,,,,522.1,664.4,,406.5,,
,,,,,,521.7,679.8499999999999,,456.7,,
,,,,,,521.6,691.05,,434.3,,
,,,,,,517.8,719.2,,457.7,,
,,,,,,518.0,687.1,,460.6,,
,,,,,,517.8,615.6,,456.4,,
,,,,,,492.9,613.4,,495.4,,
,,,,,,520.3,661.1,,461.8,,
,,,,,,520.2,611.35,,461.9,,
,,,,,,518.1500000000001,611.55,,460.2,,
,,,,,,530.2,615.6,,462.0,,
,,,,,,526.8,616.45,,465.2,,
,,,,,,587.8,616.0,,525.9,,
,,,,,,517.9,612.9,,465.2,,
,,,,,,516.4,619.1,,461.75,,
,,,,,,516.9,616.1,,458.0,,
,,,,,,517.1,616.1,,458.3,,
,,,,,,517.1,619.2,,458.2,,
,,,,,,517.1,664.5,,461.5,,
,,,,,,516.8,664.6,,461.8,,
,,,,,,513.9,661.9,,461.8,,
,,,,,,513.9,619.3,,461.8,,
,,,,,,514.5,718.8,,514.5,,
,,,,,,518.2,664.9,,518.0,,
,,,,,,521.5,665.4,,514.4,,
,,,,,,542.2,664.7,,518.0,,
,,,,,,521.2,690.8,,518.1,,
,,,,,,542.4,668.1,,518.1,,
,,,,,,537.5,668.4,,521.5,,
,,,,,,525.8,668.6,,518.2,,
,,,,,,543.3499999999999,718.5,,521.8,,
,,,,,,539.25,715.3,,559.0,,
,,,,,,543.3,706.1,,565.9,,
,,,,,,542.8,718.7,,563.95,,
,,,,,,541.6,718.1,,559.4,,
,,,,,,543.3,719.0,,522.0,,
,,,,,,546.3,719.0,,522.1,,
,,,,,,542.4,718.25,,518.2,,
,,,,,,539.3,721.2,,514.6,,
,,,,,,473.3,668.4,,512.8,,
,,,,,,459.2,718.7,,415.55,,
,,,,,,442.3,718.6,,410.8,,
,,,,,,504.2,685.4,,401.8,,
,,,,,,518.1,715.05,,402.5,,
,,,,,,461.75,714.7,,434.2000000000001,,
,,,,,,442.4,689.0,,414.6,,
,,,,,,500.8,668.6,,452.7,,
,,,,,,517.9,685.6,,380.75,,
,,,,,,514.7,671.5,,373.75,,
,,,,,,430.75,668.8,,333.3,,
,,,,,,419.6,685.4,,510.05,,
,,,,,,458.0,714.6,,575.0,,
,,,,,,423.5,685.7,,246.75,,
,,,,,,420.0,711.5999999999999,,177.7,,
,,,,,,420.2,711.2,,177.8,,
,,,,,,411.6,689.2,,206.15,,
,,,,,,370.6,718.55,,208.75,,
,,,,,,370.5,718.8,,253.1,,
,,,,,,412.5,711.8499999999999,,151.5,,
,,,,,,412.8,718.1,,177.9,,
,,,,,,408.8,718.5,,178.0,,
,,,,,,369.0,718.2,,179.6,,
,,,,,,365.1,718.7,,281.1,,
,,,,,,373.8,719.0,,281.1,,
,,,,,,378.5,718.9,,281.1,,
,,,,,,375.4,727.7,,234.1,,
,,,,,,398.6,718.5,,281.2,,
,,,,,,398.1,686.0,,234.3,,
,,,,,,388.3,662.1,,234.7,,
,,,,,,389.0,669.5,,274.7,,
,,,,,,385.0,668.8,,281.2,,
,,,,,,385.4,668.8,,278.2,,
,,,,,,401.5,715.4,,278.6,,
,,,,,,406.9,718.9,,278.4,,
,,,,,,407.2,665.4,,281.7,,
,,,,,,407.1,718.8,,281.8,,
,,,,,,411.2,718.5,,281.9,,
,,,,,,439.65,752.65,,282.2,,
,,,,,,517.4,754.9,,282.3,,
,,,,,,440.0,749.15,,282.4,,
,,,,,,513.7,731.9,,282.4,,
,,,,,,420.4,749.5,,282.5,,
,,,,,,454.4,718.7,,285.25,,
,,,,,,417.4,744.9,,280.9,,
,,,,,,396.35,718.4,,278.65,,
,,,,,,517.6,732.0,,278.8,,
,,,,,,532.2,718.9,,279.1,,
,,,,,,591.6,719.0,,281.1,,
,,,,,,513.95,753.5,,281.1,,
,,,,,,498.8,756.5,,281.2,,
,,,,,,517.8,718.9,,281.2,,
,,,,,,397.6,731.8,,281.2,,
,,,,,,517.7,718.7,,281.3,,
,,,,,,517.6,718.7,,281.2,,
,,,,,,517.5,718.9,,281.3,,
,,,,,,484.0,718.8,,282.4,,
,,,,,,517.6,718.8,,286.3,,
,,,,,,517.5,719.3,,282.7,,
,,,,,,517.7,718.7,,289.4,,
,,,,,,422.9,751.9,,289.7,,
,,,,,,422.15,718.6,,289.6,,
,,,,,,503.0,804.4,,289.6,,
,,,,,,496.5,813.7,,282.5,,
,,,,,,495.7,807.3,,279.1,,
,,,,,,475.15,812.9,,288.1,,
,,,,,,418.2000000000001,813.6,,281.2,,
,,,,,,487.85,771.2,,355.2,,
,,,,,,384.2,816.7,,355.3,,
,,,,,,443.4,813.5,,355.4,,
,,,,,,451.4,813.4,,355.5,,
,,,,,,412.8,813.1,,355.5,,
,,,,,,188.0,775.3,,355.5,,
,,,,,,195.2,753.4,,359.1,,
,,,,,,381.2,767.3,,359.2,,
,,,,,,362.4,813.1,,359.3,,
,,,,,,225.9,813.4,,359.3,,
,,,,,,383.4,812.6,,359.3,,
,,,,,,184.6,813.2,,359.3,,
,,,,,,169.45,813.2,,359.3,,
,,,,,,229.0,753.2,,359.3,,
,,,,,,191.35,769.1,,281.8,,
,,,,,,191.6,757.7,,280.9,,
,,,,,,388.8,775.2,,277.3,,
,,,,,,396.0,769.8,,280.8,,
,,,,,,217.1,789.45,,281.8,,
,,,,,,338.65,757.75,,281.9,,
,,,,,,416.45,758.5,,282.0,,
,,,,,,417.1,754.8,,282.2,,
,,,,,,417.1,813.5,,288.1,,
,,,,,,389.2,804.3,,355.1,,
,,,,,,420.5,757.5,,355.2,,
,,,,,,420.6,767.5,,355.3,,
,,,,,,314.95,650.4,,355.3,,
,,,,,,318.65,664.0999999999999,,355.4,,
,,,,,,296.7,703.55,,355.4,,
,,,,,,308.15,753.3,,355.5,,
,,,,,,410.1,703.2,,359.0,,
,,,,,,406.8,716.45,,359.1,,
,,,,,,256.95,644.5,,359.1,,
,,,,,,276.8,755.0,,359.2,,
,,,,,,283.3,754.7,,359.3,,
,,,,,,317.3,753.3,,359.3,,
,,,,,,416.65,753.7,,359.3,,
,,,,,,272.1,749.7,,359.3,,
,,,,,,328.3,715.0,,359.3,,
,,,,,,323.1,623.3499999999999,,359.3,,
,,,,,,223.6,753.6,,359.3,,
,,,,,,417.15,750.7,,359.3,,
,,,,,,410.9,750.8,,359.4,,
,,,,,,304.6,749.7,,359.4,,
,,,,,,422.0,810.7,,359.4,,
,,,,,,588.8,750.9,,359.2,,
,,,,,,462.3,753.6500000000001,,359.3,,
,,,,,,523.4,758.9000000000001,,359.3,,
,,,,,,527.6,813.5,,359.2,,
,,,,,,527.2,813.7,,359.3,,
,,,,,,524.1,813.5,,359.3,,
,,,,,,527.4,813.6,,359.3,,
,,,,,,464.1,749.4,,359.3,,
,,,,,,452.0,814.05,,359.3,,
,,,,,,448.2,813.1,,359.3,,
,,,,,,449.3,750.5,,359.3,,
,,,,,,520.7,768.6500000000001,,359.4,,
,,,,,,509.1,813.8,,359.4,,
,,,,,,521.4,813.9,,359.5,,
,,,,,,430.6,813.8,,359.5,,
,,,,,,438.9,813.9,,359.5,,
,,,,,,430.6,754.8,,359.6,,
,,,,,,410.3,753.9,,359.5,,
,,,,,,409.8,817.5,,359.5,,
,,,,,,431.2,817.8,,358.5,,
,,,,,,434.7,817.8,,359.4,,
,,,,,,308.7,817.7,,359.4,,
,,,,,,317.0,817.6,,359.4,,
,,,,,,406.3,817.5,,359.4,,
,,,,,,310.55,814.0,,359.4,,
,,,,,,352.95,817.7,,359.4,,
,,,,,,405.9,814.1,,359.4,,
,,,,,,406.3,817.4,,359.5,,
,,,,,,410.1,817.6,,359.5,,
,,,,,,413.1,817.9,,359.5,,
,,,,,,431.9,817.6,,359.6,,
,,,,,,432.0,813.4,,359.6,,
,,,,,,309.85,817.8,,365.7,,
,,,,,,311.4,817.9,,364.5,,
,,,,,,301.3,817.7,,359.7,,
,,,,,,300.9,818.1,,359.6,,
,,,,,,319.1,817.5,,359.5,,
,,,,,,319.7,817.8,,359.4,,
,,,,,,326.5,817.7,,359.3,,
,,,,,,326.6,817.8,,352.1,,
,,,,,,327.0,818.0,,352.4,,
,,,,,,323.5,817.6,,355.4,,
,,,,,,323.4,813.9,,352.5,,
,,,,,,318.1,817.6,,352.4,,
,,,,,,312.2,817.7,,352.4,,
,,,,,,283.5,817.6,,355.95,,
,,,,,,282.4,771.45,,356.1,,
,,,,,,293.4,814.0,,356.2,,
,,,,,,316.75,813.9,,356.5,,
,,,,,,319.1,814.0,,359.3,,
,,,,,,342.1,669.9000000000001,,359.6,,
,,,,,,382.75,636.8,,359.2,,
,,,,,,388.7,633.3,,359.3,,
,,,,,,294.7,649.7,,359.5,,
,,,,,,256.2,731.9,,359.5,,
,,,,,,229.6,701.8,,359.4,,
,,,,,,169.2,636.8,,359.3,,
,,,,,,392.5,610.05,,359.3,,
,,,,,,295.3,705.3,,356.7,,
,,,,,,291.95,726.0,,359.5,,
,,,,,,281.45,732.6,,362.4,,
,,,,,,278.20000000000005,728.7,,359.5,,
,,,,,,285.35,725.8,,359.3,,
,,,,,,154.45,733.3499999999999,,362.3,,
,,,,,,262.6,733.1,,355.7,,
,,,,,,262.6,773.4,,355.6,,
,,,,,,266.25,773.95,,359.15,,
,,,,,,262.7,772.5,,355.8,,
,,,,,,277.8,741.05,,364.4,,
,,,,,,285.79999999999995,736.9000000000001,,355.6,,
,,,,,,295.8,732.7,,337.1,,
,,,,,,278.9,775.0,,337.0,,
,,,,,,258.6,775.4,,336.9,,
,,,,,,255.0,778.4,,336.9,,
,,,,,,254.8,775.6,,340.75,,
,,,,,,242.6,771.6,,364.4,,
,,,,,,182.0,775.7,,342.3,,
,,,,,,260.2,813.9,,357.5,,
,,,,,,166.3,775.8,,364.4,,
,,,,,,180.45,674.45,,364.4,,
,,,,,,302.15,775.2,,396.8,,
,,,,,,424.65,779.4,,397.0,,
,,,,,,311.3,783.6,,397.2,,
,,,,,,217.65,775.5,,400.8,,
,,,,,,267.5,700.8,,397.3,,
,,,,,,263.70000000000005,728.0,,397.1,,
,,,,,,261.25,727.9,,397.2,,
,,,,,,271.1,726.6500000000001,,397.2,,
,,,,,,357.8,706.35,,397.3,,
,,,,,,275.0,700.1,,397.4,,
,,,,,,315.8,714.4,,397.5,,
,,,,,,425.3,782.3,,397.4,,
,,,,,,491.6,812.2,,396.8,,
,,,,,,554.2,782.7,,393.6,,
,,,,,,66.94999999999999,782.3,,393.6,,
,,,,,,278.3,778.95,,397.55,,
,,,,,,278.8,813.2,,402.0,,
,,,,,,278.55,814.0,,393.7,,
,,,,,,282.2,810.4,,393.6,,
,,,,,,282.4,810.3,,404.0,,
,,,,,,290.0,779.5,,450.1,,
,,,,,,290.2,774.3,,412.85,,
,,,,,,281.5,775.2,,417.15,,
,,,,,,259.2,707.2,,376.1,,
,,,,,,258.8,701.2,,364.9,,
,,,,,,251.4,693.7,,356.9,,
,,,,,,258.6,650.9,,440.2,,
,,,,,,271.15,601.5,,340.6,,
,,,,,,,697.4,,336.8,,
,,,,,,,701.6,,336.7,,
,,,,,,,693.5,,401.25,,
,,,,,,,633.2,,477.25,,
,,,,,,,647.0,,354.6,,
,,,,,,,670.4,,359.45,,
,,,,,,,674.2,,360.1,,
,,,,,,,718.0,,334.85,,
,,,,,,,673.8,,337.9,,
,,,,,,,673.8,,370.3,,
,,,,,,,728.1,,375.6,,
,,,,,,,707.5,,390.9,,
,,,,,,,670.0,,413.9,,
,,,,,,,656.4,,476.05,,
,,,,,,,674.0,,373.1,,
,,,,,,,669.7,,329.6,,
,,,,,,,606.1,,326.7,,
,,,,,,,632.75,,390.8,,
,,,,,,,658.8499999999999,,318.95,,
,,,,,,,656.8,,344.35,,
,,,,,,,636.45,,408.2,,
,,,,,,,633.0,,397.05,,
,,,,,,,656.6,,507.25,,
,,,,,,,659.9,,372.25,,
,,,,,,,630.1,,311.5,,
,,,,,,,637.2,,307.6,,
,,,,,,,633.0,,330.1,,
,,,,,,,669.8,,355.8,,
,,,,,,,656.5,,355.8,,
,,,,,,,656.4,,348.65,,
,,,,,,,603.55,,355.9,,
,,,,,,,599.3,,356.0,,
,,,,,,,669.7,,356.1,,
,,,,,,,669.9,,359.6,,
,,,,,,,663.9,,363.1,,
,,,,,,,660.1,,320.6,,
,,,,,,,656.4,,350.2,,
,,,,,,,656.1,,394.1,,
,,,,,,,669.8,,401.3,,
,,,,,,,668.05,,397.6,,
,,,,,,,641.0,,356.4,,
,,,,,,,619.1,,336.6,,
,,,,,,,615.25,,360.1,,
,,,,,,,669.8,,314.55,,
,,,,,,,670.1,,314.6,,
,,,,,,,673.7,,307.5,,
,,,,,,,673.8,,309.75,,
,,,,,,,675.7,,310.8,,
,,,,,,,673.6,,479.0,,
,,,,,,,673.3,,482.5,,
,,,,,,,673.8,,492.65,,
,,,,,,,677.2,,483.75,,
,,,,,,,673.8,,309.9,,
,,,,,,,673.8,,298.5,,
,,,,,,,673.7,,309.4,,
,,,,,,,674.0,,309.6,,
,,,,,,,674.0,,302.1,,
,,,,,,,676.2,,301.1,,
,,,,,,,677.2,,295.3,,
,,,,,,,680.5,,292.4,,
,,,,,,,704.7,,295.9,,
,,,,,,,704.4,,480.0,,
,,,,,,,704.3,,476.95,,
,,,,,,,675.0,,493.8,,
,,,,,,,673.3,,506.4,,
,,,,,,,673.8,,482.25,,
,,,,,,,673.7,,478.9,,
,,,,,,,675.8,,430.4,,
,,,,,,,675.7,,294.35,,
,,,,,,,673.0,,305.1,,
,,,,,,,673.3,,437.5,,
,,,,,,,680.0,,486.2,,
,,,,,,,676.1,,486.8,,
,,,,,,,676.0,,478.5,,
,,,,,,,676.0,,463.0,,
,,,,,,,676.2,,357.8,,
,,,,,,,676.2,,471.9,,
,,,,,,,679.5,,479.7,,
,,,,,,,676.45,,481.8,,
,,,,,,,675.9,,478.1,,
,,,,,,,676.0,,480.2,,
,,,,,,,673.1,,480.2,,
,,,,,,,676.1,,453.6,,
,,,,,,,679.8,,368.2,,
,,,,,,,679.7,,477.2,,
,,,,,,,675.95,,479.4,,
,,,,,,,679.7,,479.6,,
,,,,,,,680.1,,431.05,,
,,,,,,,676.4,,476.95,,
,,,,,,,675.6,,476.9,,
,,,,,,,672.55,,476.9,,
,,,,,,,675.7,,479.6,,
,,,,,,,675.6,,387.9,,
,,,,,,,672.4,,389.5,,
,,,,,,,679.8,,463.6,,
,,,,,,,718.9,,424.3,,
,,,,,,,676.3,,433.9500000000001,,
,,,,,,,680.1,,361.6,,
,,,,,,,676.5,,476.5,,
,,,,,,,673.5,,479.7,,
,,,,,,,676.0,,494.75,,
,,,,,,,715.5,,394.3,,
,,,,,,,774.2,,378.9500000000001,,
,,,,,,,776.4,,360.4,,
,,,,,,,774.7,,520.8,,
,,,,,,,680.1,,524.1,,
,,,,,,,679.6,,524.3,,
,,,,,,,679.8,,481.7,,
,,,,,,,679.7,,528.1,,
,,,,,,,680.0,,504.7,,
,,,,,,,679.5,,497.1,,
,,,,,,,676.4,,479.7,,
,,,,,,,676.7,,479.8,,
,,,,,,,679.5,,481.85,,
,,,,,,,705.7,,498.15,,
,,,,,,,679.8,,496.9,,
,,,,,,,679.8,,455.6,,
,,,,,,,679.9,,391.6,,
,,,,,,,736.05,,392.1,,
,,,,,,,715.3499999999999,,391.5,,
,,,,,,,682.2,,405.25,,
,,,,,,,679.6,,408.7,,
,,,,,,,672.3,,403.5,,
,,,,,,,675.5,,448.6,,
,,,,,,,671.9,,445.8,,
,,,,,,,672.2,,421.9,,
,,,,,,,711.9,,428.1,,
,,,,,,,711.4,,390.4,,
,,,,,,,715.6,,403.2,,
,,,,,,,771.4,,396.9500000000001,,
,,,,,,,672.3,,399.25,,
,,,,,,,776.4,,407.25,,
,,,,,,,776.5,,429.15,,
,,,,,,,776.5,,408.95,,
,,,,,,,776.4,,387.8,,
,,,,,,,776.3,,384.0,,
,,,,,,,772.6,,386.7,,
,,,,,,,773.0,,387.3,,
,,,,,,,773.1,,390.45,,
,,,,,,,773.8,,348.5,,
,,,,,,,776.7,,413.8,,
,,,,,,,772.8,,354.4,,
,,,,,,,776.3,,326.1,,
,,,,,,,779.6,,325.7,,
,,,,,,,780.95,,399.1,,
,,,,,,,779.5,,428.9,,
,,,,,,,776.9,,439.0,,
,,,,,,,807.55,,495.7,,
,,,,,,,779.0,,512.3,,
,,,,,,,679.1,,488.4,,
,,,,,,,675.6,,482.4,,
,,,,,,,675.6,,519.0,,
,,,,,,,682.4,,552.9,,
,,,,,,,774.6,,553.2,,
,,,,,,,776.2,,553.3,,
,,,,,,,682.5,,558.1500000000001,,
,,,,,,,705.7,,501.65,,
,,,,,,,686.4,,545.3499999999999,,
,,,,,,,678.9,,549.2,,
,,,,,,,679.0,,498.5,,
,,,,,,,678.8,,498.3,,
,,,,,,,678.9,,553.1,,
,,,,,,,679.1,,553.0,,
,,,,,,,679.0,,497.6,,
,,,,,,,679.0,,490.6,,
,,,,,,,678.9,,497.5,,
,,,,,,,678.6,,480.8,,
,,,,,,,678.6,,479.9,,
,,,,,,,675.7,,483.7,,
,,,,,,,675.7,,497.2,,
,,,,,,,675.5,,494.6,,
,,,,,,,675.5,,493.7,,
,,,,,,,675.5,,498.3,,
,,,,,,,675.6,,497.2,,
,,,,,,,675.8,,326.3,,
,,,,,,,678.8,,494.7,,
,,,,,,,725.95,,494.6,,
,,,,,,,702.1,,400.85,,
,,,,,,,698.7,,326.1,,
,,,,,,,679.1,,326.0,,
,,,,,,,678.8,,326.0,,
,,,,,,,679.0,,329.2,,
,,,,,,,682.4,,350.4,,
,,,,,,,679.1,,490.9,,
,,,,,,,679.1,,362.5,,
,,,,,,,725.7,,314.4,,
,,,,,,,679.0,,491.1,,
,,,,,,,678.9,,498.4,,
,,,,,,,683.6,,547.1,,
,,,,,,,679.2,,495.0,,
,,,,,,,776.0,,491.0,,
,,,,,,,679.2,,314.2,,
,,,,,,,725.95,,314.0,,
,,,,,,,776.1,,313.9,,
,,,,,,,754.8,,314.0,,
,,,,,,,679.0,,314.4,,
,,,,,,,679.1,,456.1,,
,,,,,,,725.7,,558.0,,
,,,,,,,759.5,,572.2,,
,,,,,,,679.4,,494.9,,
,,,,,,,768.4,,540.0,,
,,,,,,,776.2,,575.05,,
,,,,,,,682.5,,494.9,,
,,,,,,,679.3,,572.1,,
,,,,,,,675.8,,572.0,,
,,,,,,,675.6,,572.1,,
,,,,,,,676.05,,572.1,,
,,,,,,,776.2,,505.3,,
,,,,,,,812.0,,325.4,,
,,,,,,,802.5,,494.2,,
,,,,,,,795.5,,362.6,,
,,,,,,,802.3,,560.05,,
,,,,,,,802.4,,576.95,,
,,,,,,,802.4,,576.4,,
,,,,,,,777.0,,505.1,,
,,,,,,,776.7,,495.4,,
,,,,,,,776.5,,495.3,,
,,,,,,,776.6,,495.4,,
,,,,,,,776.2,,534.1,,
,,,,,,,776.1,,502.0,,
,,,,,,,773.9,,495.4,,
,,,,,,,776.5,,495.4,,
,,,,,,,776.3,,481.2,,
,,,,,,,774.0,,495.1,,
,,,,,,,774.1,,537.8,,
,,,,,,,773.8,,364.65,,
,,,,,,,772.7,,302.7,,
,,,,,,,780.6,,329.9,,
,,,,,,,790.8,,306.75,,
,,,,,,,792.1,,353.5,,
,,,,,,,788.5,,574.05,,
,,,,,,,791.8,,572.3,,
,,,,,,,773.6,,579.6,,
,,,,,,,777.6,,579.9,,
,,,,,,,772.8,,579.9,,
,,,,,,,773.7,,580.1,,
,,,,,,,769.9,,580.0,,
,,,,,,,769.9,,580.1,,
,,,,,,,723.2,,580.1,,
,,,,,,,737.6,,580.1,,
,,,,,,,741.8,,538.4,,
,,,,,,,745.8,,580.3,,
,,,,,,,742.1,,580.3,,
,,,,,,,745.7,,580.2,,
,,,,,,,738.6500000000001,,347.6,,
,,,,,,,722.7,,508.7000000000001,,
,,,,,,,772.6,,525.55,,
,,,,,,,770.0,,354.5,,
,,,,,,,749.1,,331.8,,
,,,,,,,769.6,,580.1,,
,,,,,,,773.6500000000001,,580.4,,
,,,,,,,771.0,,580.2,,
,,,,,,,776.6,,580.1,,
,,,,,,,768.8,,541.3499999999999,,
,,,,,,,723.5,,513.3499999999999,,
,,,,,,,745.4,,513.0,,
,,,,,,,678.2,,515.25,,
,,,,,,,658.3499999999999,,546.2,,
,,,,,,,550.2,,579.8,,
,,,,,,,530.75,,538.2,,
,,,,,,,713.4,,538.0,,
,,,,,,,679.5,,541.6,,
,,,,,,,518.9,,580.0,,
,,,,,,,409.7,,551.4,,
,,,,,,,393.0,,529.0999999999999,,
,,,,,,,413.4500000000001,,511.6,,
,,,,,,,474.35,,347.75,,
,,,,,,,474.0,,507.2000000000001,,
,,,,,,,422.9,,388.4,,
,,,,,,,439.2,,329.5,,
,,,,,,,586.3,,512.05,,
,,,,,,,586.0,,567.3,,
,,,,,,,582.8,,538.7,,
,,,,,,,376.15,,541.6,,
,,,,,,,395.3,,506.05,,
,,,,,,,315.55,,354.3,,
,,,,,,,458.7,,351.20000000000005,,
,,,,,,,515.85,,354.2,,
,,,,,,,571.0,,380.85,,
,,,,,,,568.7,,347.6,,
,,,,,,,626.55,,310.0,,
,,,,,,,430.5,,326.0,,
,,,,,,,483.8,,325.85,,
,,,,,,,582.3499999999999,,347.7,,
,,,,,,,,,347.5,,
,,,,,,,,,347.75,,
,,,,,,,,,347.6,,
,,,,,,,,,351.1,,
,,,,,,,,,347.9,,
,,,,,,,,,347.9,,
,,,,,,,,,346.0,,
,,,,,,,,,322.15,,
,,,,,,,,,486.15,,
,,,,,,,,,496.5,,
,,,,,,,,,496.8,,
,,,,,,,,,502.1,,
,,,,,,,,,502.1,,
,,,,,,,,,502.2,,
,,,,,,,,,502.3,,
,,,,,,,,,391.2,,
,,,,,,,,,514.0,,
,,,,,,,,,418.9,,
,,,,,,,,,541.8,,
,,,,,,,,,415.1,,
,,,,,,,,,532.15,,
,,,,,,,,,415.0,,
,,,,,,,,,515.0,,
,,,,,,,,,418.2,,
,,,,,,,,,475.0,,
,,,,,,,,,413.95,,
,,,,,,,,,411.7,,
,,,,,,,,,414.9,,
,,,,,,,,,414.8,,
,,,,,,,,,415.2,,
,,,,,,,,,415.3,,
,,,,,,,,,417.6,,
,,,,,,,,,415.4,,
,,,,,,,,,417.6,,
,,,,,,,,,418.6,,
,,,,,,,,,418.7,,
,,,,,,,,,418.9,,
,,,,,,,,,418.8,,
,,,,,,,,,424.55,,
,,,,,,,,,420.75,,
,,,,,,,,,418.5,,
,,,,,,,,,419.1,,
,,,,,,,,,418.8,,
,,,,,,,,,517.4,,
,,,,,,,,,461.8,,
,,,,,,,,,421.0,,
,,,,,,,,,418.1,,
,,,,,,,,,418.4,,
,,,,,,,,,473.6,,
,,,,,,,,,425.85,,
,,,,,,,,,481.3,,
,,,,,,,,,506.3,,
,,,,,,,,,485.0,,
,,,,,,,,,514.2,,
,,,,,,,,,517.5,,
,,,,,,,,,516.2,,
,,,,,,,,,478.95,,
,,,,,,,,,513.0,,
,,,,,,,,,517.9,,
,,,,,,,,,505.9,,
,,,,,,,,,481.2,,
,,,,,,,,,422.7,,
,,,,,,,,,421.9,,
,,,,,,,,,418.6,,
,,,,,,,,,418.5,,
,,,,,,,,,420.0,,
,,,,,,,,,422.1,,
,,,,,,,,,418.8,,
,,,,,,,,,418.4,,
,,,,,,,,,425.8,,
,,,,,,,,,422.6,,
,,,,,,,,,466.4500000000001,,
,,,,,,,,,418.7,,
,,,,,,,,,422.4,,
,,,,,,,,,481.8,,
,,,,,,,,,478.7,,
,,,,,,,,,516.45,,
,,,,,,,,,516.5,,
,,,,,,,,,421.4,,
,,,,,,,,,417.2,,
,,,,,,,,,415.2,,
,,,,,,,,,391.0,,
,,,,,,,,,402.6,,
,,,,,,,,,401.5,,
,,,,,,,,,396.2,,
,,,,,,,,,400.0,,
,,,,,,,,,384.6,,
,,,,,,,,,374.3,,
,,,,,,,,,411.8,,
,,,,,,,,,394.9,,
,,,,,,,,,415.6,,
,,,,,,,,,395.7,,
,,,,,,,,,412.5,,
,,,,,,,,,415.2,,
,,,,,,,,,415.8,,
,,,,,,,,,414.55,,
,,,,,,,,,412.7,,
,,,,,,,,,414.9,,
,,,,,,,,,417.7,,
,,,,,,,,,484.7,,
,,,,,,,,,510.2,,
,,,,,,,,,464.1,,
,,,,,,,,,415.0,,
,,,,,,,,,414.9,,
,,,,,,,,,418.7,,
,,,,,,,,,418.5,,
,,,,,,,,,420.0,,
,,,,,,,,,418.7,,
,,,,,,,,,419.8,,
,,,,,,,,,415.25,,
,,,,,,,,,413.8,,
,,,,,,,,,413.3,,
,,,,,,,,,420.3,,
,,,,,,,,,471.45,,
,,,,,,,,,475.9,,
,,,,,,,,,519.9,,
,,,,,,,,,523.7,,
,,,,,,,,,530.6,,
,,,,,,,,,521.7,,
,,,,,,,,,520.8499999999999,,
,,,,,,,,,509.0,,
,,,,,,,,,422.8,,
,,,,,,,,,471.75,,
,,,,,,,,,488.6,,
,,,,,,,,,499.95,,
,,,,,,,,,523.8,,
,,,,,,,,,523.8,,
,,,,,,,,,523.7,,
,,,,,,,,,523.75,,
,,,,,,,,,524.8499999999999,,
,,,,,,,,,546.8,,
,,,,,,,,,566.8,,
,,,,,,,,,563.3,,
,,,,,,,,,523.8,,
,,,,,,,,,516.8499999999999,,
,,,,,,,,,508.5,,
,,,,,,,,,502.4,,
,,,,,,,,,447.3,,
,,,,,,,,,404.1,,
,,,,,,,,,411.0,,
,,,,,,,,,409.9,,
,,,,,,,,,398.1,,
,,,,,,,,,404.1,,
,,,,,,,,,396.9,,
,,,,,,,,,467.1,,
,,,,,,,,,459.1,,
,,,,,,,,,404.3,,
,,,,,,,,,418.5,,
,,,,,,,,,412.4,,
,,,,,,,,,423.8,,
,,,,,,,,,468.85,,
,,,,,,,,,511.45,,
,,,,,,,,,431.5,,
,,,,,,,,,444.2,,
,,,,,,,,,466.3,,
,,,,,,,,,472.05,,
,,,,,,,,,421.1,,
,,,,,,,,,504.9,,
,,,,,,,,,474.0,,
,,,,,,,,,464.4,,
,,,,,,,,,473.8,,
,,,,,,,,,470.85,,
,,,,,,,,,466.65,,
,,,,,,,,,399.3,,
,,,,,,,,,411.9,,
,,,,,,,,,435.3,,
,,,,,,,,,442.85,,
,,,,,,,,,461.45,,
,,,,,,,,,458.1,,
,,,,,,,,,457.9,,
,,,,,,,,,465.65,,
,,,,,,,,,479.6,,
,,,,,,,,,400.7,,
,,,,,,,,,400.8,,
,,,,,,,,,410.05,,
,,,,,,,,,443.6,,
,,,,,,,,,417.2,,
,,,,,,,,,432.85,,
,,,,,,,,,400.7,,
,,,,,,,,,400.7,,
,,,,,,,,,418.35,,
,,,,,,,,,467.55,,
,,,,,,,,,481.95,,
,,,,,,,,,486.1,,
,,,,,,,,,492.35,,
,,,,,,,,,482.75,,
,,,,,,,,,479.1,,
,,,,,,,,,501.5,,
,,,,,,,,,540.9,,
,,,,,,,,,510.0,,
,,,,,,,,,473.25,,
,,,,,,,,,484.1,,
,,,,,,,,,484.0,,
,,,,,,,,,484.4,,
,,,,,,,,,483.65,,
,,,,,,,,,402.6,,
,,,,,,,,,421.6,,
,,,,,,,,,400.9,,
,,,,,,,,,469.4,,
,,,,,,,,,400.9,,
,,,,,,,,,410.7,,
,,,,,,,,,401.1,,
,,,,,,,,,455.5,,
,,,,,,,,,401.2,,
,,,,,,,,,401.1,,
,,,,,,,,,402.9500000000001,,
,,,,,,,,,401.0,,
,,,,,,,,,401.1,,
,,,,,,,,,432.5,,
,,,,,,,,,401.0,,
,,,,,,,,,401.1,,
,,,,,,,,,401.1,,
,,,,,,,,,407.05,,
,,,,,,,,,478.75,,
,,,,,,,,,482.7,,
,,,,,,,,,497.1,,
,,,,,,,,,500.05,,
,,,,,,,,,486.2,,
,,,,,,,,,488.3,,
,,,,,,,,,499.9,,
,,,,,,,,,482.7,,
,,,,,,,,,488.0,,
,,,,,,,,,484.1,,
,,,,,,,,,482.7,,
,,,,,,,,,479.15,,
,,,,,,,,,421.7,,
,,,,,,,,,401.1,,
,,,,,,,,,475.3,,
,,,,,,,,,491.55,,
,,,,,,,,,516.8,,
,,,,,,,,,488.1,,
,,,,,,,,,471.4,,
,,,,,,,,,484.55,,
,,,,,,,,,486.4,,
,,,,,,,,,484.6,,
,,,,,,,,,484.75,,
,,,,,,,,,484.5,,
,,,,,,,,,484.55,,
,,,,,,,,,488.2,,
,,,,,,,,,474.85,,
,,,,,,,,,489.5,,
,,,,,,,,,488.3,,
,,,,,,,,,488.3,,
,,,,,,,,,488.3,,
,,,,,,,,,486.2,,
,,,,,,,,,488.3,,
,,,,,,,,,488.6,,
,,,,,,,,,488.3,,
,,,,,,,,,488.4,,
,,,,,,,,,492.3,,
,,,,,,,,,492.6,,
,,,,,,,,,488.5,,
,,,,,,,,,487.8,,
,,,,,,,,,488.4,,
,,,,,,,,,488.9,,
,,,,,,,,,496.0,,
,,,,,,,,,508.6,,
,,,,,,,,,507.0,,
,,,,,,,,,505.85,,
,,,,,,,,,515.5,,
,,,,,,,,,496.15,,
,,,,,,,,,523.5,,
,,,,,,,,,504.5,,
,,,,,,,,,524.95,,
,,,,,,,,,503.9,,
,,,,,,,,,494.35,,
,,,,,,,,,505.7000000000001,,
,,,,,,,,,526.9,,
,,,,,,,,,535.7,,
,,,,,,,,,496.3,,
,,,,,,,,,496.2,,
,,,,,,,,,499.45,,
,,,,,,,,,501.8,,
,,,,,,,,,490.6,,
,,,,,,,,,492.3,,
,,,,,,,,,515.6,,
,,,,,,,,,496.0,,
,,,,,,,,,487.3,,
,,,,,,,,,485.5,,
,,,,,,,,,481.75,,
,,,,,,,,,484.8,,
,,,,,,,,,485.1,,
,,,,,,,,,486.6,,
,,,,,,,,,492.2,,
,,,,,,,,,502.2,,
,,,,,,,,,527.5,,
,,,,,,,,,523.0,,
,,,,,,,,,565.1,,
,,,,,,,,,527.9,,
,,,,,,,,,525.0,,
,,,,,,,,,517.75,,
,,,,,,,,,486.4,,
,,,,,,,,,524.9,,
,,,,,,,,,519.1,,
,,,,,,,,,489.7,,
,,,,,,,,,533.3,,
,,,,,,,,,486.4,,
,,,,,,,,,489.0,,
,,,,,,,,,486.8,,
,,,,,,,,,562.6,,
,,,,,,,,,571.4,,
,,,,,,,,,571.4,,
,,,,,,,,,571.4,,
,,,,,,,,,571.6,,
,,,,,,,,,571.7,,
,,,,,,,,,571.8,,
,,,,,,,,,571.7,,
,,,,,,,,,572.1,,
,,,,,,,,,575.0,,
,,,,,,,,,600.8,,
,,,,,,,,,600.9,,
,,,,,,,,,600.9,,
,,,,,,,,,601.0,,
,,,,,,,,,600.9,,
,,,,,,,,,600.9,,
,,,,,,,,,600.9,,
,,,,,,,,,601.0,,
,,,,,,,,,601.1,,
,,,,,,,,,601.1,,
,,,,,,,,,601.1,,
,,,,,,,,,584.6500000000001,,
,,,,,,,,,578.0,,
,,,,,,,,,599.45,,
,,,,,,,,,601.0,,
,,,,,,,,,600.9,,
,,,,,,,,,575.9,,
,,,,,,,,,575.6,,
,,,,,,,,,575.2,,
,,,,,,,,,598.1500000000001,,
,,,,,,,,,575.4,,
,,,,,,,,,572.2,,
,,,,,,,,,575.45,,
,,,,,,,,,575.5,,
,,,,,,,,,573.9,,
,,,,,,,,,575.4,,
,,,,,,,,,572.4,,
,,,,,,,,,545.3,,
,,,,,,,,,561.35,,
,,,,,,,,,487.1,,
,,,,,,,,,488.65,,
,,,,,,,,,486.6,,
,,,,,,,,,488.15,,
,,,,,,,,,486.7,,
,,,,,,,,,486.3,,
,,,,,,,,,486.7,,
,,,,,,,,,488.2,,
,,,,,,,,,513.3,,
,,,,,,,,,565.6500000000001,,
,,,,,,,,,575.6,,
,,,,,,,,,575.4,,
,,,,,,,,,575.7,,
,,,,,,,,,575.6,,
,,,,,,,,,575.8,,
,,,,,,,,,575.8,,
,,,,,,,,,576.1,,
,,,,,,,,,576.0,,
,,,,,,,,,575.9,,
,,,,,,,,,575.9,,
,,,,,,,,,576.0,,
,,,,,,,,,579.1,,
,,,,,,,,,579.2,,
,,,,,,,,,579.3,,
,,,,,,,,,579.3,,
,,,,,,,,,579.4,,
,,,,,,,,,579.5,,
,,,,,,,,,579.3,,
,,,,,,,,,579.5,,
,,,,,,,,,579.5,,
,,,,,,,,,579.5,,
,,,,,,,,,579.6,,
,,,,,,,,,579.6,,
,,,,,,,,,579.5,,
,,,,,,,,,579.7,,
,,,,,,,,,579.8,,
,,,,,,,,,579.8,,
,,,,,,,,,579.8,,
,,,,,,,,,579.8,,
,,,,,,,,,579.7,,
,,,,,,,,,579.7,,
,,,,,,,,,579.8,,
,,,,,,,,,579.7,,
,,,,,,,,,579.7,,
,,,,,,,,,579.7,,
,,,,,,,,,579.6,,
,,,,,,,,,579.7,,
,,,,,,,,,579.7,,
,,,,,,,,,579.7,,
,,,,,,,,,579.7,,
,,,,,,,,,579.8,,
,,,,,,,,,579.8,,
,,,,,,,,,579.7,,
,,,,,,,,,579.7,,
,,,,,,,,,579.8,,
,,,,,,,,,579.9,,
,,,,,,,,,580.0,,
,,,,,,,,,579.8,,
,,,,,,,,,579.8,,
,,,,,,,,,579.8,,
,,,,,,,,,579.8,,
,,,,,,,,,550.5,,
,,,,,,,,,555.8,,
,,,,,,,,,559.45,,
,,,,,,,,,552.1,,
,,,,,,,,,563.4,,
,,,,,,,,,552.6,,
,,,,,,,,,567.7,,
,,,,,,,,,563.65,,
,,,,,,,,,574.5,,
,,,,,,,,,579.05,,
,,,,,,,,,577.0,,
,,,,,,,,,574.45,,
,,,,,,,,,579.7,,
,,,,,,,,,579.7,,
,,,,,,,,,579.7,,
,,,,,,,,,579.8,,
,,,,,,,,,579.6,,
,,,,,,,,,576.3,,
,,,,,,,,,579.8,,
,,,,,,,,,579.8,,
,,,,,,,,,568.0,,
,,,,,,,,,579.8,,
,,,,,,,,,579.6,,
,,,,,,,,,573.9,,
,,,,,,,,,566.9,,
,,,,,,,,,579.8,,
,,,,,,,,,579.9,,
,,,,,,,,,579.9,,
,,,,,,,,,579.1,,
,,,,,,,,,579.9,,
,,,,,,,,,579.6,,
,,,,,,,,,566.8,,
,,,,,,,,,567.8,,
,,,,,,,,,571.4,,
,,,,,,,,,567.7,,
,,,,,,,,,568.5,,
,,,,,,,,,576.4,,
,,,,,,,,,567.3,,
,,,,,,,,,578.2,,
,,,,,,,,,550.0,,
,,,,,,,,,550.4,,
,,,,,,,,,549.5,,
,,,,,,,,,547.05,,
,,,,,,,,,553.05,,
,,,,,,,,,544.0,,
,,,,,,,,,547.0,,
,,,,,,,,,544.25,,
,,,,,,,,,523.9,,
,,,,,,,,,522.4000000000001,,
,,,,,,,,,525.55,,
,,,,,,,,,554.7,,
,,,,,,,,,547.05,,
,,,,,,,,,564.4,,
,,,,,,,,,566.75,,
,,,,,,,,,576.0,,
,,,,,,,,,542.7,,
,,,,,,,,,575.9,,
,,,,,,,,,571.4,,
,,,,,,,,,555.0,,
,,,,,,,,,572.5,,
,,,,,,,,,576.6,,
,,,,,,,,,579.7,,
,,,,,,,,,572.6,,
,,,,,,,,,572.2,,
,,,,,,,,,569.2,,
,,,,,,,,,553.4,,
,,,,,,,,,551.3,,
,,,,,,,,,572.4,,
,,,,,,,,,547.8,,
,,,,,,,,,539.1,,
,,,,,,,,,575.9,,
,,,,,,,,,548.55,,
,,,,,,,,,543.95,,
,,,,,,,,,531.5,,
,,,,,,,,,543.4000000000001,,
,,,,,,,,,543.2,,
,,,,,,,,,549.05,,
,,,,,,,,,544.0,,
,,,,,,,,,537.3,,
,,,,,,,,,543.0,,
,,,,,,,,,544.8,,
,,,,,,,,,545.9,,
,,,,,,,,,511.85,,
,,,,,,,,,534.8,,
,,,,,,,,,568.8,,
,,,,,,,,,326.1,,
,,,,,,,,,317.2,,
,,,,,,,,,497.35,,
,,,,,,,,,271.2,,
,,,,,,,,,200.35,,
,,,,,,,,,469.9,,
,,,,,,,,,222.7,,
