Energy_Median,Energy_Median.1,Energy_Median.2,Energy_Median.3,Energy_Median.4,Energy_Median.5,Energy_Median.6,Energy_Median.7,Energy_Median.8,Energy_Median.9,Energy_Median.10,Energy_Median
85700.0,30450.0,43800.0,47950.0,22300.0,118000.0,71250.0,50000.0,65150.0,244000.0,2010000.0,34700.0
48550.0,4055500.0,23905.0,92850.0,107600.0,7335000.0,197000.0,166000.0,22100.0,535000.0,657000.0,31450.0
240000.0,71600.0,4010.0,49300.0,631050.0,4099500.0,311000.0,100000.0,169000.0,449000.0,5615000.0,460000.0
972000.0,94862.5,445655.0,660500.0,1372500.0,864000.0,145000.0,182000.0,23900.0,363000.0,644500.0,722000.0
5595000.0,118125.0,887300.0,1102800.0,1124600.0,727257.5,202833.3333333333,183000.0,13000.0,277000.0,1065500.0,5960000.0
6490000.0,141387.5,177500.0,440000.0,762433.3333333333,590515.0,260666.6666666667,116000.0,426080.0,1040000.0,590650.0,8350000.0
3920000.0,164650.0,124100.0,87800.0,400266.6666666666,26950.0,318500.0,43000.0,121220.0,987733.3333333334,115800.0,8610000.0
1070000.0,187912.5,70700.0,164000.0,38100.0,79950.0,177500.0,56950.0,123370.0,935466.6666666666,58450.0,6550000.0
1670000.0,211175.0,17300.0,330000.0,174375.0,83975.0,206678.75,103750.0,125520.0,883200.0,211500.0,5400000.0
5605000.0,234437.5,12100.0,136000.0,310650.0,88000.0,235857.5,25200.0,124260.0,830933.3333333334,120500.0,4310000.0
618000.0,257700.0,47300.0,113000.0,76200.0,267000.0,265036.25,69600.0,123000.0,778666.6666666667,102000.0,2640000.0
4230000.0,280962.5,82500.0,45300.0,24800.0,56650.0,294215.0,80850.0,198000.0,726400.0,79600.0,2480000.0
92200.0,304225.0,8590.0,7460.0,30200.0,59000.0,93700.0,70150.0,2760000.0,674133.3333333334,76800.0,2570000.0
34200.0,327487.5,12800.0,2375000.0,33600.0,92700.0,204360.0,65700.0,94500.0,621866.6666666667,198000.0,2550000.0
31350.0,350750.0,9380.0,1254000.0,34866.666666666664,75250.0,315020.0,63600.0,146250.0,569600.0,204000.0,1310000.0
32400.0,338818.1818181818,12240.0,133000.0,36133.333333333336,122300.0,425680.0,77650.0,46150.0,517333.3333333334,7900.0,1680000.0
42750.0,326886.36363636365,15100.0,52950.0,37400.0,169350.0,536340.0,70100.0,104575.0,465066.66666666674,199000.0,1290000.0
21700.0,314954.54545454547,17960.0,265000.0,40700.0,152000.0,647000.0,56500.0,163000.0,412800.0,37700.0,1100000.0
52200.0,303022.7272727273,20820.0,168125.0,44000.0,129000.0,475500.0,62100.0,694000.0,360533.3333333334,229000.0,1040000.0
52100.0,291090.90909090906,23680.0,71250.0,47300.0,106000.0,304000.0,67250.0,13600.0,308266.66666666674,38050.0,1190000.0
49900.0,279159.09090909094,26540.0,14600000.0,46500.0,530500.0,3830.0,67500.0,2450.0,256000.0,44300.0,1420000.0
47800.0,267227.2727272727,29400.0,160000.0,64875.0,24300.0,356415.0,98650.0,113000.0,166750.0,45100.0,1070000.0
64900.0,255295.45454545453,88810.0,49000.0,83250.0,745000.0,709000.0,94200.0,185000.0,77500.0,68500.0,1210000.0
53300.0,243363.63636363635,148220.0,40100.0,101625.0,572000.0,462500.0,83350.0,202000.0,130875.0,46700.0,1700000.0
358000.0,231431.8181818181,207630.0,274500.0,120000.0,147850.0,216000.0,63900.0,66400.0,184250.0,54400.0,2045000.0
64150.0,219500.0,267040.0,6960.0,32000.0,109150.0,4160.0,97500.0,494250.0,237625.0,59800.0,2230000.0
59350.0,3195000.0,326450.0,105000.0,114350.0,198883.3333333333,208000.0,118000.0,72300.0,291000.0,54500.0,2360000.0
80300.0,3035905.263157895,385860.0,9810.0,129450.0,288616.6666666666,43200.0,77100.0,147000.0,344375.0,130000.0,2080000.0
115000.0,2876810.5263157897,445270.0,32600.0,186000.0,378350.0,414700.0,84800.0,30400.0,397750.0,114000.0,2100000.0
56150.0,2717715.7894736845,504680.0,202000.0,122000.0,177000.0,29500.0,54900.0,181000.0,451125.0,185500.0,2140000.0
65400.0,2558621.052631579,564090.0,51350.0,43100.0,139000.0,116500.0,82600.0,581000.0,504500.0,92100.0,1960000.0
122000.0,2399526.3157894737,623500.0,314500.0,44750.0,115000.0,10100.0,103000.0,56700.0,557875.0,95750.0,3030000.0
89900.0,2240431.5789473685,1100000.0,43400.0,19300.0,111000.0,7993.333333333334,159000.0,40350.0,611250.0,77750.0,3770000.0
81000.0,2081336.8421052631,978612.2222222222,83300.0,33900.0,166000.0,5886.666666666667,125000.0,114000.0,664625.0,9290.0,2940000.0
66400.0,1922242.105263158,857224.4444444445,72950.0,1368100.0,84050.0,3780.0,116000.0,94450.0,718000.0,6950.0,2390000.0
60400.0,1763147.3684210528,735836.6666666666,37850.0,27300.0,81150.0,2267.0,90700.0,47750.0,362235.0,17950.0,2350000.0
61100.0,1604052.6315789474,614448.8888888889,90700.0,2040000.0,875000.0,754.0,87700.0,59200.0,6470.0,17500.0,2630000.0
63500.0,1444957.8947368425,493061.1111111111,184000.0,3520000.0,225000.0,77595.0,79950.0,27600.0,534773.0,21600.0,2150000.0
61400.0,1285863.157894737,371673.33333333326,180000.0,3590000.0,644500.0,154436.0,86000.0,31050.0,1063076.0,11550.0,2200000.0
63200.0,1126768.4210526317,250285.5555555555,91400.0,3695000.0,3990000.0,231277.0,74600.0,4690.0,1591379.0,22100.0,1920000.0
76100.0,967673.6842105264,128897.77777777777,122000.0,3430000.0,5700000.0,308118.0,23400.0,65900.0,2119682.0,15600.0,1700000.0
77700.0,808578.9473684211,7510.0,79100.0,3170000.0,10600000.0,384959.0,37700.0,87600.0,2647985.0,15400.0,1910000.0
63000.0,649484.210526316,9903.888888888889,145000.0,4570000.0,8770000.0,461800.0,72600.0,97600.0,3176288.0,10300.0,1460000.0
69900.0,490389.4736842108,12297.777777777776,144500.0,6100000.0,4475000.0,415262.5,51100.0,46100.0,3704591.0,9410.0,1420000.0
71700.0,331294.73684210563,14691.666666666666,139500.0,5360000.0,1980000.0,368725.0,73950.0,16600.0,4232894.0,36800.0,1090000.0
77500.0,172200.0,17085.555555555555,86750.0,5170000.0,1310000.0,322187.5,1310.0,4630.0,4761197.0,35500.0,756000.0
120000.0,161859.0909090909,19479.444444444445,230500.0,5350000.0,163500.0,275650.0,161000.0,142500.0,5289500.0,35600.0,608500.0
146000.0,151518.18181818182,21873.33333333333,267000.0,5290000.0,285500.0,808677.2727272727,62850.0,163000.0,2074000.0,33550.0,1530000.0
86500.0,141177.27272727274,24267.22222222222,12800000.0,5840000.0,349500.0,1341704.5454545454,42850.0,124000.0,1510000.0,11700.0,1780000.0
255000.0,130836.36363636365,26661.11111111111,79200.0,6580000.0,85300.0,1874731.818181818,74500.0,120500.0,5260000.0,9690.0,1770000.0
574000.0,120495.45454545456,29055.0,38050.0,5680000.0,202500.0,2407759.090909091,512000.0,13800.0,2644777.5,14500.0,1550000.0
670000.0,110154.54545454546,31448.888888888887,93000.0,5980000.0,98250.0,2940786.363636364,990000.0,19620.0,29555.0,15450.0,1460000.0
610000.0,99813.63636363635,33842.777777777774,58200.0,7160000.0,259000.0,3473813.636363636,96900.0,126000.0,263231.8181818182,25200.0,1480000.0
585000.0,89472.72727272728,36236.66666666666,163000.0,6720000.0,168000.0,4006840.909090909,118050.0,42200.0,496908.6363636364,31500.0,1480000.0
535000.0,79131.81818181819,38630.55555555556,404000.0,6790000.0,331000.0,4539868.181818182,646525.0,354000.0,730585.4545454546,255000.0,1260000.0
497000.0,68790.9090909091,41024.44444444444,489000.0,8440000.0,279000.0,5072895.454545454,1175000.0,87600.0,964262.2727272728,49000.0,1230000.0
424000.0,58450.0,43418.33333333333,222000.0,8860000.0,286000.0,5605922.727272727,962000.0,81900.0,1197939.0909090908,7760.0,1260000.0
397000.0,57968.81578947369,45812.22222222222,266500.0,9780000.0,196000.0,6138950.0,694000.0,99100.0,1431615.9090909092,8645.0,786000.0
361000.0,57487.63157894737,48206.11111111111,235500.0,9150000.0,225000.0,5141791.666666667,302000.0,44280.0,1665292.7272727273,50300.0,581000.0
324000.0,57006.44736842105,50600.0,194500.0,7345000.0,273000.0,4144633.333333333,173000.0,43400.0,1898969.5454545447,34000.0,979000.0
310000.0,56525.26315789474,51116.66666666666,211000.0,5790000.0,280000.0,3147475.0,108000.0,15150.0,2132646.363636364,23900.0,958000.0
288500.0,56044.07894736842,51633.333333333336,194000.0,6160000.0,278000.0,2150316.6666666665,163500.0,3600.0,2366323.1818181816,8370.0,925000.0
271000.0,55562.89473684211,52150.0,223000.0,6390000.0,600500.0,1153158.333333333,18500.0,9860.0,2600000.0,11150.0,929000.0
259000.0,55081.71052631579,52666.66666666666,210000.0,5700000.0,546000.0,156000.0,9630000.0,22400.0,12110000.0,17100.0,856000.0
230000.0,54600.52631578947,53183.333333333336,180000.0,5890000.0,554000.0,1979500.0,6375000.0,9020.0,6636250.0,11600.0,724000.0
218000.0,54119.34210526316,53700.0,175000.0,6040000.0,1040000.0,111000.0,9110000.0,146700.0,1162500.0,189000.0,648000.0
191000.0,53638.15789473684,54216.66666666666,210000.0,6880000.0,615000.0,125000.0,9350000.0,6380.0,1132500.0,13550.0,651000.0
236000.0,53156.97368421053,54733.333333333336,36600.0,6870000.0,246000.0,154000.0,9065000.0,273985.0,1102500.0,33800.0,643000.0
145000.0,52675.78947368421,55250.0,25250.0,6040000.0,264000.0,461272.5,8770000.0,541590.0,1072500.0,12200.0,580000.0
104000.0,52194.60526315789,115900.0,43600.0,5215000.0,212500.0,768545.0,8340000.0,3270.0,1042500.0,13100.0,751000.0
83350.0,51713.42105263158,66900.0,67800.0,5480000.0,2150000.0,3480000.0,8725000.0,16000.0,2002250.0,14700.0,908000.0
86950.0,51232.23684210527,17900.0,71800.0,4820000.0,421000.0,2643875.0,8370000.0,73000.0,2962000.0,16300.0,1120000.0
65200.0,50751.05263157895,27400.0,48400.0,5260000.0,611000.0,1807750.0,11500000.0,83550.0,582500.0,16900.0,1370000.0
69200.0,50269.86842105263,56700.0,51450.0,5570000.0,674000.0,971625.0,12800000.0,50100.0,593875.0,17100.0,1620000.0
62100.0,49788.68421052632,47100.0,320000.0,5760000.0,4240000.0,135500.0,12800000.0,112450.0,605250.0,24150.0,2120000.0
53300.0,49307.5,34730.0,111000.0,4275000.0,2690000.0,926500.0,7940000.0,26550.0,616625.0,24500.0,2160000.0
48600.0,48826.31578947369,54870.0,127000.0,3030000.0,310000.0,1717500.0,8490000.0,34500.0,628000.0,74900.0,2300000.0
63900.0,48345.13157894737,75010.0,256500.0,2480000.0,256000.0,163000.0,11800000.0,43950.0,1090500.0,88850.0,2270000.0
67100.0,47863.94736842105,95150.0,862000.0,1890000.0,326500.0,989000.0,13100000.0,64900.0,501000.0,124750.0,2230000.0
37300.0,47382.76315789473,5220.0,70800.0,2260000.0,235000.0,1110000.0,425000.0,74900.0,1340500.0,587500.0,2300000.0
91600.0,46901.57894736842,27308.33333333333,93450.0,2600000.0,254000.0,585050.0,257500.0,88500.0,2180000.0,7750000.0,2500000.0
102000.0,46420.39473684211,49396.66666666666,135000.0,2510000.0,954000.0,60100.0,352500.0,75250.0,1332750.0,97250.0,1660000.0
101000.0,45939.21052631579,71485.0,105000.0,2815000.0,963000.0,763400.0,372000.0,93200.0,485500.0,12950.0,1640000.0
103000.0,45458.02631578947,93573.33333333331,188000.0,1580000.0,918000.0,1466700.0,379000.0,61700.0,597800.0,20700.0,2665000.0
101000.0,44976.84210526316,115661.66666666666,185500.0,1480000.0,328700.0,2170000.0,430000.0,57300.0,81300.0,5990000.0,1755000.0
99200.0,44495.65789473684,137750.0,195500.0,1435000.0,116000.0,2191250.0,418500.0,52550.0,117850.0,6930000.0,1330000.0
89100.0,44014.47368421053,124615.0,128000.0,1500000.0,96400.0,2212500.0,483000.0,58900.0,154400.0,6360000.0,1420000.0
86900.0,43533.28947368421,111480.0,123000.0,1620000.0,1040000.0,2233750.0,457000.0,75400.0,192700.0,4025.0,1380000.0
81100.0,43052.10526315789,98345.0,108000.0,1560000.0,93300.0,2255000.0,383000.0,72400.0,231000.0,15850.0,1300000.0
73400.0,42570.92105263158,85210.0,79300.0,1890000.0,114000.0,1806799.0,416000.0,42200.0,549250.0,33300.0,1440000.0
60400.0,42089.73684210527,72075.0,30300.0,2270000.0,411000.0,1358598.0,394000.0,42900.0,450050.0,28800.0,1540000.0
52400.0,41608.55263157895,58940.0,35000.0,2030000.0,497500.0,910397.0,367500.0,57850.0,350850.0,24300.0,1510000.0
48700.0,41127.36842105263,45805.0,30100.0,1720000.0,451000.0,462196.0,256000.0,64900.0,251650.0,9540.0,1500000.0
8390.0,40646.18421052632,32670.0,56200.0,1560000.0,1685000.0,13995.0,233000.0,41450.0,152450.0,21126.666666666664,1440000.0
8130.0,40165.0,19535.0,29550.0,1560000.0,420500.0,42329.16666666667,225000.0,117000.0,53250.0,32713.33333333333,1340000.0
37700.0,39683.81578947368,6400.0,158000.0,1780000.0,74950.0,70663.33333333334,258500.0,89600.0,259921.875,44300.0,1310000.0
34900.0,39202.631578947374,5775.0,72000.0,1860000.0,1290000.0,98997.5,239500.0,124000.0,466593.75,39187.5,1260000.0
29550.0,38721.44736842105,5150.0,87700.0,1910000.0,1610000.0,127331.66666666669,299500.0,136000.0,673265.625,34075.0,1270000.0
7990.0,38240.26315789473,4525.0,,2390000.0,1670000.0,155665.83333333334,302500.0,124000.0,879937.5,28962.5,1240000.0
4015.0,37759.07894736842,3900.0,,2420000.0,335000.0,184000.0,286000.0,141000.0,1086609.375,23850.0,1310000.0
23000.0,37277.89473684211,3275.0,,1510000.0,180000.0,215500.0,387000.0,131000.0,1293281.25,160175.0,1240000.0
13900.0,36796.71052631579,2650.0,,1310000.0,595500.0,247000.0,457500.0,122000.0,1499953.125,296500.0,1180000.0
13450.0,36315.52631578947,20840.0,,1220000.0,58400.0,366666.6666666667,520000.0,125000.0,1706625.0,337000.0,1110000.0
12600.0,35834.34210526316,39030.0,,1500000.0,54000.0,486333.3333333334,372500.0,151000.0,1913296.875,302000.0,1070000.0
21850.0,35353.15789473684,57220.0,,1240000.0,66200.0,606000.0,460000.0,134000.0,2119968.75,267000.0,1130000.0
11700.0,34871.97368421053,315900.0,,1280000.0,67050.0,556000.0,738000.0,115000.0,2326640.625,60850.0,364000.0
5120.0,34390.78947368421,363916.6666666667,,1150000.0,77550.0,707500.0,680000.0,108000.0,2533312.5,96500.0,1260000.0
13550.0,33909.60526315789,411933.3333333333,,1140000.0,75750.0,944000.0,661000.0,38900.0,2739984.375,411000.0,865500.0
18400.0,33428.42105263158,459950.0,,1160000.0,72600.0,939680.0,635000.0,15100.0,2946656.25,73700.0,1165000.0
19300.0,32947.23684210527,507966.6666666666,,1150000.0,53500.0,935360.0,537000.0,6110.0,3153328.125,165500.0,943000.0
27300.0,32466.052631578947,555983.3333333333,,1190000.0,68000.0,931040.0,127000.0,66500.0,3360000.0,85500.0,920500.0
29400.0,31984.86842105264,604000.0,,1230000.0,68600.0,926720.0,39400.0,332500.0,87530.0,96800.0,996000.0
29900.0,31503.68421052632,520500.0,,1240000.0,153000.0,922400.0,23700.0,363000.0,120582.22222222222,112000.0,1320000.0
28600.0,31022.5,273000.0,,1350000.0,162000.0,918080.0,15150.0,105500.0,153634.44444444444,59700.0,519000.0
25000.0,30541.315789473683,37500.0,,1400000.0,169000.0,913760.0,10900.0,74600.0,186686.66666666663,54500.0,377000.0
34100.0,30060.13157894737,41900.0,,1560000.0,164000.0,909440.0,20100.0,119000.0,219738.88888888888,66250.0,353000.0
34300.0,29578.947368421053,49100.0,,1540000.0,191000.0,905120.0,7595.0,8120.0,252791.1111111111,115000.0,1030000.0
31500.0,29097.763157894737,110000.0,,1480000.0,201000.0,900800.0,7400.0,6415.0,285843.3333333333,66600.0,425000.0
33300.0,28616.57894736842,4750.0,,1460000.0,192000.0,896480.0,140500.0,8940.0,318895.5555555555,63800.0,441000.0
33600.0,28135.394736842107,106500.0,,1440000.0,170000.0,892160.0,357000.0,6500.0,351947.7777777777,63950.0,442000.0
35900.0,27654.21052631579,208250.0,,1440000.0,169000.0,887840.0,459000.0,8750.0,385000.0,71800.0,474000.0
37600.0,27173.02631578948,310000.0,,1550000.0,168000.0,883520.0,518000.0,9340.0,604000.0,16800.0,512000.0
41750.0,26691.84210526316,381795.0,,1580000.0,213500.0,879200.0,581000.0,10020.0,823000.0,20300.0,535000.0
57600.0,26210.657894736843,193740.0,,1620000.0,237000.0,874880.0,579000.0,9310.0,760000.0,48100.0,583000.0
47300.0,25729.473684210527,5685.0,,1550000.0,83700.0,870560.0,574000.0,9800.0,697000.0,22350.0,618000.0
54900.0,25248.289473684214,4120.0,,1610000.0,258000.0,866240.0,574000.0,272000.0,634000.0,20275.0,637000.0
63700.0,24767.105263157893,7080.0,,695000.0,273000.0,861920.0,563000.0,307000.0,47400.0,18200.0,636000.0
36600.0,24285.92105263158,23786.666666666668,,1100000.0,305000.0,857600.0,576000.0,291000.0,33900.0,65200.0,639000.0
34900.0,23804.736842105267,40493.333333333336,,1420000.0,326000.0,853280.0,441000.0,274000.0,20495.0,379450.0,668000.0
31500.0,23323.552631578947,57200.0,,697500.0,369000.0,848960.0,370000.0,11900.0,506050.0,29400.0,698000.0
28900.0,22842.36842105264,62766.66666666666,,253000.0,434000.0,844640.0,385000.0,9055.0,20835.0,622000.0,766000.0
28450.0,22361.18421052632,68333.33333333333,,50400.0,262000.0,840320.0,463000.0,296000.0,16000.0,268900.0,761000.0
28750.0,21880.0,73900.0,,,450500.0,836000.0,742500.0,488000.0,8210.0,378845.0,709000.0
19750.0,102940.0,79466.66666666667,,,333500.0,2801700.0,1070000.0,225500.0,55900.0,12400.0,743000.0
8820.0,184000.0,85033.33333333334,,,409000.0,4767400.0,1610000.0,105150.0,63150.0,28100.0,837000.0
19900.0,387000.0,90600.0,,,444000.0,6733100.0,1800000.0,66310.0,50400.0,27900.0,856000.0
18000.0,208200.0,3425000.0,,,401000.0,8698800.0,2190000.0,27470.0,31800.0,24050.0,840000.0
32200.0,29400.0,2582260.0,,,381000.0,10664500.0,2340000.0,218000.0,36000.0,4690.0,864000.0
55500.0,27452.14285714286,1739520.0,,,279000.0,10218613.636363637,2525000.0,301000.0,49100.0,24650.0,822500.0
45450.0,25504.28571428572,896780.0,,,218000.0,9772727.272727272,2505000.0,320000.0,62200.0,3790.0,830000.0
38500.0,23556.42857142857,54040.0,,,289000.0,9326840.90909091,2770000.0,330000.0,24965.0,26400.0,328500.0
48500.0,21608.571428571428,18000.0,,,253000.0,8880954.545454545,3150000.0,12300.0,42400.0,617000.0,261000.0
4750000.0,19660.714285714286,1610.0,,,236000.0,8435068.181818182,2920000.0,13250.0,38450.0,34400.0,296000.0
98700.0,17712.857142857145,23100.0,,,226000.0,7989181.818181818,3140000.0,63700.0,45350.0,28500.0,305000.0
214000.0,15765.0,19950.0,,,222000.0,7543295.454545455,2770000.0,42000.0,42300.0,22350.0,302500.0
427925.0,13817.142857142857,16800.0,,,228000.0,7097409.090909091,1840000.0,336000.0,54050.0,5005.0,239500.0
138100.0,11869.285714285714,399366.6666666667,,,254000.0,6651522.727272727,2190000.0,349000.0,50700.0,547900.0,1090000.0
23700.0,9921.428571428572,781933.3333333334,,,297000.0,6205636.363636363,2200000.0,417000.0,45400.0,594000.0,641000.0
22950.0,7973.5714285714275,1164500.0,,,255000.0,5759750.0,2690000.0,341000.0,45150.0,38160.0,1050000.0
22200.0,6025.714285714286,10870.0,,,266000.0,5313863.636363637,3060000.0,247000.0,44900.0,95100.0,215000.0
313000.0,4077.857142857141,5500.0,,,268500.0,4867977.2727272725,3260000.0,380000.0,56050.0,103000.0,319000.0
17700.0,2130.0,5746.666666666667,,,284000.0,4422090.909090909,3170000.0,33000.0,40500.0,66950.0,338500.0
19200.0,2307.8571428571427,5993.333333333333,,,279000.0,3976204.545454545,3320000.0,35900.0,53400.0,36840.0,1220000.0
17400.0,2485.714285714286,6240.0,,,284000.0,3530318.1818181816,3340000.0,47200.0,62400.0,6730.0,1050000.0
19500.0,2663.5714285714284,17270.0,,,298000.0,3084431.8181818184,3270000.0,47400.0,52675.0,178365.0,288000.0
18650.0,2841.428571428572,292135.0,,,282000.0,2638545.454545454,3020000.0,47600.0,42950.0,350000.0,396500.0
26100.0,3019.285714285714,567000.0,,,254000.0,2192659.09090909,2830000.0,47800.0,77500.0,73600.0,355000.0
24000.0,3197.142857142857,458830.0,,,234000.0,1746772.7272727266,2560000.0,48000.0,52900.0,28000.0,396000.0
26100.0,3375.0,350660.0,,,229000.0,1300886.3636363633,2500000.0,54950.0,71000.0,79500.0,455000.0
33000.0,3552.857142857143,242490.0,,,213500.0,855000.0,2340000.0,61900.0,92000.0,32200.0,558000.0
31500.0,3730.714285714286,134320.0,,,230000.0,758435.7142857143,2240000.0,63700.0,10300.0,28100.0,556000.0
37500.0,3908.571428571429,26150.0,,,224000.0,661871.4285714286,1640000.0,60850.0,11850.0,38600.0,584000.0
35000.0,4086.428571428572,15500.0,,,222000.0,565307.1428571428,2275000.0,58000.0,40650.0,59400.0,560000.0
37300.0,4264.285714285714,3485.0,,,211000.0,468742.8571428572,2580000.0,55150.0,10800.0,142000.0,534000.0
26950.0,4442.142857142857,1300.0,,,219000.0,372178.5714285715,2745000.0,52300.0,51885.0,256500.0,548000.0
31600.0,4620.0,4585.0,,,231000.0,275614.2857142857,2820000.0,55512.5,50056.66666666666,312000.0,416000.0
29500.0,4797.857142857143,3470.0,,,210000.0,179050.0,2775000.0,58725.0,48228.333333333336,299000.0,378000.0
33100.0,4975.714285714286,13000.0,,,206000.0,144472.0,2470000.0,61937.5,46400.0,356000.0,414000.0
36200.0,5153.571428571428,13100.0,,,207000.0,109894.0,2440000.0,65150.0,72450.0,394000.0,406000.0
38500.0,5331.428571428572,7430.0,,,166000.0,75316.0,1225000.0,89500.0,3285587.5,351000.0,397000.0
36100.0,5509.285714285714,18980.0,,,206500.0,40738.0,1100000.0,24350.0,6498725.0,360000.0,383000.0
39150.0,5687.142857142857,30530.0,,,223000.0,6160.0,824000.0,24400.0,9711862.5,346000.0,372000.0
40500.0,5865.0,6530.0,,,214000.0,6072.222222222223,592500.0,33100.0,12925000.0,370000.0,350000.0
37050.0,6042.857142857143,4700.0,,,204000.0,5984.444444444444,417000.0,24500.0,97450.0,394000.0,345000.0
31800.0,6220.714285714286,1519295.0,,,183000.0,5896.666666666667,468500.0,25650.0,50600.0,347000.0,276000.0
35100.0,6398.571428571428,4130.0,,,270000.0,5808.888888888889,504000.0,25500.0,59250.0,374000.0,268000.0
32550.0,6576.428571428572,5375.0,,,307000.0,5721.111111111111,1040000.0,26100.0,13200.0,359000.0,275000.0
31800.0,6754.285714285715,6378.333333333333,,,274000.0,5633.333333333333,824000.0,21100.0,69700.0,355000.0,267000.0
34800.0,6932.142857142857,7381.666666666667,,,281000.0,5545.555555555556,820000.0,21900.0,52000.0,337500.0,260000.0
29400.0,7110.0,8385.0,,,343000.0,5457.777777777777,765000.0,25900.0,68450.0,358000.0,253000.0
27900.0,5305.0,13300.0,,,286000.0,5370.0,1210000.0,41550.0,45600.0,363000.0,257000.0
26300.0,3500.0,2520.0,,,250000.0,5282.222222222223,811500.0,27500.0,81750.0,378000.0,264000.0
25950.0,5485.0,3225.0,,,260500.0,5194.444444444444,895000.0,30500.0,39200.0,397000.0,260000.0
24800.0,7470.0,3930.0,,,283500.0,5106.666666666667,869500.0,31200.0,60600.0,355000.0,275000.0
24300.0,7386.25,4965.0,,,184000.0,5018.888888888889,928000.0,32800.0,11700.0,320000.0,302000.0
23700.0,7302.5,6000.0,,,182000.0,4931.111111111111,992500.0,34500.0,118300.0,287000.0,311000.0
27850.0,7218.75,7035.0,,,173000.0,4843.333333333334,1590000.0,37600.0,15650.0,277000.0,336000.0
27100.0,7135.0,8070.0,,,190000.0,4755.555555555556,1010000.0,35800.0,56775.0,283000.0,370000.0
53900.0,7051.25,7815.0,,,198000.0,4667.777777777777,984500.0,37900.0,97900.0,281000.0,416500.0
85850.0,6967.5,16100.0,,,,4580.0,971000.0,41800.0,28000.0,277000.0,476500.0
72400.0,6883.75,603150.0,,,,4492.222222222223,1010000.0,47000.0,102500.0,249000.0,486000.0
135000.0,6800.0,327675.0,,,,4404.444444444444,1060000.0,50500.0,104000.0,253000.0,508000.0
218000.0,6716.25,52200.0,,,,4316.666666666667,1140000.0,54100.0,86700.0,247000.0,536000.0
261500.0,6632.5,32650.0,,,,4228.888888888889,1130000.0,53100.0,106000.0,247000.0,485000.0
160000.0,6548.75,47700.0,,,,4141.111111111111,1190000.0,52000.0,116000.0,255000.0,470000.0
266000.0,6465.0,39962.5,,,,4053.3333333333335,1200000.0,54100.0,110000.0,255000.0,463000.0
319000.0,6381.25,32225.0,,,,3965.555555555556,1240000.0,55700.0,130000.0,230500.0,413000.0
354000.0,6297.5,24487.5,,,,3877.777777777778,1280000.0,56300.0,107000.0,241000.0,398000.0
96400.0,6213.75,16750.0,,,,3790.0,1310000.0,59900.0,115000.0,262000.0,415000.0
51600.0,6130.0,20125.0,,,,23176.666666666668,1300000.0,59200.0,102500.0,280000.0,413000.0
34900.0,11000.0,23500.0,,,,42563.333333333336,1320000.0,61300.0,99500.0,401000.0,375000.0
29800.0,11397.272727272728,26875.0,,,,61950.0,1360000.0,62600.0,54000.0,432000.0,357500.0
18350.0,11794.545454545454,30250.0,,,,512500.0,1450000.0,66600.0,59550.0,344000.0,384000.0
18150.0,12191.818181818182,33625.0,,,,8585.0,1490000.0,59400.0,56800.0,420000.0,388000.0
17400.0,12589.090909090908,37000.0,,,,10800.0,1530000.0,49200.0,52800.0,461000.0,602000.0
50800.0,12986.363636363636,5175.0,,,,14750.0,1610000.0,49800.0,55800.0,359000.0,623500.0
19500.0,13383.636363636364,7991.5,,,,289500.0,1600000.0,49100.0,53800.0,448000.0,587000.0
17800.0,13780.909090909092,10808.0,,,,310000.0,1675000.0,50550.0,54500.0,438000.0,647000.0
55550.0,14178.181818181818,13624.5,,,,148000.0,1730000.0,54400.0,58500.0,521500.0,629000.0
42400.0,14575.454545454544,16441.0,,,,410000.0,1680000.0,46200.0,58300.0,628000.0,646000.0
31250.0,14972.727272727272,19257.5,,,,242000.0,1710000.0,42900.0,58900.0,635000.0,552500.0
33200.0,15370.0,22074.0,,,,394000.0,1740000.0,39100.0,58800.0,704000.0,629000.0
35400.0,60810.0,24890.5,,,,883500.0,1810000.0,38000.0,63100.0,778500.0,479000.0
37200.0,106250.0,27707.0,,,,1530.0,1890000.0,46900.0,63900.0,845000.0,472000.0
36300.0,500000.0,30523.5,,,,2340.0,1900000.0,33300.0,59700.0,958500.0,520000.0
37100.0,538000.0,33340.0,,,,476000.0,1860000.0,28900.0,65400.0,983000.0,507000.0
40100.0,18300.0,1828120.0,,,,564500.0,1860000.0,32900.0,65800.0,1030000.0,503000.0
39800.0,45416.66666666667,3622900.0,,,,507000.0,1780000.0,31200.0,68650.0,1090000.0,470000.0
41800.0,72533.33333333334,1839050.0,,,,428500.0,1335000.0,80950.0,72000.0,1250000.0,430000.0
53550.0,99650.0,55200.0,,,,534000.0,1645000.0,52000.0,78000.0,929000.0,406000.0
46350.0,99600.0,37750.0,,,,249000.0,1890000.0,54200.0,83100.0,889500.0,287500.0
50600.0,17950.0,37000.0,,,,203500.0,1940000.0,51100.0,80000.0,,252500.0
52800.0,35625.0,18000.0,,,,512000.0,2000000.0,53700.0,86500.0,,190000.0
62900.0,53300.0,68050.0,,,,553000.0,1850000.0,46300.0,93200.0,,228000.0
58300.0,69500.0,34890.0,,,,50600.0,1900000.0,47400.0,94950.0,,229000.0
57500.0,35000.0,45150.0,,,,518500.0,1910000.0,49300.0,54400.0,,172000.0
57750.0,34750.0,13300.0,,,,294000.0,2050000.0,52150.0,16950.0,,179000.0
55650.0,27600.0,44710.0,,,,19500.0,2090000.0,54000.0,82200.0,,193000.0
49100.0,7160.0,70300.0,,,,711000.0,2010000.0,52100.0,43500.0,,240000.0
47300.0,7820.0,24080.0,,,,354000.0,2030000.0,53000.0,48900.0,,261000.0
52200.0,5455.0,18121.666666666668,,,,232000.0,1950000.0,52500.0,53000.0,,279000.0
47250.0,30877.5,12163.333333333334,,,,228500.0,2010000.0,49100.0,53300.0,,266000.0
47100.0,56300.0,6205.0,,,,230550.0,2070000.0,52200.0,57700.0,,256000.0
43600.0,6280.0,9725.0,,,,232600.0,2110000.0,51200.0,53600.0,,239000.0
42100.0,51600.0,652500.0,,,,234650.0,2180000.0,56700.0,62500.0,,221000.0
38600.0,118500.0,4785.0,,,,236700.0,2120000.0,52200.0,58800.0,,230000.0
41700.0,43400.0,8910.0,,,,238750.0,2140000.0,45500.0,47800.0,,275000.0
43300.0,6270000.0,14300.0,,,,240800.0,2090000.0,47400.0,52900.0,,321000.0
38700.0,40400.0,614235.0,,,,242850.0,2110000.0,46900.0,55350.0,,372500.0
36000.0,28400.0,157100.0,,,,244900.0,1990000.0,48750.0,63300.0,,379000.0
38700.0,4100.0,1103800.0,,,,246950.0,2170000.0,49300.0,71000.0,,363000.0
34000.0,61325.0,2050500.0,,,,249000.0,1980000.0,52950.0,77250.0,,422000.0
31300.0,118550.0,40200.0,,,,364750.0,1970000.0,60100.0,72000.0,,440000.0
31600.0,175775.0,27350.0,,,,480500.0,1950000.0,53850.0,77900.0,,407500.0
30100.0,233000.0,38300.0,,,,596250.0,2150000.0,61500.0,86400.0,,334000.0
29700.0,21900.0,12015.0,,,,712000.0,2125000.0,57200.0,84100.0,,322000.0
28900.0,92200.0,33150.0,,,,608666.6666666666,2270000.0,74300.0,68300.0,,283000.0
31200.0,84340.0,15600.0,,,,505333.3333333334,2350000.0,77300.0,79150.0,,149000.0
32200.0,3840.0,63900.0,,,,402000.0,2230000.0,68100.0,92400.0,,114500.0
29900.0,6450.0,58650.0,,,,380500.0,2220000.0,72100.0,121000.0,,146000.0
29100.0,21000.0,16950.0,,,,359000.0,2240000.0,69900.0,104000.0,,178000.0
31400.0,5362452.5,3030.0,,,,385000.0,2200000.0,86300.0,109000.0,,207000.0
34700.0,10703905.0,4270.0,,,,440000.0,2250000.0,86200.0,113000.0,,205500.0
33900.0,4190.0,40100.0,,,,350000.0,2285000.0,83200.0,112000.0,,208000.0
38200.0,19245.0,60500.0,,,,260000.0,2310000.0,69700.0,114000.0,,177500.0
49000.0,34300.0,66500.0,,,,353000.0,2460000.0,71150.0,132000.0,,100000.0
49700.0,44950.0,157000.0,,,,286666.6666666667,2450000.0,110000.0,133000.0,,99300.0
37700.0,38100.0,220500.0,,,,220333.3333333333,2530000.0,86800.0,140000.0,,98800.0
35400.0,2650.0,60700.0,,,,154000.0,2550000.0,82200.0,141000.0,,98850.0
33700.0,11785.0,40600.0,,,,183000.0,2580000.0,76600.0,135000.0,,86950.0
42500.0,43400.0,98700.0,,,,362083.3333333334,2690000.0,72100.0,138000.0,,86300.0
44600.0,39100.0,285000.0,,,,541166.6666666667,2700000.0,81350.0,142000.0,,115000.0
50450.0,34800.0,57050.0,,,,720250.0,2720000.0,73300.0,150000.0,,129500.0
46100.0,30500.0,70950.0,,,,899333.3333333334,2770000.0,82700.0,162000.0,,120000.0
49500.0,10650.0,368500.0,,,,1078416.6666666667,2880000.0,91250.0,165000.0,,193000.0
41300.0,100750.0,87050.0,,,,1257500.0,2940000.0,88150.0,175000.0,,201000.0
42000.0,83757.5,118000.0,,,,1436583.3333333335,2920000.0,88200.0,160000.0,,212000.0
38800.0,66765.0,,,,,1615666.6666666667,2890000.0,102000.0,173500.0,,226000.0
47100.0,9050.0,,,,,1794750.0,2900000.0,78850.0,179500.0,,232000.0
46600.0,52700.0,,,,,1973833.3333333333,2865000.0,70300.0,188000.0,,236000.0
40100.0,4915.0,,,,,2152916.666666667,2810000.0,78450.0,146000.0,,280000.0
33100.0,2080.0,,,,,2332000.0,3060000.0,78100.0,159000.0,,222000.0
33200.0,2320.0,,,,,2051362.5,2950000.0,71200.0,159000.0,,233000.0
28900.0,13000.0,,,,,1770725.0,3130000.0,1010000.0,165000.0,,243000.0
28000.0,33700.0,,,,,1490087.5,3200000.0,76700.0,177000.0,,280000.0
27300.0,4450.0,,,,,1209450.0,3250000.0,73750.0,188000.0,,288500.0
26250.0,5150.0,,,,,928812.5,3290000.0,71400.0,197000.0,,193000.0
24300.0,3670.0,,,,,648175.0,3370000.0,82800.0,211000.0,,196000.0
24000.0,23550.0,,,,,367537.5,3410000.0,90200.0,206000.0,,205000.0
24500.0,33800.0,,,,,86900.0,3250000.0,94600.0,211000.0,,203000.0
28850.0,18600.0,,,,,85900.0,3270000.0,946000.0,226000.0,,205000.0
29500.0,3730.0,,,,,80000.0,3330000.0,121000.0,222000.0,,204000.0
33650.0,27700.0,,,,,36880.0,3460000.0,97300.0,233000.0,,199000.0
32200.0,13500.0,,,,,366940.0,3480000.0,86800.0,249000.0,,210000.0
34200.0,7100.0,,,,,697000.0,3380000.0,94250.0,249000.0,,341000.0
63600.0,4850.0,,,,,359800.0,3390000.0,112000.0,231000.0,,649000.0
21000.0,5460.0,,,,,22600.0,3520000.0,96500.0,224500.0,,369000.0
25200.0,22800.0,,,,,80000.0,3505000.0,98300.0,230000.0,,444000.0
32650.0,33300.0,,,,,153900.0,3610000.0,953000.0,231000.0,,691000.0
37800.0,43600.0,,,,,135766.66666666666,3610000.0,129000.0,234000.0,,626000.0
42500.0,,,,,,117633.33333333334,3670000.0,164500.0,239500.0,,330000.0
52600.0,,,,,,99500.0,3665000.0,101000.0,249000.0,,346000.0
46650.0,,,,,,73000.0,3770000.0,91700.0,259000.0,,470500.0
70200.0,,,,,,103000.0,3650000.0,1050000.0,279000.0,,616000.0
59400.0,,,,,,93700.0,3600000.0,991500.0,292000.0,,690000.0
57000.0,,,,,,115000.0,3200000.0,964500.0,297000.0,,672000.0
40700.0,,,,,,333000.0,2990000.0,954000.0,300000.0,,682000.0
40550.0,,,,,,124500.0,3710000.0,83700.0,298000.0,,793000.0
70500.0,,,,,,64400.0,3455000.0,86650.0,256000.0,,805000.0
57650.0,,,,,,62250.0,3990000.0,89200.0,241000.0,,808500.0
75100.0,,,,,,467500.0,4110000.0,82400.0,247000.0,,752000.0
74500.0,,,,,,444500.0,4040000.0,92150.0,269000.0,,876000.0
63000.0,,,,,,414000.0,4200000.0,77300.0,268000.0,,975000.0
85800.0,,,,,,478500.0,4195000.0,79500.0,280000.0,,1080000.0
77100.0,,,,,,61150.0,3850000.0,83000.0,294000.0,,1150000.0
,,,,,,70250.0,4140000.0,82200.0,2360000.0,,1030000.0
,,,,,,94700.0,3670000.0,82200.0,145000.0,,1110000.0
,,,,,,928000.0,4110000.0,83500.0,1730000.0,,971000.0
,,,,,,490350.0,3820000.0,88300.0,106000.0,,1090000.0
,,,,,,52700.0,3960000.0,94600.0,116000.0,,1020000.0
,,,,,,609000.0,4120000.0,99550.0,128000.0,,905500.0
,,,,,,738500.0,4120000.0,117000.0,248000.0,,699000.0
,,,,,,700000.0,4180000.0,209000.0,257000.0,,638000.0
,,,,,,846500.0,4430000.0,193500.0,250000.0,,618500.0
,,,,,,466000.0,4360000.0,98100.0,263000.0,,686000.0
,,,,,,314500.0,4120000.0,97850.0,268000.0,,713500.0
,,,,,,234400.0,4160000.0,105000.0,286000.0,,632000.0
,,,,,,154300.0,4170000.0,99300.0,278000.0,,588000.0
,,,,,,74200.0,4100000.0,103500.0,285000.0,,534000.0
,,,,,,314850.0,4140000.0,34900.0,289000.0,,570000.0
,,,,,,191425.0,4320000.0,189000.0,303000.0,,517000.0
,,,,,,68000.0,4290000.0,227000.0,319000.0,,530500.0
,,,,,,126000.0,3680000.0,236000.0,315000.0,,564000.0
,,,,,,184000.0,3650000.0,224000.0,347000.0,,576000.0
,,,,,,23000000.0,3780000.0,104000.0,342000.0,,558000.0
,,,,,,14050000.0,4150000.0,107000.0,347000.0,,588000.0
,,,,,,10547250.0,4000000.0,204000.0,335000.0,,559000.0
,,,,,,7044500.0,3870000.0,138000.0,349000.0,,832500.0
,,,,,,3541750.0,4260000.0,969000.0,344000.0,,919000.0
,,,,,,39000.0,4090000.0,120000.0,358000.0,,733000.0
,,,,,,48450.0,3830000.0,116000.0,351000.0,,1830000.0
,,,,,,49250.0,4100000.0,120500.0,339000.0,,1710000.0
,,,,,,32500.0,3680000.0,118000.0,343000.0,,1560000.0
,,,,,,46300.0,4030000.0,121000.0,342000.0,,1920000.0
,,,,,,55050.0,4330000.0,169000.0,318000.0,,2010000.0
,,,,,,50000.0,4250000.0,132000.0,335000.0,,1890000.0
,,,,,,65150.0,4460000.0,143000.0,339000.0,,1850000.0
,,,,,,54200.0,4435000.0,1080000.0,352000.0,,2130000.0
,,,,,,58200.0,4675000.0,1180000.0,344000.0,,2410000.0
,,,,,,51700.0,4610000.0,155000.0,337000.0,,1585000.0
,,,,,,52600.0,4690000.0,1080000.0,367000.0,,2635000.0
,,,,,,53300.0,4780000.0,1100000.0,358000.0,,2490000.0
,,,,,,55400.0,4940000.0,152000.0,325000.0,,
,,,,,,56300.0,4940000.0,135000.0,324000.0,,
,,,,,,58700.0,4890000.0,153500.0,325000.0,,
,,,,,,61300.0,4830000.0,343000.0,323000.0,,
,,,,,,56100.0,4710000.0,156500.0,340000.0,,
,,,,,,55400.0,5060000.0,131000.0,345000.0,,
,,,,,,59400.0,4830000.0,134000.0,359000.0,,
,,,,,,63700.0,4730000.0,122000.0,331000.0,,
,,,,,,59700.0,4730000.0,130000.0,360000.0,,
,,,,,,65650.0,4740000.0,128000.0,345000.0,,
,,,,,,59900.0,4705000.0,144000.0,280000.0,,
,,,,,,63700.0,4590000.0,145000.0,251000.0,,
,,,,,,65700.0,4730000.0,148000.0,287000.0,,
,,,,,,66800.0,3580000.0,146000.0,292000.0,,
,,,,,,66500.0,3200000.0,143000.0,338000.0,,
,,,,,,69600.0,4770000.0,151000.0,328000.0,,
,,,,,,71750.0,3330000.0,170000.0,281500.0,,
,,,,,,75200.0,3960000.0,172000.0,313000.0,,
,,,,,,72300.0,4220000.0,169000.0,358000.0,,
,,,,,,69100.0,3470000.0,141000.0,369000.0,,
,,,,,,70100.0,3850000.0,135000.0,388000.0,,
,,,,,,74850.0,3835000.0,137000.0,403000.0,,
,,,,,,74800.0,3670000.0,136000.0,383000.0,,
,,,,,,78400.0,3715000.0,138000.0,415000.0,,
,,,,,,85350.0,3620000.0,136000.0,419000.0,,
,,,,,,85600.0,3590000.0,144000.0,429000.0,,
,,,,,,87200.0,3335000.0,139000.0,430500.0,,
,,,,,,91200.0,3620000.0,138000.0,442500.0,,
,,,,,,92700.0,3915000.0,151000.0,445000.0,,
,,,,,,138000.0,4010000.0,148000.0,447000.0,,
,,,,,,139000.0,4020000.0,162000.0,417500.0,,
,,,,,,146000.0,4280000.0,150000.0,449500.0,,
,,,,,,146000.0,4325000.0,146000.0,435000.0,,
,,,,,,147000.0,4650000.0,146000.0,441000.0,,
,,,,,,141000.0,4510000.0,163000.0,406000.0,,
,,,,,,119000.0,4420000.0,158000.0,413000.0,,
,,,,,,121000.0,4630000.0,163000.0,445000.0,,
,,,,,,132000.0,4650000.0,166000.0,447000.0,,
,,,,,,128000.0,4750000.0,148000.0,456500.0,,
,,,,,,125000.0,4690000.0,146000.0,441000.0,,
,,,,,,117000.0,4470000.0,145500.0,462000.0,,
,,,,,,131000.0,4410000.0,138000.0,457000.0,,
,,,,,,37300.0,4450000.0,133000.0,479000.0,,
,,,,,,88850.0,3585000.0,128000.0,462000.0,,
,,,,,,269000.0,2910000.0,127000.0,477000.0,,
,,,,,,285500.0,2830000.0,146000.0,475000.0,,
,,,,,,196750.0,2460000.0,140000.0,445000.0,,
,,,,,,108000.0,2680000.0,135000.0,466000.0,,
,,,,,,82000.0,2875000.0,139000.0,459000.0,,
,,,,,,408000.0,2450000.0,135500.0,463000.0,,
,,,,,,6505000.0,2520000.0,132000.0,479000.0,,
,,,,,,369500.0,2425000.0,122000.0,454500.0,,
,,,,,,144000.0,2270000.0,120000.0,445000.0,,
,,,,,,36400.0,2480000.0,117000.0,474000.0,,
,,,,,,56300.0,2200000.0,117000.0,455000.0,,
,,,,,,34200.0,2180000.0,116000.0,376000.0,,
,,,,,,177000.0,2220000.0,115000.0,440500.0,,
,,,,,,88700.0,2065000.0,106000.0,104000.0,,
,,,,,,113000.0,1975000.0,107000.0,124000.0,,
,,,,,,31600.0,2240000.0,101000.0,129000.0,,
,,,,,,29900.0,1850000.0,102000.0,134000.0,,
,,,,,,28600.0,2020000.0,109000.0,153000.0,,
,,,,,,7450.0,1970000.0,92600.0,143000.0,,
,,,,,,1090.0,2010000.0,102000.0,152000.0,,
,,,,,,1345.0,2565000.0,98350.0,146000.0,,
,,,,,,1195.0,1910000.0,102000.0,154500.0,,
,,,,,,1230.0,2210000.0,103500.0,103000.0,,
,,,,,,1280.0,2765000.0,102000.0,147000.0,,
,,,,,,1430.0,2880000.0,90100.0,231000.0,,
,,,,,,1495.0,2030000.0,83750.0,268000.0,,
,,,,,,158000.0,2530000.0,77400.0,301000.0,,
,,,,,,210000.0,2030000.0,53900.0,249000.0,,
,,,,,,213000.0,3640000.0,50800.0,209500.0,,
,,,,,,231000.0,2930000.0,49700.0,279000.0,,
,,,,,,233000.0,3455000.0,92900.0,268000.0,,
,,,,,,215000.0,3445000.0,91500.0,512000.0,,
,,,,,,213000.0,3840000.0,86100.0,459000.0,,
,,,,,,212000.0,3810000.0,81100.0,440000.0,,
,,,,,,224000.0,3640000.0,88200.0,359000.0,,
,,,,,,229000.0,3850000.0,94200.0,249000.0,,
,,,,,,242000.0,3025000.0,91900.0,278000.0,,
,,,,,,252000.0,3330000.0,90000.0,354000.0,,
,,,,,,251000.0,3175000.0,92700.0,266000.0,,
,,,,,,258000.0,2880000.0,90300.0,265000.0,,
,,,,,,260000.0,2820000.0,91350.0,287000.0,,
,,,,,,274000.0,2570000.0,94000.0,299000.0,,
,,,,,,271000.0,1960000.0,95950.0,276000.0,,
,,,,,,78600.0,903000.0,89100.0,305000.0,,
,,,,,,815000.0,1190000.0,457000.0,295000.0,,
,,,,,,923000.0,1280000.0,86800.0,308000.0,,
,,,,,,976000.0,1500000.0,73800.0,318000.0,,
,,,,,,899000.0,1430000.0,66100.0,319000.0,,
,,,,,,806000.0,2320000.0,65350.0,336000.0,,
,,,,,,655000.0,2760000.0,64700.0,357000.0,,
,,,,,,679000.0,3510000.0,386000.0,352500.0,,
,,,,,,679000.0,3460000.0,549000.0,388500.0,,
,,,,,,878000.0,3780000.0,570500.0,375500.0,,
,,,,,,635000.0,3965000.0,668000.0,372000.0,,
,,,,,,790000.0,3470000.0,735500.0,371000.0,,
,,,,,,838500.0,3005000.0,770000.0,385000.0,,
,,,,,,860000.0,3705000.0,668000.0,418000.0,,
,,,,,,932500.0,3450000.0,540000.0,426000.0,,
,,,,,,986000.0,3410000.0,434500.0,414000.0,,
,,,,,,931500.0,3545000.0,84150.0,417000.0,,
,,,,,,1025000.0,3240000.0,10600.0,526000.0,,
,,,,,,1000000.0,4205000.0,99800.0,503500.0,,
,,,,,,891500.0,3385000.0,80900.0,435000.0,,
,,,,,,924000.0,2420000.0,145000.0,445000.0,,
,,,,,,63750.0,2640000.0,71900.0,470000.0,,
,,,,,,972000.0,2300000.0,522000.0,454500.0,,
,,,,,,974000.0,2170000.0,1160000.0,462000.0,,
,,,,,,898500.0,2330000.0,,454000.0,,
,,,,,,862000.0,2195000.0,,318000.0,,
,,,,,,868500.0,2450000.0,,326000.0,,
,,,,,,1000000.0,1635000.0,,424000.0,,
,,,,,,928000.0,2095000.0,,423000.0,,
,,,,,,920000.0,2670000.0,,542000.0,,
,,,,,,1240000.0,2250000.0,,432000.0,,
,,,,,,12800.0,2740000.0,,492000.0,,
,,,,,,1110000.0,3145000.0,,509000.0,,
,,,,,,887000.0,2670000.0,,495000.0,,
,,,,,,797000.0,2170000.0,,397000.0,,
,,,,,,739500.0,2035000.0,,376500.0,,
,,,,,,511500.0,2225000.0,,378000.0,,
,,,,,,551000.0,1360000.0,,399500.0,,
,,,,,,533000.0,1350000.0,,382000.0,,
,,,,,,113500.0,2240000.0,,341000.0,,
,,,,,,479000.0,2465000.0,,292000.0,,
,,,,,,501000.0,2850000.0,,343500.0,,
,,,,,,436500.0,1300000.0,,355500.0,,
,,,,,,484000.0,2425000.0,,378500.0,,
,,,,,,448000.0,1965000.0,,378000.0,,
,,,,,,508000.0,1560000.0,,360000.0,,
,,,,,,434000.0,1330000.0,,341000.0,,
,,,,,,600000.0,2240000.0,,346000.0,,
,,,,,,585000.0,2230000.0,,332000.0,,
,,,,,,725000.0,2420000.0,,350000.0,,
,,,,,,707000.0,2490000.0,,329000.0,,
,,,,,,672500.0,3165000.0,,346000.0,,
,,,,,,531000.0,3105000.0,,331000.0,,
,,,,,,670000.0,3870000.0,,342000.0,,
,,,,,,621000.0,2980000.0,,352000.0,,
,,,,,,684000.0,2490000.0,,363000.0,,
,,,,,,446000.0,2415000.0,,448500.0,,
,,,,,,604000.0,2820000.0,,382000.0,,
,,,,,,638000.0,2310000.0,,387000.0,,
,,,,,,560000.0,2265000.0,,346000.0,,
,,,,,,1240000.0,2650000.0,,405000.0,,
,,,,,,1650000.0,3005000.0,,393000.0,,
,,,,,,1780000.0,2630000.0,,654500.0,,
,,,,,,1010000.0,2260000.0,,416000.0,,
,,,,,,769000.0,3070000.0,,342000.0,,
,,,,,,824000.0,2640000.0,,295000.0,,
,,,,,,828000.0,2675000.0,,321000.0,,
,,,,,,722000.0,2845000.0,,300000.0,,
,,,,,,634000.0,3005000.0,,313000.0,,
,,,,,,572000.0,2875000.0,,326000.0,,
,,,,,,610000.0,2930000.0,,331000.0,,
,,,,,,624000.0,2680000.0,,324000.0,,
,,,,,,942000.0,3710000.0,,376000.0,,
,,,,,,1010000.0,2860000.0,,375000.0,,
,,,,,,1080000.0,2830000.0,,390000.0,,
,,,,,,1290000.0,2805000.0,,389000.0,,
,,,,,,748000.0,3335000.0,,364000.0,,
,,,,,,1000000.0,2865000.0,,367000.0,,
,,,,,,877000.0,3000000.0,,392000.0,,
,,,,,,632000.0,3030000.0,,391000.0,,
,,,,,,673000.0,3565000.0,,400000.0,,
,,,,,,655000.0,3480000.0,,496000.0,,
,,,,,,977500.0,3340000.0,,557000.0,,
,,,,,,701000.0,3755000.0,,480000.0,,
,,,,,,636000.0,3580000.0,,444500.0,,
,,,,,,730000.0,3970000.0,,434000.0,,
,,,,,,978000.0,4130000.0,,453000.0,,
,,,,,,793500.0,3655000.0,,388000.0,,
,,,,,,593000.0,4070000.0,,379000.0,,
,,,,,,468000.0,2960000.0,,367500.0,,
,,,,,,385000.0,3630000.0,,316000.0,,
,,,,,,495000.0,3605000.0,,281000.0,,
,,,,,,591500.0,3270000.0,,290000.0,,
,,,,,,785000.0,3545000.0,,324000.0,,
,,,,,,658000.0,3505000.0,,350000.0,,
,,,,,,238000.0,3420000.0,,341000.0,,
,,,,,,563000.0,3120000.0,,363000.0,,
,,,,,,624500.0,3205000.0,,219500.0,,
,,,,,,421000.0,2940000.0,,157500.0,,
,,,,,,456000.0,3110000.0,,105500.0,,
,,,,,,304000.0,3110000.0,,91200.0,,
,,,,,,344000.0,3375000.0,,92600.0,,
,,,,,,367000.0,3290000.0,,37100.0,,
,,,,,,406000.0,3440000.0,,13700.0,,
,,,,,,442000.0,3460000.0,,13700.0,,
,,,,,,327000.0,3440000.0,,20800.0,,
,,,,,,315000.0,3800000.0,,27850.0,,
,,,,,,338000.0,3790000.0,,34100.0,,
,,,,,,433000.0,3440000.0,,13500.0,,
,,,,,,572000.0,3715000.0,,14050.0,,
,,,,,,577000.0,3660000.0,,14600.0,,
,,,,,,572000.0,3690000.0,,16800.0,,
,,,,,,550000.0,4060000.0,,115000.0,,
,,,,,,706000.0,4230000.0,,117000.0,,
,,,,,,707000.0,4250000.0,,121000.0,,
,,,,,,654000.0,4270000.0,,38600.0,,
,,,,,,573000.0,3690000.0,,130000.0,,
,,,,,,521000.0,3380000.0,,40850.0,,
,,,,,,563000.0,2880000.0,,45400.0,,
,,,,,,593000.0,3440000.0,,51800.0,,
,,,,,,590000.0,3630000.0,,66000.0,,
,,,,,,633000.0,3420000.0,,60450.0,,
,,,,,,559000.0,3780000.0,,65300.0,,
,,,,,,504000.0,4050000.0,,66900.0,,
,,,,,,669000.0,3410000.0,,78800.0,,
,,,,,,704000.0,4140000.0,,79800.0,,
,,,,,,687000.0,3820000.0,,74400.0,,
,,,,,,655000.0,4430000.0,,87900.0,,
,,,,,,706000.0,4750000.0,,91800.0,,
,,,,,,751000.0,4260000.0,,98700.0,,
,,,,,,835000.0,4060000.0,,96400.0,,
,,,,,,958000.0,4460000.0,,105000.0,,
,,,,,,1010000.0,3720000.0,,103000.0,,
,,,,,,792000.0,4110000.0,,87400.0,,
,,,,,,436500.0,3890000.0,,60700.0,,
,,,,,,983000.0,4370000.0,,66800.0,,
,,,,,,1590000.0,3980000.0,,76300.0,,
,,,,,,1630000.0,4350000.0,,83900.0,,
,,,,,,870500.0,4440000.0,,90800.0,,
,,,,,,839000.0,4710000.0,,94900.0,,
,,,,,,935000.0,4820000.0,,105000.0,,
,,,,,,222000.0,4740000.0,,109000.0,,
,,,,,,221000.0,4560000.0,,108000.0,,
,,,,,,248000.0,4020000.0,,92200.0,,
,,,,,,349000.0,4150000.0,,96300.0,,
,,,,,,394000.0,3680000.0,,102000.0,,
,,,,,,820000.0,3870000.0,,109000.0,,
,,,,,,887500.0,4130000.0,,114000.0,,
,,,,,,956000.0,3840000.0,,145000.0,,
,,,,,,799500.0,4635000.0,,162000.0,,
,,,,,,495000.0,4235000.0,,183000.0,,
,,,,,,796000.0,6130000.0,,199000.0,,
,,,,,,656000.0,6240000.0,,205000.0,,
,,,,,,328000.0,5575000.0,,205000.0,,
,,,,,,268000.0,6085000.0,,207000.0,,
,,,,,,208000.0,6280000.0,,205000.0,,
,,,,,,384500.0,6040000.0,,214000.0,,
,,,,,,180000.0,6480000.0,,212000.0,,
,,,,,,191000.0,6235000.0,,215000.0,,
,,,,,,189000.0,6300000.0,,218000.0,,
,,,,,,152000.0,5915000.0,,280000.0,,
,,,,,,66000.0,5630000.0,,282000.0,,
,,,,,,52150.0,4600000.0,,291000.0,,
,,,,,,260000.0,5160000.0,,290500.0,,
,,,,,,91100.0,6010000.0,,297500.0,,
,,,,,,66700.0,6140000.0,,247000.0,,
,,,,,,116000.0,5540000.0,,247000.0,,
,,,,,,68050.0,5880000.0,,245000.0,,
,,,,,,62350.0,5380000.0,,246000.0,,
,,,,,,64200.0,4450000.0,,242000.0,,
,,,,,,58050.0,4330000.0,,131000.0,,
,,,,,,68200.0,4210000.0,,128000.0,,
,,,,,,136500.0,5120000.0,,120000.0,,
,,,,,,161000.0,5720000.0,,119000.0,,
,,,,,,71200.0,5980000.0,,127000.0,,
,,,,,,79400.0,4495000.0,,138000.0,,
,,,,,,159000.0,5890000.0,,143000.0,,
,,,,,,109000.0,5640000.0,,151000.0,,
,,,,,,596000.0,5730000.0,,158000.0,,
,,,,,,262000.0,5870000.0,,164000.0,,
,,,,,,319000.0,5585000.0,,174000.0,,
,,,,,,278000.0,5740000.0,,185000.0,,
,,,,,,86950.0,3455000.0,,201000.0,,
,,,,,,97450.0,3210000.0,,212000.0,,
,,,,,,79800.0,3215000.0,,214000.0,,
,,,,,,86900.0,4510000.0,,223000.0,,
,,,,,,681000.0,3215000.0,,236000.0,,
,,,,,,535000.0,3840000.0,,236000.0,,
,,,,,,86700.0,2820000.0,,239000.0,,
,,,,,,84000.0,5615000.0,,249000.0,,
,,,,,,82100.0,5730000.0,,255000.0,,
,,,,,,109000.0,5490000.0,,268000.0,,
,,,,,,247500.0,5550000.0,,275000.0,,
,,,,,,38400.0,5160000.0,,290000.0,,
,,,,,,113000.0,4170000.0,,306000.0,,
,,,,,,193000.0,2400000.0,,309000.0,,
,,,,,,74050.0,5720000.0,,268000.0,,
,,,,,,654500.0,5260000.0,,279500.0,,
,,,,,,139500.0,5120000.0,,290000.0,,
,,,,,,110000.0,5070000.0,,304000.0,,
,,,,,,639000.0,5840000.0,,328000.0,,
,,,,,,4840000.0,5260000.0,,321000.0,,
,,,,,,1660000.0,5320000.0,,319000.0,,
,,,,,,590000.0,5445000.0,,342000.0,,
,,,,,,604000.0,5560000.0,,319500.0,,
,,,,,,737500.0,5780000.0,,328000.0,,
,,,,,,1205000.0,5690000.0,,341000.0,,
,,,,,,977000.0,5750000.0,,342000.0,,
,,,,,,630500.0,5110000.0,,329000.0,,
,,,,,,460000.0,5865000.0,,344000.0,,
,,,,,,536000.0,5535000.0,,367000.0,,
,,,,,,705000.0,5330000.0,,371000.0,,
,,,,,,790000.0,5475000.0,,386000.0,,
,,,,,,810500.0,5760000.0,,425000.0,,
,,,,,,850500.0,5680000.0,,444000.0,,
,,,,,,642000.0,5750000.0,,429000.0,,
,,,,,,633000.0,5760000.0,,405000.0,,
,,,,,,614000.0,5540000.0,,401000.0,,
,,,,,,602000.0,5470000.0,,417000.0,,
,,,,,,544000.0,6040000.0,,413000.0,,
,,,,,,619000.0,6265000.0,,280000.0,,
,,,,,,593500.0,6550000.0,,445000.0,,
,,,,,,219000.0,6250000.0,,455000.0,,
,,,,,,349500.0,6060000.0,,464000.0,,
,,,,,,577000.0,6260000.0,,434000.0,,
,,,,,,280000.0,6215000.0,,420000.0,,
,,,,,,329500.0,6030000.0,,434000.0,,
,,,,,,496000.0,5820000.0,,434000.0,,
,,,,,,531000.0,5930000.0,,450000.0,,
,,,,,,652500.0,6270000.0,,458000.0,,
,,,,,,648000.0,6560000.0,,440000.0,,
,,,,,,607500.0,6175000.0,,459000.0,,
,,,,,,724000.0,5780000.0,,455000.0,,
,,,,,,119000.0,6430000.0,,472000.0,,
,,,,,,142500.0,6300000.0,,479000.0,,
,,,,,,122000.0,6390000.0,,401500.0,,
,,,,,,125000.0,7130000.0,,285000.0,,
,,,,,,143000.0,6180000.0,,259000.0,,
,,,,,,146000.0,6200000.0,,247000.0,,
,,,,,,197000.0,6060000.0,,237000.0,,
,,,,,,219000.0,6250000.0,,238000.0,,
,,,,,,214000.0,6050000.0,,237000.0,,
,,,,,,272000.0,5910000.0,,242000.0,,
,,,,,,245000.0,5680000.0,,132000.0,,
,,,,,,86250.0,6030000.0,,238000.0,,
,,,,,,123000.0,6100000.0,,144500.0,,
,,,,,,69500.0,6320000.0,,204000.0,,
,,,,,,70100.0,5625000.0,,204000.0,,
,,,,,,60900.0,5870000.0,,198000.0,,
,,,,,,72400.0,5930000.0,,202000.0,,
,,,,,,191000.0,5930000.0,,200000.0,,
,,,,,,196000.0,6435000.0,,199000.0,,
,,,,,,286500.0,8410000.0,,196000.0,,
,,,,,,292000.0,6890000.0,,180000.0,,
,,,,,,132000.0,7610000.0,,188000.0,,
,,,,,,30600.0,8480000.0,,206000.0,,
,,,,,,24300.0,8595000.0,,206000.0,,
,,,,,,20800.0,4850000.0,,403000.0,,
,,,,,,181000.0,1450000.0,,217000.0,,
,,,,,,132000.0,5660000.0,,241000.0,,
,,,,,,118000.0,7745000.0,,402000.0,,
,,,,,,75150.0,8890000.0,,485000.0,,
,,,,,,78800.0,11900000.0,,451000.0,,
,,,,,,76750.0,10600000.0,,337000.0,,
,,,,,,12700.0,9725000.0,,462500.0,,
,,,,,,55350.0,8890000.0,,199000.0,,
,,,,,,59400.0,9165000.0,,196000.0,,
,,,,,,88600.0,10400000.0,,224000.0,,
,,,,,,48400.0,9375000.0,,210500.0,,
,,,,,,75950.0,5600000.0,,503000.0,,
,,,,,,99050.0,6790000.0,,190000.0,,
,,,,,,102000.0,6095000.0,,187000.0,,
,,,,,,89800.0,8660000.0,,187000.0,,
,,,,,,51200.0,7670000.0,,185000.0,,
,,,,,,51300.0,9840000.0,,178500.0,,
,,,,,,55600.0,12600000.0,,205500.0,,
,,,,,,78200.0,9700000.0,,282000.0,,
,,,,,,84700.0,8985000.0,,158000.0,,
,,,,,,72050.0,9440000.0,,216000.0,,
,,,,,,42600.0,10200000.0,,358000.0,,
,,,,,,38350.0,7535000.0,,524000.0,,
,,,,,,70600.0,7080000.0,,535000.0,,
,,,,,,184000.0,9110000.0,,546000.0,,
,,,,,,99000.0,11100000.0,,545000.0,,
,,,,,,137500.0,9250000.0,,414000.0,,
,,,,,,131000.0,8290000.0,,416000.0,,
,,,,,,48200.0,8495000.0,,427000.0,,
,,,,,,70500.0,8880000.0,,413000.0,,
,,,,,,87700.0,8205000.0,,411000.0,,
,,,,,,140000.0,7300000.0,,419000.0,,
,,,,,,93300.0,8220000.0,,433000.0,,
,,,,,,186000.0,8425000.0,,414000.0,,
,,,,,,945000.0,9330000.0,,431000.0,,
,,,,,,1360000.0,8640000.0,,439000.0,,
,,,,,,1460000.0,7940000.0,,346000.0,,
,,,,,,5250.0,8000000.0,,398000.0,,
,,,,,,57500.0,8770000.0,,439000.0,,
,,,,,,76700.0,9320000.0,,457000.0,,
,,,,,,64700.0,12900000.0,,448000.0,,
,,,,,,82900.0,14200000.0,,389500.0,,
,,,,,,70700.0,17600000.0,,437500.0,,
,,,,,,92750.0,13400000.0,,496000.0,,
,,,,,,108000.0,12500000.0,,371000.0,,
,,,,,,87850.0,13300000.0,,449000.0,,
,,,,,,51300.0,13100000.0,,397000.0,,
,,,,,,49100.0,13600000.0,,333000.0,,
,,,,,,43100.0,14250000.0,,266000.0,,
,,,,,,53300.0,13800000.0,,227000.0,,
,,,,,,51350.0,13300000.0,,205000.0,,
,,,,,,,14700000.0,,195000.0,,
,,,,,,,13100000.0,,190000.0,,
,,,,,,,13000000.0,,227500.0,,
,,,,,,,12900000.0,,424000.0,,
,,,,,,,14900000.0,,238000.0,,
,,,,,,,15700000.0,,225500.0,,
,,,,,,,16300000.0,,241000.0,,
,,,,,,,18700000.0,,211000.0,,
,,,,,,,16250000.0,,225000.0,,
,,,,,,,17500000.0,,289000.0,,
,,,,,,,19100000.0,,408000.0,,
,,,,,,,17700000.0,,447000.0,,
,,,,,,,13600000.0,,459000.0,,
,,,,,,,12350000.0,,455500.0,,
,,,,,,,14000000.0,,328000.0,,
,,,,,,,11200000.0,,220000.0,,
,,,,,,,11900000.0,,320500.0,,
,,,,,,,11800000.0,,350000.0,,
,,,,,,,12500000.0,,312000.0,,
,,,,,,,12200000.0,,245000.0,,
,,,,,,,10700000.0,,425000.0,,
,,,,,,,11000000.0,,422000.0,,
,,,,,,,11300000.0,,430000.0,,
,,,,,,,12650000.0,,360000.0,,
,,,,,,,11800000.0,,209000.0,,
,,,,,,,11400000.0,,191500.0,,
,,,,,,,10300000.0,,227000.0,,
,,,,,,,12700000.0,,293000.0,,
,,,,,,,11400000.0,,206000.0,,
,,,,,,,11600000.0,,216500.0,,
,,,,,,,10600000.0,,501000.0,,
,,,,,,,9660000.0,,418000.0,,
,,,,,,,10600000.0,,354500.0,,
,,,,,,,11200000.0,,342000.0,,
,,,,,,,11000000.0,,525000.0,,
,,,,,,,11000000.0,,288000.0,,
,,,,,,,9460000.0,,323000.0,,
,,,,,,,9270000.0,,399000.0,,
,,,,,,,9830000.0,,554000.0,,
,,,,,,,10400000.0,,404000.0,,
,,,,,,,9150000.0,,307000.0,,
,,,,,,,8300000.0,,223000.0,,
,,,,,,,7880000.0,,202000.0,,
,,,,,,,8740000.0,,162000.0,,
,,,,,,,9020000.0,,190000.0,,
,,,,,,,9935000.0,,137000.0,,
,,,,,,,9860000.0,,134000.0,,
,,,,,,,9265000.0,,169000.0,,
,,,,,,,9010000.0,,621000.0,,
,,,,,,,8200000.0,,293000.0,,
,,,,,,,8935000.0,,289000.0,,
,,,,,,,10200000.0,,501500.0,,
,,,,,,,9590000.0,,280000.0,,
,,,,,,,9710000.0,,250000.0,,
,,,,,,,9935000.0,,245500.0,,
,,,,,,,9730000.0,,256000.0,,
,,,,,,,11000000.0,,261000.0,,
,,,,,,,9940000.0,,255500.0,,
,,,,,,,11200000.0,,248500.0,,
,,,,,,,11200000.0,,252000.0,,
,,,,,,,10800000.0,,262500.0,,
,,,,,,,12200000.0,,615000.0,,
,,,,,,,12400000.0,,539000.0,,
,,,,,,,11400000.0,,538000.0,,
,,,,,,,9390000.0,,580000.0,,
,,,,,,,9200000.0,,550500.0,,
,,,,,,,9195000.0,,444000.0,,
,,,,,,,9260000.0,,292000.0,,
,,,,,,,9660000.0,,251500.0,,
,,,,,,,8730000.0,,295000.0,,
,,,,,,,8110000.0,,313000.0,,
,,,,,,,9300000.0,,432000.0,,
,,,,,,,9430000.0,,457000.0,,
,,,,,,,9935000.0,,316000.0,,
,,,,,,,10200000.0,,273000.0,,
,,,,,,,10900000.0,,258000.0,,
,,,,,,,11000000.0,,310000.0,,
,,,,,,,10400000.0,,414000.0,,
,,,,,,,9080000.0,,368000.0,,
,,,,,,,10300000.0,,353500.0,,
,,,,,,,11500000.0,,372000.0,,
,,,,,,,8980000.0,,348000.0,,
,,,,,,,10900000.0,,318000.0,,
,,,,,,,11700000.0,,295000.0,,
,,,,,,,10850000.0,,385000.0,,
,,,,,,,9440000.0,,423000.0,,
,,,,,,,7150000.0,,416000.0,,
,,,,,,,6510000.0,,365000.0,,
,,,,,,,4110000.0,,372000.0,,
,,,,,,,4290000.0,,399000.0,,
,,,,,,,5690000.0,,422000.0,,
,,,,,,,5725000.0,,442000.0,,
,,,,,,,6935000.0,,435500.0,,
,,,,,,,4965000.0,,479000.0,,
,,,,,,,4855000.0,,492000.0,,
,,,,,,,7560000.0,,471000.0,,
,,,,,,,5965000.0,,483000.0,,
,,,,,,,6940000.0,,293000.0,,
,,,,,,,4325000.0,,502000.0,,
,,,,,,,4905000.0,,506000.0,,
,,,,,,,5730000.0,,498000.0,,
,,,,,,,6400000.0,,453000.0,,
,,,,,,,7560000.0,,301000.0,,
,,,,,,,7700000.0,,266000.0,,
,,,,,,,7380000.0,,496000.0,,
,,,,,,,5190000.0,,532000.0,,
,,,,,,,6300000.0,,542000.0,,
,,,,,,,5940000.0,,492000.0,,
,,,,,,,6205000.0,,524000.0,,
,,,,,,,5845000.0,,503000.0,,
,,,,,,,5550000.0,,511000.0,,
,,,,,,,5385000.0,,495000.0,,
,,,,,,,5520000.0,,529000.0,,
,,,,,,,5260000.0,,550500.0,,
,,,,,,,5930000.0,,552500.0,,
,,,,,,,5910000.0,,545000.0,,
,,,,,,,5730000.0,,522500.0,,
,,,,,,,6350000.0,,356000.0,,
,,,,,,,7355000.0,,388000.0,,
,,,,,,,7500000.0,,344000.0,,
,,,,,,,6635000.0,,358000.0,,
,,,,,,,7330000.0,,397500.0,,
,,,,,,,5435000.0,,445000.0,,
,,,,,,,7285000.0,,490000.0,,
,,,,,,,5830000.0,,509000.0,,
,,,,,,,6965000.0,,517000.0,,
,,,,,,,7810000.0,,510000.0,,
,,,,,,,7110000.0,,294000.0,,
,,,,,,,8240000.0,,287000.0,,
,,,,,,,8580000.0,,278000.0,,
,,,,,,,7185000.0,,284000.0,,
,,,,,,,8960000.0,,284500.0,,
,,,,,,,9170000.0,,511500.0,,
,,,,,,,9230000.0,,467000.0,,
,,,,,,,8680000.0,,303000.0,,
,,,,,,,6980000.0,,354000.0,,
,,,,,,,6620000.0,,312000.0,,
,,,,,,,7360000.0,,554500.0,,
,,,,,,,7710000.0,,471000.0,,
,,,,,,,6825000.0,,227000.0,,
,,,,,,,8380000.0,,487000.0,,
,,,,,,,5690000.0,,336000.0,,
,,,,,,,6640000.0,,283500.0,,
,,,,,,,7130000.0,,319000.0,,
,,,,,,,6290000.0,,344500.0,,
,,,,,,,6570000.0,,401000.0,,
,,,,,,,4870000.0,,367000.0,,
,,,,,,,5160000.0,,614500.0,,
,,,,,,,6195000.0,,896000.0,,
,,,,,,,5520000.0,,711000.0,,
,,,,,,,3800000.0,,886000.0,,
,,,,,,,1795000.0,,1140000.0,,
,,,,,,,6535000.0,,1160000.0,,
,,,,,,,6780000.0,,1180000.0,,
,,,,,,,6430000.0,,1180000.0,,
,,,,,,,4830000.0,,1160000.0,,
,,,,,,,6280000.0,,1150000.0,,
,,,,,,,6680000.0,,1230000.0,,
,,,,,,,5730000.0,,1240000.0,,
,,,,,,,5825000.0,,1240000.0,,
,,,,,,,5180000.0,,1030000.0,,
,,,,,,,4920000.0,,1190000.0,,
,,,,,,,5780000.0,,1040000.0,,
,,,,,,,6100000.0,,1060000.0,,
,,,,,,,5620000.0,,795000.0,,
,,,,,,,5270000.0,,1030000.0,,
,,,,,,,4540000.0,,418000.0,,
,,,,,,,4710000.0,,397500.0,,
,,,,,,,4555000.0,,414000.0,,
,,,,,,,4120000.0,,1240000.0,,
,,,,,,,3760000.0,,1250000.0,,
,,,,,,,3610000.0,,1190000.0,,
,,,,,,,1950000.0,,1330000.0,,
,,,,,,,3980000.0,,1310000.0,,
,,,,,,,5010000.0,,348000.0,,
,,,,,,,5100000.0,,1250000.0,,
,,,,,,,5405000.0,,1260000.0,,
,,,,,,,5645000.0,,416500.0,,
,,,,,,,5880000.0,,333500.0,,
,,,,,,,4345000.0,,343000.0,,
,,,,,,,3910000.0,,361000.0,,
,,,,,,,5125000.0,,383000.0,,
,,,,,,,6380000.0,,381000.0,,
,,,,,,,5040000.0,,1090000.0,,
,,,,,,,6310000.0,,394000.0,,
,,,,,,,6820000.0,,366000.0,,
,,,,,,,6030000.0,,385000.0,,
,,,,,,,3830000.0,,1250000.0,,
,,,,,,,6320000.0,,1320000.0,,
,,,,,,,4025000.0,,1290000.0,,
,,,,,,,7280000.0,,1170000.0,,
,,,,,,,6370000.0,,351000.0,,
,,,,,,,6975000.0,,327000.0,,
,,,,,,,7405000.0,,310000.0,,
,,,,,,,7125000.0,,321000.0,,
,,,,,,,5100000.0,,331500.0,,
,,,,,,,4460000.0,,436000.0,,
,,,,,,,5890000.0,,1690000.0,,
,,,,,,,6650000.0,,1905000.0,,
,,,,,,,5870000.0,,1195000.0,,
,,,,,,,6400000.0,,1710000.0,,
,,,,,,,7250000.0,,1820000.0,,
,,,,,,,6010000.0,,1550000.0,,
,,,,,,,5810000.0,,1760000.0,,
,,,,,,,5520000.0,,1820000.0,,
,,,,,,,5050000.0,,1860000.0,,
,,,,,,,5630000.0,,1820000.0,,
,,,,,,,8440000.0,,1660000.0,,
,,,,,,,10300000.0,,364000.0,,
,,,,,,,9565000.0,,551000.0,,
,,,,,,,7700000.0,,354500.0,,
,,,,,,,9345000.0,,1610000.0,,
,,,,,,,9640000.0,,1720000.0,,
,,,,,,,9695000.0,,1910000.0,,
,,,,,,,7950000.0,,1710000.0,,
,,,,,,,8290000.0,,1830000.0,,
,,,,,,,8310000.0,,1860000.0,,
,,,,,,,8785000.0,,1875000.0,,
,,,,,,,7830000.0,,1840000.0,,
,,,,,,,8090000.0,,1860000.0,,
,,,,,,,7825000.0,,1735000.0,,
,,,,,,,7320000.0,,1590000.0,,
,,,,,,,7710000.0,,959000.0,,
,,,,,,,5260000.0,,1270000.0,,
,,,,,,,4570000.0,,1625000.0,,
,,,,,,,3630000.0,,378500.0,,
,,,,,,,3300000.0,,311500.0,,
,,,,,,,4335000.0,,374500.0,,
,,,,,,,8045000.0,,358000.0,,
,,,,,,,9180000.0,,395000.0,,
,,,,,,,8760000.0,,1830000.0,,
,,,,,,,9195000.0,,1670000.0,,
,,,,,,,8220000.0,,1975000.0,,
,,,,,,,9330000.0,,2070000.0,,
,,,,,,,6860000.0,,1870000.0,,
,,,,,,,6950000.0,,1945000.0,,
,,,,,,,7310000.0,,1995000.0,,
,,,,,,,6770000.0,,2075000.0,,
,,,,,,,5760000.0,,1865000.0,,
,,,,,,,5500000.0,,1370000.0,,
,,,,,,,3935000.0,,1160000.0,,
,,,,,,,3225000.0,,2220000.0,,
,,,,,,,3400000.0,,1830000.0,,
,,,,,,,7250000.0,,1380000.0,,
,,,,,,,5950000.0,,354000.0,,
,,,,,,,6070000.0,,830000.0,,
,,,,,,,7330000.0,,936000.0,,
,,,,,,,6970000.0,,364000.0,,
,,,,,,,6400000.0,,340500.0,,
,,,,,,,6080000.0,,1380000.0,,
,,,,,,,6570000.0,,2010000.0,,
,,,,,,,6690000.0,,1785000.0,,
,,,,,,,8310000.0,,1320000.0,,
,,,,,,,6840000.0,,940000.0,,
,,,,,,,5695000.0,,846500.0,,
,,,,,,,6695000.0,,884000.0,,
,,,,,,,4130000.0,,1010000.0,,
,,,,,,,5115000.0,,1625000.0,,
,,,,,,,2140000.0,,1790000.0,,
,,,,,,,1100000.0,,1120000.0,,
,,,,,,,4880000.0,,1040000.0,,
,,,,,,,5855000.0,,1190000.0,,
,,,,,,,477000.0,,1440000.0,,
,,,,,,,276000.0,,1400000.0,,
,,,,,,,257000.0,,1060000.0,,
,,,,,,,284000.0,,811000.0,,
,,,,,,,775000.0,,413500.0,,
,,,,,,,793000.0,,744500.0,,
,,,,,,,453000.0,,438000.0,,
,,,,,,,509000.0,,403000.0,,
,,,,,,,1770000.0,,887000.0,,
,,,,,,,702000.0,,1320000.0,,
,,,,,,,662000.0,,1095000.0,,
,,,,,,,162000.0,,1140000.0,,
,,,,,,,99500.0,,442000.0,,
,,,,,,,64500.0,,423000.0,,
,,,,,,,216000.0,,405500.0,,
,,,,,,,865500.0,,382000.0,,
,,,,,,,1190000.0,,395000.0,,
,,,,,,,1200000.0,,369500.0,,
,,,,,,,598000.0,,224500.0,,
,,,,,,,141500.0,,219500.0,,
,,,,,,,384000.0,,193000.0,,
,,,,,,,574500.0,,290000.0,,
,,,,,,,,,356000.0,,
,,,,,,,,,288500.0,,
,,,,,,,,,261000.0,,
,,,,,,,,,290000.0,,
,,,,,,,,,212000.0,,
,,,,,,,,,237000.0,,
,,,,,,,,,458000.0,,
,,,,,,,,,393000.0,,
,,,,,,,,,1195000.0,,
,,,,,,,,,1930000.0,,
,,,,,,,,,1940000.0,,
,,,,,,,,,1700000.0,,
,,,,,,,,,1670000.0,,
,,,,,,,,,1670000.0,,
,,,,,,,,,1620000.0,,
,,,,,,,,,397000.0,,
,,,,,,,,,1225000.0,,
,,,,,,,,,470000.0,,
,,,,,,,,,1460000.0,,
,,,,,,,,,458500.0,,
,,,,,,,,,913000.0,,
,,,,,,,,,447000.0,,
,,,,,,,,,1015000.0,,
,,,,,,,,,452000.0,,
,,,,,,,,,532500.0,,
,,,,,,,,,373000.0,,
,,,,,,,,,360000.0,,
,,,,,,,,,377500.0,,
,,,,,,,,,336000.0,,
,,,,,,,,,323000.0,,
,,,,,,,,,336000.0,,
,,,,,,,,,355000.0,,
,,,,,,,,,349000.0,,
,,,,,,,,,345000.0,,
,,,,,,,,,347000.0,,
,,,,,,,,,362000.0,,
,,,,,,,,,364000.0,,
,,,,,,,,,349000.0,,
,,,,,,,,,373000.0,,
,,,,,,,,,344000.0,,
,,,,,,,,,343000.0,,
,,,,,,,,,354000.0,,
,,,,,,,,,357000.0,,
,,,,,,,,,534000.0,,
,,,,,,,,,391000.0,,
,,,,,,,,,371000.0,,
,,,,,,,,,351000.0,,
,,,,,,,,,363000.0,,
,,,,,,,,,398000.0,,
,,,,,,,,,364000.0,,
,,,,,,,,,368500.0,,
,,,,,,,,,381000.0,,
,,,,,,,,,380000.0,,
,,,,,,,,,399500.0,,
,,,,,,,,,395000.0,,
,,,,,,,,,408000.0,,
,,,,,,,,,417000.0,,
,,,,,,,,,406000.0,,
,,,,,,,,,430000.0,,
,,,,,,,,,419000.0,,
,,,,,,,,,437000.0,,
,,,,,,,,,387000.0,,
,,,,,,,,,375000.0,,
,,,,,,,,,328000.0,,
,,,,,,,,,341000.0,,
,,,,,,,,,430500.0,,
,,,,,,,,,437000.0,,
,,,,,,,,,322000.0,,
,,,,,,,,,248000.0,,
,,,,,,,,,387000.0,,
,,,,,,,,,421000.0,,
,,,,,,,,,432000.0,,
,,,,,,,,,298000.0,,
,,,,,,,,,343000.0,,
,,,,,,,,,374000.0,,
,,,,,,,,,363000.0,,
,,,,,,,,,396500.0,,
,,,,,,,,,420000.0,,
,,,,,,,,,338000.0,,
,,,,,,,,,283000.0,,
,,,,,,,,,276000.0,,
,,,,,,,,,256000.0,,
,,,,,,,,,255000.0,,
,,,,,,,,,263000.0,,
,,,,,,,,,257000.0,,
,,,,,,,,,260000.0,,
,,,,,,,,,262000.0,,
,,,,,,,,,245000.0,,
,,,,,,,,,325000.0,,
,,,,,,,,,302000.0,,
,,,,,,,,,328000.0,,
,,,,,,,,,294000.0,,
,,,,,,,,,316000.0,,
,,,,,,,,,373500.0,,
,,,,,,,,,363000.0,,
,,,,,,,,,347500.0,,
,,,,,,,,,372000.0,,
,,,,,,,,,368000.0,,
,,,,,,,,,351000.0,,
,,,,,,,,,361000.0,,
,,,,,,,,,369000.0,,
,,,,,,,,,370500.0,,
,,,,,,,,,326000.0,,
,,,,,,,,,317000.0,,
,,,,,,,,,337500.0,,
,,,,,,,,,333000.0,,
,,,,,,,,,346000.0,,
,,,,,,,,,325000.0,,
,,,,,,,,,290000.0,,
,,,,,,,,,353500.0,,
,,,,,,,,,344500.0,,
,,,,,,,,,321000.0,,
,,,,,,,,,351000.0,,
,,,,,,,,,498500.0,,
,,,,,,,,,601000.0,,
,,,,,,,,,578000.0,,
,,,,,,,,,538000.0,,
,,,,,,,,,677500.0,,
,,,,,,,,,526500.0,,
,,,,,,,,,512000.0,,
,,,,,,,,,469000.0,,
,,,,,,,,,449500.0,,
,,,,,,,,,491000.0,,
,,,,,,,,,514000.0,,
,,,,,,,,,504000.0,,
,,,,,,,,,526500.0,,
,,,,,,,,,550500.0,,
,,,,,,,,,550000.0,,
,,,,,,,,,534000.0,,
,,,,,,,,,640500.0,,
,,,,,,,,,773000.0,,
,,,,,,,,,897000.0,,
,,,,,,,,,841000.0,,
,,,,,,,,,592500.0,,
,,,,,,,,,538000.0,,
,,,,,,,,,513000.0,,
,,,,,,,,,521000.0,,
,,,,,,,,,489000.0,,
,,,,,,,,,447000.0,,
,,,,,,,,,423000.0,,
,,,,,,,,,436500.0,,
,,,,,,,,,449000.0,,
,,,,,,,,,484000.0,,
,,,,,,,,,415000.0,,
,,,,,,,,,505000.0,,
,,,,,,,,,522000.0,,
,,,,,,,,,394000.0,,
,,,,,,,,,421000.0,,
,,,,,,,,,356000.0,,
,,,,,,,,,390000.0,,
,,,,,,,,,448000.0,,
,,,,,,,,,495000.0,,
,,,,,,,,,425000.0,,
,,,,,,,,,446000.0,,
,,,,,,,,,439000.0,,
,,,,,,,,,450500.0,,
,,,,,,,,,472500.0,,
,,,,,,,,,493500.0,,
,,,,,,,,,486000.0,,
,,,,,,,,,499000.0,,
,,,,,,,,,499000.0,,
,,,,,,,,,484500.0,,
,,,,,,,,,473000.0,,
,,,,,,,,,425000.0,,
,,,,,,,,,542000.0,,
,,,,,,,,,515000.0,,
,,,,,,,,,485000.0,,
,,,,,,,,,470000.0,,
,,,,,,,,,461500.0,,
,,,,,,,,,454000.0,,
,,,,,,,,,462500.0,,
,,,,,,,,,452000.0,,
,,,,,,,,,407000.0,,
,,,,,,,,,439000.0,,
,,,,,,,,,487000.0,,
,,,,,,,,,483000.0,,
,,,,,,,,,467000.0,,
,,,,,,,,,455500.0,,
,,,,,,,,,447000.0,,
,,,,,,,,,448000.0,,
,,,,,,,,,460500.0,,
,,,,,,,,,477000.0,,
,,,,,,,,,517500.0,,
,,,,,,,,,593000.0,,
,,,,,,,,,672000.0,,
,,,,,,,,,665500.0,,
,,,,,,,,,621000.0,,
,,,,,,,,,689500.0,,
,,,,,,,,,805000.0,,
,,,,,,,,,592000.0,,
,,,,,,,,,464000.0,,
,,,,,,,,,594000.0,,
,,,,,,,,,735500.0,,
,,,,,,,,,725000.0,,
,,,,,,,,,624500.0,,
,,,,,,,,,414000.0,,
,,,,,,,,,433500.0,,
,,,,,,,,,415000.0,,
,,,,,,,,,465000.0,,
,,,,,,,,,423000.0,,
,,,,,,,,,438000.0,,
,,,,,,,,,427000.0,,
,,,,,,,,,457000.0,,
,,,,,,,,,472500.0,,
,,,,,,,,,453000.0,,
,,,,,,,,,458500.0,,
,,,,,,,,,445000.0,,
,,,,,,,,,465500.0,,
,,,,,,,,,492000.0,,
,,,,,,,,,458000.0,,
,,,,,,,,,467000.0,,
,,,,,,,,,453000.0,,
,,,,,,,,,469000.0,,
,,,,,,,,,534000.0,,
,,,,,,,,,553000.0,,
,,,,,,,,,723000.0,,
,,,,,,,,,648000.0,,
,,,,,,,,,659000.0,,
,,,,,,,,,676000.0,,
,,,,,,,,,664000.0,,
,,,,,,,,,543000.0,,
,,,,,,,,,677000.0,,
,,,,,,,,,539000.0,,
,,,,,,,,,515000.0,,
,,,,,,,,,505000.0,,
,,,,,,,,,465000.0,,
,,,,,,,,,486000.0,,
,,,,,,,,,529500.0,,
,,,,,,,,,712000.0,,
,,,,,,,,,845500.0,,
,,,,,,,,,589000.0,,
,,,,,,,,,479000.0,,
,,,,,,,,,583500.0,,
,,,,,,,,,559500.0,,
,,,,,,,,,556000.0,,
,,,,,,,,,601000.0,,
,,,,,,,,,546500.0,,
,,,,,,,,,548000.0,,
,,,,,,,,,610000.0,,
,,,,,,,,,503500.0,,
,,,,,,,,,699000.0,,
,,,,,,,,,700000.0,,
,,,,,,,,,557500.0,,
,,,,,,,,,641000.0,,
,,,,,,,,,514000.0,,
,,,,,,,,,554000.0,,
,,,,,,,,,592500.0,,
,,,,,,,,,590000.0,,
,,,,,,,,,611000.0,,
,,,,,,,,,654500.0,,
,,,,,,,,,619000.0,,
,,,,,,,,,569000.0,,
,,,,,,,,,531500.0,,
,,,,,,,,,537500.0,,
,,,,,,,,,617000.0,,
,,,,,,,,,875000.0,,
,,,,,,,,,1020000.0,,
,,,,,,,,,967000.0,,
,,,,,,,,,933500.0,,
,,,,,,,,,1000000.0,,
,,,,,,,,,891000.0,,
,,,,,,,,,989000.0,,
,,,,,,,,,792000.0,,
,,,,,,,,,871500.0,,
,,,,,,,,,757000.0,,
,,,,,,,,,582000.0,,
,,,,,,,,,719500.0,,
,,,,,,,,,774000.0,,
,,,,,,,,,758500.0,,
,,,,,,,,,643000.0,,
,,,,,,,,,694000.0,,
,,,,,,,,,698500.0,,
,,,,,,,,,686000.0,,
,,,,,,,,,662000.0,,
,,,,,,,,,693000.0,,
,,,,,,,,,815500.0,,
,,,,,,,,,742000.0,,
,,,,,,,,,618000.0,,
,,,,,,,,,569000.0,,
,,,,,,,,,526000.0,,
,,,,,,,,,550500.0,,
,,,,,,,,,536000.0,,
,,,,,,,,,541000.0,,
,,,,,,,,,568000.0,,
,,,,,,,,,620000.0,,
,,,,,,,,,710000.0,,
,,,,,,,,,681000.0,,
,,,,,,,,,853000.0,,
,,,,,,,,,747000.0,,
,,,,,,,,,763000.0,,
,,,,,,,,,786000.0,,
,,,,,,,,,637000.0,,
,,,,,,,,,868000.0,,
,,,,,,,,,852000.0,,
,,,,,,,,,748000.0,,
,,,,,,,,,1040000.0,,
,,,,,,,,,566000.0,,
,,,,,,,,,645500.0,,
,,,,,,,,,607000.0,,
,,,,,,,,,1280000.0,,
,,,,,,,,,1300000.0,,
,,,,,,,,,1340000.0,,
,,,,,,,,,1380000.0,,
,,,,,,,,,1445000.0,,
,,,,,,,,,1485000.0,,
,,,,,,,,,1580000.0,,
,,,,,,,,,1580000.0,,
,,,,,,,,,1630000.0,,
,,,,,,,,,1720000.0,,
,,,,,,,,,1850000.0,,
,,,,,,,,,1860000.0,,
,,,,,,,,,1860000.0,,
,,,,,,,,,1880000.0,,
,,,,,,,,,1870000.0,,
,,,,,,,,,1880000.0,,
,,,,,,,,,1920000.0,,
,,,,,,,,,1980000.0,,
,,,,,,,,,2010000.0,,
,,,,,,,,,2060000.0,,
,,,,,,,,,2030000.0,,
,,,,,,,,,2010000.0,,
,,,,,,,,,1950000.0,,
,,,,,,,,,2000000.0,,
,,,,,,,,,2050000.0,,
,,,,,,,,,2060000.0,,
,,,,,,,,,2040000.0,,
,,,,,,,,,2090000.0,,
,,,,,,,,,2150000.0,,
,,,,,,,,,2190000.0,,
,,,,,,,,,2230000.0,,
,,,,,,,,,2080000.0,,
,,,,,,,,,2220000.0,,
,,,,,,,,,2150000.0,,
,,,,,,,,,1520000.0,,
,,,,,,,,,2125000.0,,
,,,,,,,,,1360000.0,,
,,,,,,,,,794000.0,,
,,,,,,,,,817500.0,,
,,,,,,,,,656500.0,,
,,,,,,,,,609500.0,,
,,,,,,,,,546000.0,,
,,,,,,,,,639500.0,,
,,,,,,,,,543000.0,,
,,,,,,,,,481000.0,,
,,,,,,,,,556500.0,,
,,,,,,,,,688000.0,,
,,,,,,,,,705500.0,,
,,,,,,,,,1015000.0,,
,,,,,,,,,1570000.0,,
,,,,,,,,,1910000.0,,
,,,,,,,,,1850000.0,,
,,,,,,,,,1910000.0,,
,,,,,,,,,2170000.0,,
,,,,,,,,,2250000.0,,
,,,,,,,,,2350000.0,,
,,,,,,,,,2440000.0,,
,,,,,,,,,2405000.0,,
,,,,,,,,,2470000.0,,
,,,,,,,,,2010000.0,,
,,,,,,,,,2205000.0,,
,,,,,,,,,2260000.0,,
,,,,,,,,,2345000.0,,
,,,,,,,,,2200000.0,,
,,,,,,,,,2125000.0,,
,,,,,,,,,2240000.0,,
,,,,,,,,,1660000.0,,
,,,,,,,,,1840000.0,,
,,,,,,,,,2060000.0,,
,,,,,,,,,2120000.0,,
,,,,,,,,,1890000.0,,
,,,,,,,,,1620000.0,,
,,,,,,,,,1920000.0,,
,,,,,,,,,2270000.0,,
,,,,,,,,,2200000.0,,
,,,,,,,,,2375000.0,,
,,,,,,,,,2305000.0,,
,,,,,,,,,2340000.0,,
,,,,,,,,,2285000.0,,
,,,,,,,,,2370000.0,,
,,,,,,,,,2320000.0,,
,,,,,,,,,2110000.0,,
,,,,,,,,,2300000.0,,
,,,,,,,,,2360000.0,,
,,,,,,,,,2280000.0,,
,,,,,,,,,2610000.0,,
,,,,,,,,,2650000.0,,
,,,,,,,,,2570000.0,,
,,,,,,,,,2550000.0,,
,,,,,,,,,2540000.0,,
,,,,,,,,,2520000.0,,
,,,,,,,,,2580000.0,,
,,,,,,,,,2460000.0,,
,,,,,,,,,2530000.0,,
,,,,,,,,,2540000.0,,
,,,,,,,,,2510000.0,,
,,,,,,,,,2480000.0,,
,,,,,,,,,2455000.0,,
,,,,,,,,,2600000.0,,
,,,,,,,,,2550000.0,,
,,,,,,,,,1440000.0,,
,,,,,,,,,1455000.0,,
,,,,,,,,,1640000.0,,
,,,,,,,,,1500000.0,,
,,,,,,,,,1470000.0,,
,,,,,,,,,1190000.0,,
,,,,,,,,,1395000.0,,
,,,,,,,,,1475000.0,,
,,,,,,,,,1630000.0,,
,,,,,,,,,1785000.0,,
,,,,,,,,,1580000.0,,
,,,,,,,,,1500000.0,,
,,,,,,,,,1920000.0,,
,,,,,,,,,2070000.0,,
,,,,,,,,,2240000.0,,
,,,,,,,,,1770000.0,,
,,,,,,,,,1900000.0,,
,,,,,,,,,1670000.0,,
,,,,,,,,,1935000.0,,
,,,,,,,,,1830000.0,,
,,,,,,,,,1540000.0,,
,,,,,,,,,1870000.0,,
,,,,,,,,,1590000.0,,
,,,,,,,,,1580000.0,,
,,,,,,,,,1490000.0,,
,,,,,,,,,1740000.0,,
,,,,,,,,,1850000.0,,
,,,,,,,,,1720000.0,,
,,,,,,,,,1660000.0,,
,,,,,,,,,1900000.0,,
,,,,,,,,,1680000.0,,
,,,,,,,,,1520000.0,,
,,,,,,,,,1545000.0,,
,,,,,,,,,1780000.0,,
,,,,,,,,,1810000.0,,
,,,,,,,,,1620000.0,,
,,,,,,,,,2190000.0,,
,,,,,,,,,1965000.0,,
,,,,,,,,,2070000.0,,
,,,,,,,,,1490000.0,,
,,,,,,,,,1330000.0,,
,,,,,,,,,1450000.0,,
,,,,,,,,,1525000.0,,
,,,,,,,,,2030000.0,,
,,,,,,,,,1320000.0,,
,,,,,,,,,1370000.0,,
,,,,,,,,,1405000.0,,
,,,,,,,,,1105000.0,,
,,,,,,,,,1115000.0,,
,,,,,,,,,1155000.0,,
,,,,,,,,,1420000.0,,
,,,,,,,,,1740000.0,,
,,,,,,,,,1940000.0,,
,,,,,,,,,1580000.0,,
,,,,,,,,,1850000.0,,
,,,,,,,,,1280000.0,,
,,,,,,,,,1680000.0,,
,,,,,,,,,1885000.0,,
,,,,,,,,,1790000.0,,
,,,,,,,,,1430000.0,,
,,,,,,,,,1630000.0,,
,,,,,,,,,2245000.0,,
,,,,,,,,,1900000.0,,
,,,,,,,,,1870000.0,,
,,,,,,,,,1830000.0,,
,,,,,,,,,1715000.0,,
,,,,,,,,,1710000.0,,
,,,,,,,,,2000000.0,,
,,,,,,,,,1810000.0,,
,,,,,,,,,1620000.0,,
,,,,,,,,,2180000.0,,
,,,,,,,,,2145000.0,,
,,,,,,,,,1530000.0,,
,,,,,,,,,1330000.0,,
,,,,,,,,,1440000.0,,
,,,,,,,,,1720000.0,,
,,,,,,,,,1915000.0,,
,,,,,,,,,1860000.0,,
,,,,,,,,,1710000.0,,
,,,,,,,,,1575000.0,,
,,,,,,,,,1710000.0,,
,,,,,,,,,1715000.0,,
,,,,,,,,,1450000.0,,
,,,,,,,,,1800000.0,,
,,,,,,,,,1350000.0,,
,,,,,,,,,121000.0,,
,,,,,,,,,71700.0,,
,,,,,,,,,155500.0,,
,,,,,,,,,61200.0,,
,,,,,,,,,52450.0,,
,,,,,,,,,219000.0,,
,,,,,,,,,31900.0,,
