Energy_Peak,Energy_Peak.1,Energy_Peak.2,Energy_Peak.3,Energy_Peak.4,Energy_Peak.5,Energy_Peak.6,Energy_Peak.7,Energy_Peak.8,Energy_Peak.9,Energy_Peak.10,Energy_Peak
158000000.0,45700000.0,80700000.0,106000000.0,12400000.0,56700000.0,268000000.0,78100000.0,75000000.0,53400000.0,72600000.0,104000000.0
34200000.0,25500000.0,40745000.0,43100000.0,222000.0,50200000.0,7070000.0,37700000.0,314000.0,1060000.0,31500000.0,27500000.0
33600000.0,135000.0,790000.0,34700000.0,1240000.0,65650000.0,2360000.0,2280000.0,607000.0,814333.3333333334,9760000.0,3940000.0
51000000.0,180000.0,1275000.0,2900000.0,3610000.0,81100000.0,65900000.0,190000000.0,292000.0,568666.6666666667,703000.0,61000000.0
46700000.0,225000.0,1760000.0,2710000.0,2220000.0,41140000.0,44306666.66666667,28600000.0,311000.0,323000.0,1820000.0,16800000.0
27400000.0,270000.0,243000.0,493000.0,4336666.666666666,1180000.0,22713333.333333336,144000.0,849000.0,1260000.0,10560000.0,26700000.0
26800000.0,315000.0,792000.0,7600000.0,6453333.333333333,37000.0,1120000.0,1330000.0,1160000.0,1202066.6666666667,19300000.0,23100000.0
15800000.0,360000.0,1341000.0,1980000.0,8570000.0,41300000.0,187000.0,10800000.0,704000.0,1144133.3333333333,63400.0,15000000.0
18800000.0,405000.0,1890000.0,27000000.0,4555000.0,20887500.0,286500.0,371000.0,248000.0,1086200.0,2030000.0,16600000.0
22200000.0,450000.0,13300.0,36000000.0,540000.0,475000.0,386000.0,162000.0,40574000.0,1028266.6666666666,546000.0,14700000.0
13800000.0,495000.0,299150.0,88200000.0,101000.0,118000000.0,485500.0,1840000.0,80900000.0,970333.3333333333,6670000.0,16700000.0
27800000.0,540000.0,585000.0,1540000.0,768000.0,366000.0,585000.0,4110000.0,630000.0,912400.0,229000.0,17200000.0
12000000.0,585000.0,9340.0,47200.0,49400.0,3630000.0,155000000.0,2040000.0,12400000.0,854466.6666666666,510000.0,20900000.0
1150000.0,630000.0,23800.0,99500000.0,48600.0,919000.0,125318000.0,1770000.0,12400000.0,796533.3333333333,469000.0,38200000.0
3160000.0,675000.0,79000.0,53845000.0,46100.0,549000.0,95636000.0,262000.0,2760000.0,738600.0,1990000.0,19500000.0
3590000.0,636818.1818181818,92142.85714285714,8190000.0,43600.0,1104500.0,65954000.0,5900000.0,569000.0,680666.6666666666,6750000.0,16100000.0
314000.0,598636.3636363636,105285.71428571428,53400000.0,41100.0,1660000.0,36272000.0,340000.0,909500.0,622733.3333333333,250000.0,14500000.0
1160000.0,560454.5454545454,118428.57142857142,91000000.0,43800.0,1010000.0,6590000.0,176000.0,1250000.0,564800.0,2130000.0,9900000.0
3940000.0,522272.7272727273,131571.42857142858,45708500.0,46500.0,1250000.0,10495000.0,280000.0,2320000.0,506866.6666666666,77500000.0,10600000.0
2560000.0,484090.90909090906,144714.2857142857,417000.0,49200.0,1490000.0,14400000.0,248000.0,484000.0,448933.33333333326,1160000.0,54700000.0
709000.0,445909.0909090909,157857.14285714284,72900000.0,61600.0,714000.0,429000.0,523000.0,3400.0,391000.0,570000.0,31600000.0
433000.0,407727.2727272727,171000.0,97900000.0,99200.0,132000.0,9914500.0,1520000.0,8600000.0,770500.0,73900.0,8780000.0
718000.0,369545.4545454545,231500.0,174000000.0,136800.0,999000.0,19400000.0,623000.0,8070000.0,1150000.0,4360000.0,7940000.0
414000.0,331363.63636363635,292000.0,69100.0,174400.0,2870000.0,19250000.0,718000.0,726000.0,1127166.6666666667,1190000.0,11500000.0
4410000.0,293181.8181818182,352500.0,124000000.0,212000.0,230000.0,19100000.0,133000.0,17400000.0,1104333.3333333333,1180000.0,8500000.0
5860000.0,255000.0,413000.0,8890000.0,914000.0,163000.0,314000.0,1780000.0,2750000.0,1081500.0,587000.0,11300000.0
214000.0,5170000.0,473500.0,9410000.0,166000.0,348000.0,797000.0,76400000.0,1750000.0,1058666.6666666667,566000.0,15200000.0
2890000.0,4914210.52631579,534000.0,28300000.0,181000.0,533000.0,61600.0,925000.0,845000.0,1035833.3333333334,283000.0,14800000.0
1250000.0,4658421.052631579,594500.0,1760000.0,1480000.0,718000.0,771000.0,654000.0,1610000.0,1013000.0,6110000.0,103000000.0
4920000.0,4402631.578947368,655000.0,160000000.0,89400000.0,6920000.0,368000.0,379000.0,587000.0,990166.6666666667,249000.0,12900000.0
3910000.0,4146842.1052631577,715500.0,3370000.0,348000.0,48700000.0,179000.0,744000.0,2970000.0,967333.3333333334,14400000.0,15000000.0
3490000.0,3891052.6315789474,776000.0,103000000.0,238000.0,1380000.0,154000.0,5870000.0,84100.0,944500.0,523000.0,20000000.0
5100000.0,3635263.157894737,1190000.0,244000000.0,25200.0,802000.0,104243.33333333334,518000.0,1510000.0,921666.6666666667,8940000.0,14600000.0
4090000.0,3379473.6842105263,1058922.2222222222,4630000.0,3370000.0,909000.0,54486.66666666667,26700000.0,475000.0,898833.3333333334,19900000.0,11600000.0
9330000.0,3123684.2105263155,927844.4444444444,38700000.0,5220000.0,120000.0,4730.0,2270000.0,2650000.0,876000.0,2090000.0,11600000.0
4860000.0,2867894.736842105,796766.6666666666,2750000.0,157000.0,162000000.0,1067365.0,428000.0,4200000.0,442150.0,102000.0,8960000.0
4340000.0,2612105.263157895,665688.8888888889,2590000.0,3970000.0,67200000.0,2130000.0,1290000.0,1100000.0,8300.0,1050000.0,10200000.0
9890000.0,2356315.789473684,534611.1111111111,70300000.0,5430000.0,64600000.0,1920833.3333333333,7220000.0,708000.0,1047470.0,706000.0,9270000.0
5020000.0,2100526.3157894737,403533.33333333326,109000000.0,7510000.0,70500000.0,1711666.6666666667,1710000.0,42800000.0,2086640.0,737000.0,43600000.0
1610000.0,1844736.842105263,272455.5555555555,147000000.0,10400000.0,8490000.0,1502500.0,1780000.0,87500.0,3125810.0,286000.0,6920000.0
2290000.0,1588947.3684210526,141377.77777777775,8350000.0,8560000.0,147000000.0,1293333.3333333335,75400000.0,38100000.0,4164980.0,94200.0,9360000.0
1940000.0,1333157.8947368418,10300.0,32600000.0,8490000.0,23200000.0,1084166.6666666667,2470000.0,1330000.0,5204150.0,793000.0,10700000.0
4850000.0,1077368.4210526317,35338.88888888889,62500000.0,13400000.0,48800000.0,875000.0,28100000.0,215000.0,6243320.0,124000.0,8600000.0
1150000.0,821578.9473684207,60377.77777777778,3240000.0,13700000.0,13800000.0,780500.0,2950000.0,528000.0,7282490.0,110000.0,9790000.0
891000.0,565789.4736842103,85416.66666666667,8840000.0,11600000.0,11000000.0,686000.0,73800000.0,121000.0,8321660.0,379000.0,9570000.0
1550000.0,310000.0,110455.55555555556,1370000.0,10600000.0,7040000.0,591500.0,5520000.0,363000.0,9360830.0,98000.0,7500000.0
1950000.0,290045.45454545453,135494.44444444444,3120000.0,42300000.0,2080000.0,497000.0,38400000.0,160000.0,10400000.0,55100000.0,7100000.0
7530000.0,270090.90909090906,160533.33333333334,3620000.0,9760000.0,496000.0,1560909.0909090908,14900000.0,674000.0,3590000.0,38400000.0,6920000.0
5670000.0,250136.36363636365,185572.22222222225,47600000.0,10100000.0,478000.0,2624818.1818181816,68000000.0,665000.0,2470000.0,65000.0,8360000.0
7300000.0,230181.8181818181,210611.11111111112,5400000.0,13400000.0,238000.0,3688727.272727273,2150000.0,377000.0,65600000.0,49000.0,7350000.0
980000.0,210227.2727272727,235650.0,2420000.0,11300000.0,10700000.0,4752636.363636363,56300000.0,1690000.0,32825150.0,293000.0,6870000.0
4930000.0,190272.7272727273,260688.8888888889,11000000.0,57100000.0,1270000.0,5816545.454545454,1210000.0,638000.0,50300.0,50600.0,6450000.0
2200000.0,170318.18181818182,285727.7777777778,5840000.0,13500000.0,902000.0,6880454.545454545,736000.0,520000.0,16136636.363636363,51400.0,7180000.0
929000.0,150363.63636363635,310766.6666666667,3830000.0,14400000.0,74100000.0,7944363.636363636,4430000.0,102000.0,32222972.727272727,187000.0,6690000.0
1380000.0,130409.09090909088,335805.5555555556,50500000.0,12900000.0,1310000.0,9008272.727272728,9815000.0,543000.0,48309309.09090909,999000.0,6330000.0
1690000.0,110454.54545454544,360844.4444444445,32400000.0,15200000.0,682000.0,10072181.818181816,15200000.0,102000.0,64395645.45454545,252000.0,5290000.0
668000.0,90500.0,385883.3333333334,3140000.0,17900000.0,1850000.0,11136090.909090908,10300000.0,86200.0,80481981.81818181,368000.0,6750000.0
711000.0,89853.94736842105,410922.2222222223,1980000.0,305000000.0,830000.0,12200000.0,12800000.0,537000.0,96568318.1818182,28200.0,4890000.0
1230000.0,89207.8947368421,435961.1111111111,89900000.0,67900000.0,1240000.0,10272666.666666666,6930000.0,86800.0,112654654.54545456,1760000.0,6740000.0
917000.0,88561.84210526316,461000.0,2220000.0,19400000.0,744000.0,8345333.333333334,4680000.0,346000.0,128740990.9090909,63400.0,5270000.0
7940000.0,87915.78947368421,428444.4444444445,85900000.0,17800000.0,3960000.0,6418000.0,7010000.0,133000.0,144827327.27272728,54000.0,5520000.0
4550000.0,87269.73684210527,395888.8888888889,5540000.0,16400000.0,2840000.0,4490666.666666667,840000.0,5150.0,160913663.63636363,30800.0,6830000.0
684000.0,86623.68421052632,363333.3333333334,2310000.0,16700000.0,1050000.0,2563333.333333334,1020000.0,14000.0,177000000.0,68500.0,5880000.0
740000.0,85977.63157894737,330777.7777777777,17300000.0,15200000.0,1200000.0,636000.0,14000000.0,50300.0,22700000.0,64400.0,5970000.0
804000.0,85331.57894736843,298222.22222222225,1270000.0,14500000.0,1390000.0,4150000.0,8580000.0,199000.0,12200000.0,98700.0,7340000.0
2210000.0,84685.52631578947,265666.6666666667,3700000.0,14300000.0,2250000.0,113000.0,12200000.0,198000.0,1700000.0,1660000.0,7450000.0
1070000.0,84039.47368421052,233111.11111111112,5870000.0,163000000.0,2350000.0,6530000.0,10700000.0,2530000.0,1592500.0,405000.0,6170000.0
2130000.0,83393.42105263157,200555.5555555556,8400000.0,161000000.0,4720000.0,180000.0,10500000.0,1805000.0,1485000.0,473000.0,6460000.0
1230000.0,82747.36842105263,168000.0,1300000.0,13700000.0,2340000.0,855000.0,10800000.0,1080000.0,1377500.0,173000.0,5770000.0
4120000.0,82101.31578947368,199000.0,279000.0,13600000.0,124000000.0,1530000.0,10200000.0,4460.0,1270000.0,2640000.0,5250000.0
9680000.0,81455.26315789473,244000.0,477000.0,14200000.0,2770000.0,11600000.0,10400000.0,56300.0,3535000.0,94000.0,5640000.0
3570000.0,80809.21052631579,289000.0,705000.0,13600000.0,3150000.0,8734500.0,10100000.0,123000.0,5800000.0,1060000.0,6700000.0
10100000.0,80163.15789473684,48400.0,16200000.0,13700000.0,3730000.0,5869000.0,12700000.0,114000.0,878000.0,382000.0,12700000.0
6460000.0,79517.1052631579,73000.0,3190000.0,14700000.0,149000000.0,3003500.0,16500000.0,258000.0,30658500.0,159000.0,5880000.0
939000.0,78871.05263157895,43500000.0,762000.0,13800000.0,5000000.0,138000.0,17100000.0,149000.0,60439000.0,3220000.0,5790000.0
965000.0,78225.0,64800.0,7170000.0,26800000.0,6880000.0,1574000.0,11500000.0,155000.0,90219500.0,273000.0,6900000.0
7950000.0,77578.94736842105,90533.33333333331,9190000.0,36600000.0,2920000.0,3010000.0,13000000.0,415000.0,120000000.0,92400.0,6230000.0
3910000.0,76932.8947368421,116266.66666666666,1210000.0,10200000.0,488000.0,194000.0,14400000.0,235000.0,73800000.0,127000.0,6770000.0
1290000.0,76286.84210526316,142000.0,21000000.0,179000000.0,446000.0,19900000.0,16700000.0,843000.0,911000.0,701000.0,8070000.0
2730000.0,75640.78947368421,6240.0,3660000.0,19200000.0,537000.0,3100000.0,13900000.0,148000.0,1625500.0,1800000.0,7860000.0
420000.0,74994.73684210527,45366.66666666666,11900000.0,6820000.0,377000.0,2022000.0,11800000.0,114000.0,2340000.0,11600000.0,7420000.0
491000.0,74348.68421052632,84493.33333333333,2980000.0,6700000.0,965000.0,944000.0,957000.0,103000.0,1474000.0,383000.0,7050000.0
255000.0,73702.63157894736,123620.0,497000.0,19900000.0,78400000.0,4129333.3333333335,8570000.0,110000.0,608000.0,11100000.0,6430000.0
952000.0,73056.57894736843,162746.66666666666,885000.0,7700000.0,1040000.0,7314666.666666667,28200000.0,101000.0,1110000.0,259000.0,7810000.0
1370000.0,72410.52631578947,201873.3333333333,484000.0,8510000.0,571000.0,10500000.0,1220000.0,82000.0,1880000.0,35800000.0,6690000.0
192000.0,71764.47368421053,241000.0,586000.0,27900000.0,183000.0,8827500.0,761000.0,75900.0,1055000.0,10400000.0,7690000.0
413000.0,71118.42105263157,218120.0,4830000.0,8130000.0,3150000.0,7155000.0,864000.0,72800.0,230000.0,7040000.0,7190000.0
674000.0,70472.36842105263,195240.0,749000.0,40900000.0,3510000.0,5482500.0,1070000.0,94200.0,16715000.0,52300.0,7290000.0
720000.0,69826.31578947368,172360.0,483000.0,8670000.0,2810000.0,3810000.0,5350000.0,87300.0,33200000.0,738000.0,7880000.0
239000.0,69180.26315789473,149480.0,397000.0,14500000.0,3450000.0,3053280.0,1010000.0,6050000.0,1070000.0,41200.0,7640000.0
246000.0,68534.21052631579,126600.0,18300000.0,11800000.0,3250000.0,2296560.0,3020000.0,311000.0,905400.0,36150.0,6670000.0
134000.0,67888.15789473684,103720.0,17000000.0,11700000.0,2580000.0,1539840.0,5140000.0,81700.0,740800.0,31100.0,6690000.0
64000.0,67242.1052631579,80840.0,773000.0,58300000.0,3520000.0,783120.0,1280000.0,960000.0,576200.0,28900.0,6410000.0
70500.0,66596.05263157895,57960.0,969000.0,10000000.0,155000000.0,26400.0,4160000.0,909000.0,411600.0,40600.0,6440000.0
442000.0,65950.0,35080.0,24200000.0,8770000.0,2070000.0,54833.33333333333,4560000.0,1170000.0,247000.0,52300.0,5650000.0
51700.0,65303.94736842105,12200.0,37500000.0,6910000.0,3440000.0,83266.66666666666,4090000.0,177000.0,582812.5,64000.0,6310000.0
51100.0,64657.89473684211,10663.333333333334,796000.0,5210000.0,51200000.0,111700.0,2340000.0,1040000.0,918625.0,380500.0,5660000.0
173000.0,64011.84210526316,9126.666666666666,10800000.0,4620000.0,2240000.0,140133.3333333333,1240000.0,233000.0,1254437.5,697000.0,5560000.0
207000.0,63365.78947368421,7590.0,,3730000.0,2180000.0,168566.66666666666,1410000.0,2390000.0,1590250.0,1013500.0,5790000.0
137000.0,62719.73684210527,6053.333333333333,,5990000.0,1570000.0,197000.0,1040000.0,819000.0,1926062.5,1330000.0,6250000.0
155000.0,62073.68421052631,4516.666666666666,,3900000.0,1030000.0,229500.0,1870000.0,1860000.0,2261875.0,930500.0,6530000.0
225000.0,61427.63157894737,2980.0,,68700000.0,1070000.0,262000.0,2020000.0,2140000.0,2597687.5,531000.0,6540000.0
169000.0,60781.57894736842,37320.0,,3660000.0,853000.0,2821333.333333333,1100000.0,2090000.0,2933500.0,404000.0,5850000.0
1850000.0,60135.52631578947,71660.0,,2990000.0,2260000.0,5380666.666666667,1440000.0,1820000.0,3269312.5,360000.0,5810000.0
204000.0,59489.47368421053,106000.0,,3490000.0,936000.0,7940000.0,1370000.0,1770000.0,3605125.0,316000.0,5220000.0
207000.0,58843.42105263157,606000.0,,19600000.0,21700000.0,748000.0,1550000.0,1690000.0,3940937.5,862000.0,4490000.0
25600.0,58197.36842105263,606166.6666666666,,3890000.0,4550000.0,804000.0,1770000.0,1410000.0,4276750.0,310000.0,5180000.0
124000.0,57551.31578947368,606333.3333333334,,3330000.0,2770000.0,1010000.0,11700000.0,2020000.0,4612562.5,1140000.0,102000000.0
149000.0,56905.26315789473,606500.0,,4340000.0,2000000.0,1016000.0,1120000.0,2000000.0,4948375.0,383000.0,6150000.0
890000.0,56259.21052631579,606666.6666666666,,88200000.0,1720000.0,1022000.0,1650000.0,576000.0,5284187.5,651000.0,4030000.0
192000.0,55613.15789473684,606833.3333333334,,5160000.0,1310000.0,1028000.0,1620000.0,1730000.0,5620000.0,495000.0,5720000.0
181000.0,54967.10526315789,607000.0,,5520000.0,1060000.0,1034000.0,1540000.0,470000.0,167000.0,114000000.0,5890000.0
33900.0,54321.05263157895,1100000.0,,11200000.0,55800000.0,1040000.0,970000.0,466000.0,3026222.222222222,140000000.0,5840000.0
36400.0,53675.0,27900000.0,,66800000.0,12900000.0,1046000.0,725000.0,427000.0,5885444.444444444,484000.0,4050000.0
39200.0,53028.94736842105,3500000.0,,4460000.0,937000.0,1052000.0,684000.0,256000.0,8744666.666666666,529000.0,3300000.0
37000.0,52382.89473684211,45500.0,,32800000.0,3280000.0,1058000.0,995000.0,255000.0,11603888.888888888,558000.0,2860000.0
226000.0,51736.84210526315,79500000.0,,35800000.0,505000.0,1064000.0,583000.0,265000.0,14463111.11111111,564000.0,4370000.0
248000.0,51090.789473684206,10800000.0,,12500000.0,75200000.0,1070000.0,854000.0,191000.0,17322333.333333332,577000.0,4860000.0
253000.0,50444.73684210526,14200.0,,12300000.0,73600000.0,1076000.0,1100000.0,205000.0,20181555.555555552,623000.0,4100000.0
1410000.0,49798.68421052631,322466.6666666667,,15000000.0,1790000.0,1082000.0,1250000.0,15100.0,23040777.777777776,105000.0,3920000.0
235000.0,49152.63157894737,630733.3333333334,,12600000.0,11000000.0,1088000.0,1130000.0,17000.0,25900000.0,710000.0,3880000.0
80600.0,48506.57894736842,939000.0,,13000000.0,310000.0,1094000.0,1230000.0,14100.0,13605000.0,635000.0,4140000.0
284000.0,47860.52631578947,758000.0,,54500000.0,21800000.0,1100000.0,1410000.0,23600.0,1310000.0,631000.0,5580000.0
283000.0,47214.47368421053,394050.0,,72800000.0,2450000.0,1106000.0,1590000.0,574000.0,80206666.66666667,741000.0,3390000.0
232000.0,46568.42105263158,30100.0,,13100000.0,1010000.0,1112000.0,1290000.0,426000.0,159103333.33333334,727000.0,2810000.0
198000.0,45922.36842105263,8230.0,,13300000.0,4900000.0,1118000.0,1360000.0,450000.0,238000000.0,732500.0,4670000.0
298000.0,45276.31578947368,12500.0,,45600000.0,78600000.0,1124000.0,1400000.0,514000.0,614000.0,738000.0,4670000.0
186000.0,44630.26315789473,41533.33333333333,,92800000.0,810000.0,1130000.0,2290000.0,464000.0,44800.0,691000.0,2960000.0
49500.0,43984.21052631579,70566.66666666666,,85600000.0,780000.0,1136000.0,1220000.0,467000.0,37400.0,736000.0,2880000.0
37700.0,43338.15789473684,99600.0,,111000000.0,965000.0,1142000.0,1680000.0,734000.0,973000.0,1920000.0,4460000.0
130000.0,42692.10526315789,2199666.6666666665,,123000000.0,98900000.0,1148000.0,1400000.0,1630000.0,39700.0,704000.0,5980000.0
311000.0,42046.05263157895,4299733.333333333,,20200000.0,1050000.0,1154000.0,2190000.0,406000.0,224000.0,710000.0,3490000.0
230000.0,41400.0,6399800.0,,,1140000.0,1160000.0,81400000.0,830000.0,358000.0,751000.0,3680000.0
100000.0,130200.0,8499866.666666666,,,984000.0,5148000.0,30700000.0,655000.0,676000.0,802000.0,9180000.0
235000.0,219000.0,10599933.333333332,,,15300000.0,9136000.0,3760000.0,188000.0,79800.0,807000.0,8610000.0
21800.0,968000.0,12700000.0,,,1460000.0,13124000.0,4470000.0,119250.0,59400.0,960000.0,3900000.0
22500.0,500900.0,24500000.0,,,1640000.0,17112000.0,5190000.0,50500.0,60200.0,2720000.0,8880000.0
70800.0,33800.0,18400750.0,,,1380000.0,21100000.0,4860000.0,304000.0,59600.0,854000.0,3880000.0
269000.0,31695.0,12301500.0,,,1400000.0,20269545.454545453,10100000.0,561000.0,74600.0,822000.0,4920000.0
285000.0,29590.0,6202250.0,,,5430000.0,19439090.90909091,6960000.0,578000.0,89600.0,887000.0,13000000.0
316000.0,27485.0,103000.0,,,1010000.0,18608636.363636363,68500000.0,597000.0,44200.0,888000.0,10500000.0
10000000.0,25380.0,25000.0,,,1170000.0,17778181.81818182,7160000.0,361000.0,74500.0,941000.0,8820000.0
18700000.0,23275.0,3780000.0,,,1250000.0,16947727.272727273,7700000.0,377000.0,76900.0,6660000.0,13200000.0
4740000.0,21170.0,39000.0,,,2110000.0,16117272.727272728,8400000.0,602000.0,80200.0,1100000.0,10600000.0
6750000.0,19065.0,75500.0,,,2550000.0,15286818.181818182,8060000.0,495000.0,91900.0,1220000.0,10500000.0
854000.0,16960.0,112000.0,,,2440000.0,14456363.636363637,6840000.0,682000.0,1020000.0,1260000.0,12300000.0
260000.0,14855.0,814666.6666666666,,,4090000.0,13625909.090909092,7710000.0,960000.0,92800.0,1080000.0,10100000.0
46700000.0,12750.0,1517333.3333333333,,,1930000.0,12795454.545454549,8180000.0,1150000.0,91500.0,1070000.0,13300000.0
23361800.0,10645.0,2220000.0,,,1360000.0,11965000.0,9410000.0,1150000.0,93600.0,988000.0,10400000.0
23600.0,8540.0,15000.0,,,1820000.0,11134545.454545457,10300000.0,853000.0,95700.0,1050000.0,9820000.0
420000.0,6435.0,9050000.0,,,2610000.0,10304090.90909091,12600000.0,640000.0,94800.0,1060000.0,10600000.0
91600.0,4330.0,8470000.0,,,6960000.0,9473636.363636363,12100000.0,668000.0,100000.0,1130000.0,11200000.0
114000.0,4543.214285714285,7890000.0,,,10000000.0,8643181.818181818,12600000.0,113000.0,101000.0,1150000.0,9300000.0
189000.0,4756.428571428572,7310000.0,,,11800000.0,7812727.272727273,13800000.0,449000.0,1110000.0,1170000.0,9870000.0
103000.0,4969.642857142857,31400.0,,,2300000.0,6982272.727272728,14700000.0,353850.0,613500.0,4620000.0,9810000.0
119000.0,5182.857142857143,1625700.0,,,4530000.0,6151818.181818184,14600000.0,258700.0,117000.0,8070000.0,11500000.0
163000.0,5396.071428571428,3220000.0,,,15000000.0,5321363.636363637,14100000.0,163550.0,319000.0,1490000.0,10200000.0
1440000.0,5609.285714285714,2582460.0,,,7370000.0,4490909.090909092,14800000.0,68400.0,114000.0,136000000.0,13500000.0
1340000.0,5822.5,1944920.0,,,4780000.0,3660454.545454547,13900000.0,1594200.0,112000.0,1490000.0,17700000.0
675000.0,6035.714285714286,1307380.0,,,2010000.0,2830000.0,14100000.0,3120000.0,128000.0,1560000.0,13900000.0
1800000.0,6248.928571428572,669840.0,,,1770000.0,2468571.4285714286,13400000.0,431000.0,43400.0,1630000.0,10100000.0
5750000.0,6462.142857142857,32300.0,,,18500000.0,2107142.8571428573,12700000.0,341500.0,50900.0,1640000.0,12000000.0
588000.0,6675.357142857143,15900.0,,,108000000.0,1745714.2857142857,12500000.0,252000.0,67500.0,1720000.0,38300000.0
207000.0,6888.571428571428,17400.0,,,13100000.0,1384285.7142857143,12000000.0,162500.0,78100.0,2680000.0,13000000.0
1340000.0,7101.785714285714,3840.0,,,9050000.0,1022857.142857143,11800000.0,73000.0,94600.0,2000000.0,10700000.0
268000.0,7315.0,7770.0,,,3020000.0,661428.5714285714,12700000.0,72325.0,96233.33333333331,2440000.0,11900000.0
831000.0,7528.214285714286,5080.0,,,10400000.0,300000.0,13600000.0,71650.0,97866.66666666669,2910000.0,14200000.0
412000.0,7741.428571428572,209000.0,,,13600000.0,241332.0,12500000.0,70975.0,99500.0,3670000.0,13700000.0
147000.0,7954.642857142857,22800.0,,,3420000.0,182664.0,14000000.0,70300.0,132000.0,3770000.0,17800000.0
932000.0,8167.857142857143,52700.0,,,4290000.0,123996.0,12200000.0,311000.0,6524000.0,4080000.0,15000000.0
485000.0,8381.07142857143,52950.0,,,3600000.0,65328.0,12600000.0,104000.0,12916000.0,4920000.0,12100000.0
1350000.0,8594.285714285714,53200.0,,,48000000.0,6660.0,11300000.0,102000.0,19308000.0,5160000.0,12300000.0
580000.0,8807.5,23000.0,,,5220000.0,6637.777777777777,13700000.0,121000.0,25700000.0,4770000.0,18400000.0
525000.0,9020.714285714286,7300.0,,,6400000.0,6615.555555555556,15500000.0,129000.0,160000.0,5520000.0,10900000.0
638000.0,9233.928571428572,3030000.0,,,5090000.0,6593.333333333333,13000000.0,138000.0,154000.0,5040000.0,11900000.0
1100000.0,9447.142857142857,5390.0,,,6800000.0,6571.111111111111,12500000.0,159000.0,152000.0,5520000.0,12500000.0
1560000.0,9660.357142857143,7880.0,,,5320000.0,6548.888888888889,11400000.0,156000.0,64000.0,6300000.0,12000000.0
786000.0,9873.571428571428,8256.666666666666,,,5080000.0,6526.666666666667,10900000.0,608000.0,170000.0,6650000.0,11900000.0
609000.0,10086.785714285714,8633.333333333334,,,5390000.0,6504.444444444444,12900000.0,173000.0,179000.0,5830000.0,12500000.0
641000.0,10300.0,9010.0,,,7820000.0,6482.222222222223,15600000.0,154000.0,187000.0,5590000.0,12600000.0
462000.0,7155.0,81400.0,,,5830000.0,6460.0,13400000.0,444000.0,190000.0,7090000.0,11500000.0
133000.0,4010.0,3720.0,,,6090000.0,6437.777777777777,12300000.0,487000.0,121000.0,5530000.0,13200000.0
800000.0,6530.0,9310.0,,,4270000.0,6415.555555555556,12100000.0,675000.0,182000.0,7250000.0,10400000.0
189000.0,9050.0,14900.0,,,24800000.0,6393.333333333333,10500000.0,511000.0,186000.0,6890000.0,9270000.0
12000000.0,9134.375,528675.0,,,3970000.0,6371.111111111111,12200000.0,502000.0,208000.0,6950000.0,9740000.0
4280000.0,9218.75,1042450.0,,,4320000.0,6348.888888888889,13200000.0,521000.0,218000.0,6830000.0,10600000.0
26600000.0,9303.125,1556225.0,,,3550000.0,6326.666666666667,13200000.0,532000.0,177000.0,7900000.0,10300000.0
330000.0,9387.5,2070000.0,,,12000000.0,6304.444444444444,12300000.0,595000.0,180000.0,93000000.0,9990000.0
369000.0,9471.875,10800.0,,,123000000.0,6282.222222222223,9960000.0,556000.0,183000.0,10400000.0,12300000.0
750000.0,9556.25,20600.0,,,,6260.0,13900000.0,627000.0,219000.0,95300000.0,10400000.0
396000.0,9640.625,1200000.0,,,,6237.777777777777,9700000.0,886000.0,33600000.0,116000000.0,8090000.0
234000.0,9725.0,1635000.0,,,,6215.555555555556,10600000.0,870000.0,280000.0,6220000.0,11700000.0
745000.0,9809.375,2070000.0,,,,6193.333333333333,10200000.0,913000.0,265000.0,7490000.0,12700000.0
370000.0,9893.75,53400.0,,,,6171.111111111111,11100000.0,956000.0,295000.0,80100000.0,12000000.0
1030000.0,9978.125,5640000.0,,,,6148.888888888889,11100000.0,899000.0,287000.0,55700000.0,11100000.0
13100000.0,10062.5,4238375.0,,,,6126.666666666667,13200000.0,1100000.0,288000.0,18200000.0,11000000.0
592000.0,10146.875,2836750.0,,,,6104.444444444444,14100000.0,956000.0,279000.0,7580000.0,10700000.0
519000.0,10231.25,1435125.0,,,,6082.222222222223,11800000.0,1090000.0,301000.0,58000000.0,16000000.0
505000.0,10315.625,33500.0,,,,6060.0,12100000.0,828000.0,307000.0,16600000.0,13600000.0
253000.0,10400.0,34666.666666666664,,,,65706.66666666666,11200000.0,843000.0,331000.0,8490000.0,11000000.0
86500.0,23400.0,35833.333333333336,,,,125353.33333333331,13200000.0,1070000.0,350000.0,15200000.0,14100000.0
53100.0,23745.454545454544,37000.0,,,,185000.0,13600000.0,937000.0,248000.0,42100000.0,14400000.0
62100.0,24090.90909090909,38166.66666666666,,,,767000.0,13400000.0,1320000.0,302000.0,19200000.0,10400000.0
947000.0,24436.36363636364,39333.333333333336,,,,15900.0,13500000.0,1440000.0,347000.0,5530000.0,17300000.0
781000.0,24781.81818181818,40500.0,,,,17600.0,15400000.0,1170000.0,350000.0,6020000.0,9580000.0
948000.0,25127.272727272728,38600.0,,,,19000.0,15100000.0,1060000.0,1090000.0,12700000.0,9460000.0
18700000.0,25472.727272727272,40490.0,,,,438000.0,14500000.0,1030000.0,434000.0,48700000.0,7730000.0
746000.0,25818.181818181816,42380.0,,,,547000.0,15100000.0,249000.0,339000.0,13200000.0,9630000.0
164000.0,26163.636363636364,44270.0,,,,457000.0,15500000.0,280000.0,425000.0,79200000.0,7440000.0
142000.0,26509.090909090908,46160.0,,,,37200000.0,15800000.0,21500000.0,4170000.0,79900000.0,7120000.0
89200.0,26854.545454545456,48050.0,,,,576000.0,16300000.0,272000.0,518000.0,5440000.0,6650000.0
1140000.0,27200.0,49940.0,,,,949000.0,16300000.0,267000.0,531000.0,92200000.0,8650000.0
4010000.0,1753600.0,51830.0,,,,1100000.0,15700000.0,247000.0,539000.0,12700000.0,4910000.0
354000.0,3480000.0,53720.0,,,,930000.0,15500000.0,242000.0,554000.0,50900000.0,5650000.0
592000.0,3090000.0,55610.0,,,,679000.0,15400000.0,239000.0,534000.0,28200000.0,4760000.0
125000.0,28200000.0,57500.0,,,,605000.0,15600000.0,232000.0,588000.0,36600000.0,8790000.0
1390000.0,459000.0,3623750.0,,,,623000.0,16300000.0,269000.0,579000.0,97300000.0,12200000.0
50500000.0,4406000.0,7190000.0,,,,712000.0,14700000.0,246000.0,597000.0,142000000.0,12800000.0
128000.0,8353000.0,4480000.0,,,,607000.0,16200000.0,277000.0,636000.0,128000000.0,12800000.0
922000.0,12300000.0,1770000.0,,,,725000.0,15900000.0,248000.0,5420000.0,26700000.0,6020000.0
49200000.0,80200000.0,45600.0,,,,698000.0,18400000.0,288000.0,636000.0,156000000.0,5120000.0
1090000.0,49400.0,66900.0,,,,474000.0,18200000.0,250000.0,657000.0,,5490000.0
1170000.0,66950.0,59900.0,,,,761000.0,19900000.0,273000.0,689000.0,,8060000.0
1450000.0,84500.0,75000.0,,,,36400000.0,19400000.0,268000.0,732000.0,,18500000.0
1150000.0,191000.0,68600.0,,,,522000.0,17800000.0,283000.0,776000.0,,18600000.0
581000.0,159000.0,78300.0,,,,696000.0,19200000.0,297000.0,728000.0,,9690000.0
1480000.0,7980000.0,70800.0,,,,542000.0,18300000.0,285000.0,611000.0,,8510000.0
592000.0,31000.0,84800.0,,,,611000.0,18500000.0,311000.0,2650000.0,,21200000.0
928000.0,132000.0,74700.0,,,,1230000.0,20800000.0,341000.0,551000.0,,9360000.0
1100000.0,10900.0,41400.0,,,,454000.0,18200000.0,145000.0,605000.0,,15400000.0
564000.0,6470.0,30476.666666666664,,,,603000.0,19100000.0,344000.0,9030000.0,,11800000.0
1170000.0,34235.0,19553.33333333333,,,,272000.0,17200000.0,355000.0,197000.0,,11400000.0
860000.0,62000.0,8630.0,,,,312400.0,18000000.0,158000.0,4970000.0,,18000000.0
1150000.0,89800.0,9490000.0,,,,352800.0,19200000.0,336000.0,8210000.0,,8340000.0
102000.0,135000.0,959000.0,,,,393200.0,19100000.0,332000.0,12000000.0,,21700000.0
8920000.0,175000.0,6650.0,,,,433600.0,22300000.0,655000.0,11700000.0,,34200000.0
1220000.0,49500.0,19600.0,,,,474000.0,19500000.0,171000.0,1270000.0,,33600000.0
128000.0,7540000.0,15000.0,,,,514400.0,21100000.0,336000.0,8350000.0,,25400000.0
2430000.0,67500.0,1220000.0,,,,554800.0,22300000.0,2180000.0,7680000.0,,17900000.0
838000.0,152000.0,262000.0,,,,595200.0,20700000.0,2500000.0,1210000.0,,12600000.0
56400.0,7890.0,1961000.0,,,,635600.0,21900000.0,354000.0,776000.0,,6630000.0
3180000.0,72417.5,3660000.0,,,,676000.0,22300000.0,2520000.0,762000.0,,8330000.0
2240000.0,136945.0,47400.0,,,,706750.0,20000000.0,388000.0,775000.0,,9470000.0
1040000.0,201472.5,78100.0,,,,737500.0,22400000.0,226000.0,803000.0,,102000000.0
756000.0,266000.0,814000.0,,,,768250.0,21400000.0,392000.0,200000.0,,30600000.0
1280000.0,53900.0,679000.0,,,,799000.0,22200000.0,390000.0,815000.0,,71200000.0
1300000.0,624000.0,811000.0,,,,725333.3333333334,23700000.0,1740000.0,801000.0,,71500000.0
1100000.0,4200000.0,44400000.0,,,,651666.6666666666,22800000.0,2890000.0,881000.0,,9020000.0
1820000.0,4830.0,90600.0,,,,578000.0,22300000.0,1800000.0,639000.0,,28400000.0
130000.0,152000000.0,3760000.0,,,,534000.0,22300000.0,1770000.0,182000000.0,,41100000.0
1540000.0,80400.0,66800.0,,,,490000.0,23000000.0,2730000.0,2680000.0,,45900000.0
1560000.0,13840200.0,138000.0,,,,537000.0,23200000.0,2910000.0,1160000.0,,48000000.0
1530000.0,27600000.0,14200000.0,,,,474000.0,21500000.0,1570000.0,4480000.0,,39500000.0
914000.0,9640.0,3830000.0,,,,372500.0,22200000.0,1570000.0,1040000.0,,45500000.0
1080000.0,22754820.0,1250000.0,,,,271000.0,22300000.0,1510000.0,1100000.0,,41700000.0
9610000.0,45500000.0,32800000.0,,,,410000.0,23200000.0,2460000.0,1170000.0,,43200000.0
125000.0,4670000.0,461000.0,,,,327666.6666666667,23300000.0,2850000.0,1260000.0,,9700000.0
2390000.0,125000.0,282000.0,,,,245333.3333333333,22000000.0,1730000.0,3590000.0,,34400000.0
2520000.0,79400.0,249000.0,,,,163000.0,24400000.0,1610000.0,1430000.0,,36400000.0
3140000.0,20200.0,17000000.0,,,,1920000.0,22300000.0,2300000.0,3020000.0,,43800000.0
938000.0,79500.0,1150000.0,,,,2118333.333333333,22900000.0,2220000.0,1340000.0,,32600000.0
1240000.0,66466.66666666667,2780000.0,,,,2316666.6666666665,25000000.0,2100000.0,2230000.0,,53900000.0
81500.0,53433.33333333333,14400000.0,,,,2515000.0,24400000.0,1720000.0,3900000.0,,50400000.0
216000.0,40400.0,16000000.0,,,,2713333.333333333,24200000.0,2660000.0,1370000.0,,50500000.0
317000.0,30400.0,4900000.0,,,,2911666.666666667,23400000.0,1490000.0,1590000.0,,51400000.0
1310000.0,410000.0,14300000.0,,,,3110000.0,20800000.0,1500000.0,1430000.0,,50100000.0
1190000.0,1145000.0,588000000.0,,,,3308333.333333333,22500000.0,1390000.0,1490000.0,,30700000.0
1320000.0,1880000.0,,,,,3506666.666666667,19800000.0,2080000.0,2730000.0,,37800000.0
864000.0,50800.0,,,,,3705000.0,22900000.0,2650000.0,7220000.0,,51400000.0
1410000.0,24000000.0,,,,,3903333.3333333335,19900000.0,2260000.0,2560000.0,,34600000.0
244000.0,1030000.0,,,,,4101666.666666667,20000000.0,2130000.0,1450000.0,,51100000.0
344000.0,8180000.0,,,,,4300000.0,17900000.0,2370000.0,2560000.0,,12500000.0
3980000.0,166000000.0,,,,,3786000.0,21000000.0,2540000.0,2810000.0,,56000000.0
615000.0,48800.0,,,,,3272000.0,21400000.0,1590000.0,3930000.0,,48800000.0
9110000.0,16800000.0,,,,,2758000.0,21200000.0,1810000.0,2180000.0,,12300000.0
1940000.0,77800.0,,,,,2244000.0,22300000.0,1990000.0,3150000.0,,43700000.0
5670000.0,144000000.0,,,,,1730000.0,21800000.0,1160000.0,3090000.0,,179000000.0
1450000.0,2330000.0,,,,,1216000.0,21400000.0,1650000.0,7300000.0,,11700000.0
3600000.0,68400000.0,,,,,702000.0,21500000.0,1630000.0,1960000.0,,11900000.0
229000.0,175000.0,,,,,188000.0,18800000.0,1600000.0,2590000.0,,11400000.0
1970000.0,32700000.0,,,,,1080000.0,19500000.0,2430000.0,5120000.0,,11000000.0
4690000.0,255000.0,,,,,84900.0,21900000.0,1970000.0,10700000.0,,10500000.0
1130000.0,12400000.0,,,,,71800.0,18900000.0,1180000.0,12900000.0,,33800000.0
310000.0,29700000.0,,,,,461400.0,17900000.0,1320000.0,14200000.0,,11200000.0
1280000.0,33000000.0,,,,,851000.0,23600000.0,1550000.0,9820000.0,,10900000.0
991000.0,4570000.0,,,,,459700.0,23100000.0,2600000.0,16400000.0,,12200000.0
1120000.0,27600000.0,,,,,68400.0,24100000.0,2050000.0,8750000.0,,12000000.0
1610000.0,1330000.0,,,,,81400.0,25300000.0,1530000.0,7370000.0,,14400000.0
821000.0,66600000.0,,,,,211000.0,19500000.0,2100000.0,7720000.0,,11200000.0
9570000.0,3260000.0,,,,,175000.0,18100000.0,2170000.0,7320000.0,,9440000.0
357000.0,,,,,,139000.0,27000000.0,1560000.0,6550000.0,,15500000.0
1020000.0,,,,,,103000.0,25500000.0,2280000.0,7650000.0,,44900000.0
9690000.0,,,,,,1190000.0,25600000.0,1410000.0,6320000.0,,13400000.0
157000000.0,,,,,,176000.0,24100000.0,2040000.0,7290000.0,,42600000.0
725000.0,,,,,,159000.0,23100000.0,2030000.0,8000000.0,,42500000.0
27600000.0,,,,,,918000.0,23600000.0,1690000.0,13100000.0,,40400000.0
8800000.0,,,,,,799000.0,21500000.0,2380000.0,13600000.0,,52400000.0
21500000.0,,,,,,130000.0,19500000.0,1880000.0,16400000.0,,42300000.0
64400000.0,,,,,,69800.0,22100000.0,2020000.0,11100000.0,,42300000.0
3410000.0,,,,,,212000.0,19800000.0,1530000.0,9440000.0,,41800000.0
18300000.0,,,,,,581000.0,22400000.0,2010000.0,11400000.0,,44300000.0
2940000.0,,,,,,531000.0,21300000.0,1990000.0,9270000.0,,46600000.0
66000000.0,,,,,,532000.0,25000000.0,1350000.0,8320000.0,,46000000.0
144000000.0,,,,,,509000.0,25800000.0,1220000.0,13100000.0,,46000000.0
344000000.0,,,,,,66000.0,26900000.0,1760000.0,9000000.0,,45500000.0
,,,,,,75300.0,25600000.0,1270000.0,8670000.0,,46500000.0
,,,,,,653000.0,28800000.0,2000000.0,9550000.0,,47400000.0
,,,,,,19200000.0,30200000.0,345000.0,7710000.0,,41900000.0
,,,,,,9643350.0,26500000.0,1070000.0,8310000.0,,43500000.0
,,,,,,86700.0,25600000.0,2030000.0,3380000.0,,47900000.0
,,,,,,849000.0,28800000.0,4240000.0,7550000.0,,46900000.0
,,,,,,1260000.0,21700000.0,1760000.0,7770000.0,,46400000.0
,,,,,,1240000.0,21800000.0,1370000.0,8940000.0,,48800000.0
,,,,,,1190000.0,23700000.0,3560000.0,6920000.0,,48100000.0
,,,,,,966000.0,19800000.0,2020000.0,12000000.0,,46000000.0
,,,,,,892000.0,20700000.0,1470000.0,11100000.0,,51100000.0
,,,,,,809666.6666666666,21900000.0,1510000.0,14300000.0,,49600000.0
,,,,,,727333.3333333334,26300000.0,1510000.0,17700000.0,,51700000.0
,,,,,,645000.0,24200000.0,1590000.0,15800000.0,,50300000.0
,,,,,,565000.0,25300000.0,2320000.0,13900000.0,,51500000.0
,,,,,,321800.0,26900000.0,1460000.0,8860000.0,,50400000.0
,,,,,,78600.0,27600000.0,1660000.0,10600000.0,,49700000.0
,,,,,,181800.0,27600000.0,1330000.0,16100000.0,,47600000.0
,,,,,,285000.0,22200000.0,1300000.0,11900000.0,,47800000.0
,,,,,,30400000.0,25700000.0,1830000.0,12000000.0,,48000000.0
,,,,,,18900000.0,29700000.0,1670000.0,7630000.0,,47400000.0
,,,,,,16825000.0,25700000.0,1600000.0,10600000.0,,47300000.0
,,,,,,14750000.0,24400000.0,2320000.0,11800000.0,,47600000.0
,,,,,,12675000.0,25500000.0,2250000.0,19000000.0,,46300000.0
,,,,,,10600000.0,29700000.0,2340000.0,11300000.0,,46600000.0
,,,,,,218000.0,26900000.0,2590000.0,17500000.0,,40300000.0
,,,,,,55200.0,21300000.0,2370000.0,16700000.0,,35300000.0
,,,,,,194000.0,25000000.0,2750000.0,8440000.0,,36100000.0
,,,,,,51400.0,24400000.0,1940000.0,10900000.0,,39700000.0
,,,,,,18400000.0,25700000.0,2860000.0,18100000.0,,42600000.0
,,,,,,49500000.0,28600000.0,2200000.0,16700000.0,,28000000.0
,,,,,,15700000.0,23900000.0,1980000.0,15200000.0,,10400000.0
,,,,,,22600000.0,24600000.0,1930000.0,16200000.0,,13000000.0
,,,,,,22500000.0,24000000.0,4230000.0,19400000.0,,35100000.0
,,,,,,18700000.0,25800000.0,2650000.0,13900000.0,,15900000.0
,,,,,,20300000.0,26400000.0,2740000.0,16100000.0,,34100000.0
,,,,,,13700000.0,27900000.0,3500000.0,14500000.0,,37100000.0
,,,,,,46100000.0,24600000.0,1950000.0,18800000.0,,
,,,,,,21200000.0,26500000.0,1700000.0,21800000.0,,
,,,,,,810000.0,27400000.0,1800000.0,21000000.0,,
,,,,,,15500000.0,25300000.0,1850000.0,10000000.0,,
,,,,,,44400000.0,28200000.0,3580000.0,11700000.0,,
,,,,,,1120000.0,27700000.0,2280000.0,559000.0,,
,,,,,,21800000.0,29200000.0,1600000.0,23600000.0,,
,,,,,,732000.0,26700000.0,424000.0,21000000.0,,
,,,,,,46900000.0,28900000.0,394000.0,12200000.0,,
,,,,,,1530000.0,33700000.0,2880000.0,9270000.0,,
,,,,,,1450000.0,28200000.0,1930000.0,10400000.0,,
,,,,,,61200000.0,31100000.0,2250000.0,8690000.0,,
,,,,,,649000.0,28100000.0,1940000.0,9450000.0,,
,,,,,,560000.0,30600000.0,1960000.0,9140000.0,,
,,,,,,1480000.0,33100000.0,1800000.0,9230000.0,,
,,,,,,24000000.0,32100000.0,3050000.0,7490000.0,,
,,,,,,1910000.0,31600000.0,1950000.0,2350000.0,,
,,,,,,28600000.0,34600000.0,2020000.0,9770000.0,,
,,,,,,26000000.0,32900000.0,1800000.0,9880000.0,,
,,,,,,316000.0,30800000.0,87100000.0,10800000.0,,
,,,,,,20500000.0,31500000.0,961000.0,26300000.0,,
,,,,,,317000.0,32100000.0,1690000.0,9020000.0,,
,,,,,,34700000.0,33900000.0,1650000.0,8960000.0,,
,,,,,,54100000.0,31100000.0,1490000.0,16900000.0,,
,,,,,,434000.0,38300000.0,943000.0,12600000.0,,
,,,,,,57600000.0,30800000.0,1670000.0,12100000.0,,
,,,,,,55400000.0,29300000.0,1110000.0,9770000.0,,
,,,,,,1480000.0,30200000.0,1830000.0,28700000.0,,
,,,,,,38200000.0,26100000.0,1830000.0,11300000.0,,
,,,,,,38700000.0,32500000.0,1030000.0,17200000.0,,
,,,,,,742000.0,26200000.0,1290000.0,18100000.0,,
,,,,,,48000000.0,30500000.0,396000.0,9320000.0,,
,,,,,,80100000.0,30700000.0,476000.0,10800000.0,,
,,,,,,172000000.0,30400000.0,470000.0,11200000.0,,
,,,,,,200000000.0,29200000.0,489000.0,20000000.0,,
,,,,,,16000000.0,33400000.0,431000.0,11800000.0,,
,,,,,,78200000.0,34900000.0,670000.0,15600000.0,,
,,,,,,23300000.0,32600000.0,470000.0,20600000.0,,
,,,,,,504000.0,34600000.0,1390000.0,11300000.0,,
,,,,,,17600000.0,32900000.0,1550000.0,13300000.0,,
,,,,,,444000.0,32900000.0,1050000.0,15300000.0,,
,,,,,,434000.0,38600000.0,636000.0,12100000.0,,
,,,,,,458000.0,34900000.0,2500000.0,13000000.0,,
,,,,,,500000.0,34900000.0,652000.0,18700000.0,,
,,,,,,435000.0,34800000.0,657000.0,13500000.0,,
,,,,,,5790000.0,35300000.0,1680000.0,14900000.0,,
,,,,,,3181000.0,35700000.0,1780000.0,11100000.0,,
,,,,,,572000.0,37600000.0,2590000.0,8750000.0,,
,,,,,,546000.0,40500000.0,2610000.0,19500000.0,,
,,,,,,23400000.0,38600000.0,411000.0,30900000.0,,
,,,,,,10500000.0,34800000.0,1100000.0,25000000.0,,
,,,,,,813000.0,37800000.0,959000.0,20000000.0,,
,,,,,,20300000.0,45000000.0,2960000.0,9830000.0,,
,,,,,,17700000.0,37200000.0,344000.0,13600000.0,,
,,,,,,531000.0,36800000.0,820000.0,11900000.0,,
,,,,,,539000.0,37100000.0,1070000.0,17400000.0,,
,,,,,,21600000.0,41900000.0,19500000.0,13500000.0,,
,,,,,,1010000.0,35700000.0,1060000.0,11200000.0,,
,,,,,,18600000.0,35300000.0,1470000.0,12800000.0,,
,,,,,,567000.0,35300000.0,1720000.0,11200000.0,,
,,,,,,536000.0,35300000.0,2300000.0,26700000.0,,
,,,,,,23600000.0,37000000.0,2200000.0,21900000.0,,
,,,,,,575000.0,37400000.0,1840000.0,11600000.0,,
,,,,,,16600000.0,35600000.0,983000.0,11900000.0,,
,,,,,,570000.0,37600000.0,1180000.0,11800000.0,,
,,,,,,627000.0,32600000.0,38000000.0,11500000.0,,
,,,,,,664000.0,35200000.0,1310000.0,11700000.0,,
,,,,,,17700000.0,35300000.0,1110000.0,141000000.0,,
,,,,,,16400000.0,36600000.0,1180000.0,10900000.0,,
,,,,,,18100000.0,37000000.0,1160000.0,11400000.0,,
,,,,,,15200000.0,34100000.0,1880000.0,11200000.0,,
,,,,,,743000.0,37200000.0,1530000.0,10800000.0,,
,,,,,,782000.0,37000000.0,1580000.0,10600000.0,,
,,,,,,21800000.0,39900000.0,2340000.0,21100000.0,,
,,,,,,10100000.0,38900000.0,3310000.0,20700000.0,,
,,,,,,793000.0,40500000.0,2730000.0,14400000.0,,
,,,,,,1980000.0,36900000.0,2870000.0,12900000.0,,
,,,,,,744000.0,41200000.0,2740000.0,18700000.0,,
,,,,,,1460000.0,40200000.0,2890000.0,14000000.0,,
,,,,,,777000.0,38900000.0,2170000.0,13000000.0,,
,,,,,,832000.0,42100000.0,2290000.0,20000000.0,,
,,,,,,845000.0,38700000.0,3550000.0,12500000.0,,
,,,,,,810000.0,42000000.0,2450000.0,11600000.0,,
,,,,,,900000.0,41700000.0,2160000.0,11200000.0,,
,,,,,,926000.0,43400000.0,2350000.0,11500000.0,,
,,,,,,904000.0,40400000.0,2230000.0,10100000.0,,
,,,,,,14100000.0,39700000.0,2720000.0,10200000.0,,
,,,,,,2590000.0,38200000.0,2760000.0,9990000.0,,
,,,,,,5640000.0,37400000.0,2270000.0,10600000.0,,
,,,,,,2660000.0,34800000.0,1800000.0,10400000.0,,
,,,,,,2800000.0,36100000.0,2140000.0,11200000.0,,
,,,,,,51900000.0,34800000.0,2110000.0,9640000.0,,
,,,,,,2030000.0,40900000.0,2000000.0,10200000.0,,
,,,,,,44200000.0,35400000.0,2990000.0,11700000.0,,
,,,,,,1810000.0,34400000.0,1820000.0,10300000.0,,
,,,,,,1680000.0,38900000.0,1660000.0,12000000.0,,
,,,,,,1870000.0,37300000.0,2610000.0,12100000.0,,
,,,,,,3680000.0,38300000.0,1990000.0,11300000.0,,
,,,,,,2160000.0,31400000.0,2070000.0,11400000.0,,
,,,,,,1990000.0,34800000.0,2170000.0,8570000.0,,
,,,,,,2470000.0,37600000.0,106000000.0,12600000.0,,
,,,,,,2130000.0,39000000.0,53000000.0,10300000.0,,
,,,,,,2290000.0,37200000.0,1970000.0,8780000.0,,
,,,,,,2190000.0,37100000.0,1980000.0,10400000.0,,
,,,,,,2020000.0,30600000.0,13900000.0,13000000.0,,
,,,,,,2060000.0,32600000.0,134000000.0,17200000.0,,
,,,,,,2060000.0,36400000.0,45500000.0,10500000.0,,
,,,,,,20800000.0,30900000.0,89100000.0,11000000.0,,
,,,,,,2480000.0,35100000.0,40100000.0,8470000.0,,
,,,,,,20500000.0,35500000.0,40100000.0,9520000.0,,
,,,,,,2520000.0,33300000.0,11400000.0,14600000.0,,
,,,,,,2630000.0,36300000.0,,9870000.0,,
,,,,,,2270000.0,34300000.0,,10100000.0,,
,,,,,,2640000.0,33400000.0,,9860000.0,,
,,,,,,2520000.0,32000000.0,,15800000.0,,
,,,,,,2510000.0,39800000.0,,19200000.0,,
,,,,,,2530000.0,31800000.0,,15600000.0,,
,,,,,,3260000.0,33400000.0,,8790000.0,,
,,,,,,3240000.0,33300000.0,,12500000.0,,
,,,,,,16700000.0,38000000.0,,11100000.0,,
,,,,,,3500000.0,35700000.0,,9660000.0,,
,,,,,,3940000.0,32700000.0,,7880000.0,,
,,,,,,3120000.0,33700000.0,,10700000.0,,
,,,,,,2760000.0,41200000.0,,7050000.0,,
,,,,,,13800000.0,34500000.0,,17200000.0,,
,,,,,,4660000.0,34200000.0,,26900000.0,,
,,,,,,9020000.0,37200000.0,,23000000.0,,
,,,,,,2090000.0,34200000.0,,9510000.0,,
,,,,,,19100000.0,34100000.0,,26200000.0,,
,,,,,,10700000.0,35800000.0,,23800000.0,,
,,,,,,15500000.0,34400000.0,,26100000.0,,
,,,,,,1880000.0,36000000.0,,22300000.0,,
,,,,,,7750000.0,31100000.0,,7700000.0,,
,,,,,,7520000.0,34800000.0,,9470000.0,,
,,,,,,6390000.0,35100000.0,,29100000.0,,
,,,,,,10500000.0,31200000.0,,13400000.0,,
,,,,,,7130000.0,34300000.0,,13000000.0,,
,,,,,,2730000.0,28900000.0,,27400000.0,,
,,,,,,15000000.0,32800000.0,,8960000.0,,
,,,,,,8450000.0,34800000.0,,14600000.0,,
,,,,,,9620000.0,34100000.0,,17200000.0,,
,,,,,,11500000.0,36500000.0,,8080000.0,,
,,,,,,14600000.0,36900000.0,,8930000.0,,
,,,,,,16000000.0,34000000.0,,12800000.0,,
,,,,,,11900000.0,33500000.0,,20800000.0,,
,,,,,,8570000.0,38500000.0,,7830000.0,,
,,,,,,5080000.0,34900000.0,,25600000.0,,
,,,,,,10900000.0,35200000.0,,7930000.0,,
,,,,,,12800000.0,34700000.0,,8810000.0,,
,,,,,,14100000.0,22100000.0,,10100000.0,,
,,,,,,40800000.0,22800000.0,,28100000.0,,
,,,,,,16100000.0,26000000.0,,15500000.0,,
,,,,,,11800000.0,31200000.0,,7510000.0,,
,,,,,,18000000.0,35400000.0,,11900000.0,,
,,,,,,26000000.0,32800000.0,,28400000.0,,
,,,,,,12400000.0,25600000.0,,8990000.0,,
,,,,,,20600000.0,29400000.0,,30900000.0,,
,,,,,,19600000.0,32200000.0,,8670000.0,,
,,,,,,26900000.0,31700000.0,,16400000.0,,
,,,,,,9550000.0,33100000.0,,18400000.0,,
,,,,,,34200000.0,28300000.0,,20400000.0,,
,,,,,,10300000.0,34800000.0,,24800000.0,,
,,,,,,32300000.0,34600000.0,,34100000.0,,
,,,,,,7980000.0,34800000.0,,19400000.0,,
,,,,,,57500000.0,33500000.0,,21300000.0,,
,,,,,,15100000.0,28100000.0,,24800000.0,,
,,,,,,15000000.0,35700000.0,,23000000.0,,
,,,,,,15200000.0,36100000.0,,30600000.0,,
,,,,,,10900000.0,29600000.0,,36400000.0,,
,,,,,,21300000.0,30600000.0,,17700000.0,,
,,,,,,14600000.0,28500000.0,,52000000.0,,
,,,,,,9540000.0,34600000.0,,19900000.0,,
,,,,,,8310000.0,26200000.0,,13400000.0,,
,,,,,,14800000.0,30400000.0,,9590000.0,,
,,,,,,10100000.0,32100000.0,,8440000.0,,
,,,,,,10500000.0,24600000.0,,7610000.0,,
,,,,,,16800000.0,24200000.0,,8630000.0,,
,,,,,,37500000.0,27800000.0,,23300000.0,,
,,,,,,44700000.0,27300000.0,,12800000.0,,
,,,,,,40900000.0,24800000.0,,9660000.0,,
,,,,,,17500000.0,35700000.0,,8500000.0,,
,,,,,,10700000.0,28200000.0,,8710000.0,,
,,,,,,2880000.0,23600000.0,,8470000.0,,
,,,,,,2600000.0,25700000.0,,9150000.0,,
,,,,,,2640000.0,39400000.0,,8900000.0,,
,,,,,,2750000.0,35000000.0,,11600000.0,,
,,,,,,2280000.0,33600000.0,,7890000.0,,
,,,,,,2050000.0,32000000.0,,4210000.0,,
,,,,,,1930000.0,64700000.0,,3730000.0,,
,,,,,,2810000.0,36300000.0,,8290000.0,,
,,,,,,3920000.0,36100000.0,,7420000.0,,
,,,,,,10300000.0,34200000.0,,1910000.0,,
,,,,,,2360000.0,64300000.0,,1550000.0,,
,,,,,,12400000.0,37300000.0,,921000.0,,
,,,,,,32900000.0,68400000.0,,975000.0,,
,,,,,,18100000.0,39700000.0,,747000.0,,
,,,,,,24500000.0,37300000.0,,8790000.0,,
,,,,,,21200000.0,27000000.0,,1540000.0,,
,,,,,,48800000.0,52500000.0,,992000.0,,
,,,,,,11200000.0,67900000.0,,4670000.0,,
,,,,,,16300000.0,34800000.0,,1150000.0,,
,,,,,,18700000.0,26500000.0,,4990000.0,,
,,,,,,7100000.0,66900000.0,,1230000.0,,
,,,,,,7710000.0,27500000.0,,1030000.0,,
,,,,,,14400000.0,64800000.0,,2590000.0,,
,,,,,,8820000.0,50000000.0,,564000.0,,
,,,,,,9120000.0,27400000.0,,1070000.0,,
,,,,,,19000000.0,36300000.0,,2340000.0,,
,,,,,,23000000.0,58000000.0,,2720000.0,,
,,,,,,12400000.0,53600000.0,,4800000.0,,
,,,,,,12600000.0,64200000.0,,3520000.0,,
,,,,,,9810000.0,37800000.0,,4150000.0,,
,,,,,,29600000.0,66900000.0,,964000.0,,
,,,,,,13700000.0,29600000.0,,1950000.0,,
,,,,,,10400000.0,37300000.0,,4760000.0,,
,,,,,,11500000.0,35600000.0,,1770000.0,,
,,,,,,8920000.0,30200000.0,,1230000.0,,
,,,,,,8380000.0,40300000.0,,667000.0,,
,,,,,,22400000.0,64500000.0,,1010000.0,,
,,,,,,13900000.0,29300000.0,,618000.0,,
,,,,,,12500000.0,67300000.0,,1330000.0,,
,,,,,,13300000.0,31100000.0,,802000.0,,
,,,,,,10900000.0,69000000.0,,880000.0,,
,,,,,,11500000.0,37300000.0,,949000.0,,
,,,,,,14300000.0,30900000.0,,564000.0,,
,,,,,,14800000.0,34400000.0,,714000.0,,
,,,,,,19900000.0,32900000.0,,728000.0,,
,,,,,,27600000.0,30900000.0,,641000.0,,
,,,,,,13800000.0,32400000.0,,937000.0,,
,,,,,,2540000.0,30600000.0,,2900000.0,,
,,,,,,18100000.0,53700000.0,,5380000.0,,
,,,,,,15200000.0,31200000.0,,9170000.0,,
,,,,,,14600000.0,31400000.0,,2390000.0,,
,,,,,,12200000.0,37800000.0,,2190000.0,,
,,,,,,31100000.0,34700000.0,,2500000.0,,
,,,,,,25700000.0,33900000.0,,14500000.0,,
,,,,,,18700000.0,29000000.0,,3270000.0,,
,,,,,,38700000.0,35300000.0,,630000.0,,
,,,,,,34800000.0,38400000.0,,8520000.0,,
,,,,,,30100000.0,50500000.0,,2550000.0,,
,,,,,,25200000.0,48700000.0,,2880000.0,,
,,,,,,30400000.0,50400000.0,,3100000.0,,
,,,,,,34900000.0,32700000.0,,548000.0,,
,,,,,,31400000.0,31000000.0,,7540000.0,,
,,,,,,20400000.0,35200000.0,,5480000.0,,
,,,,,,22300000.0,39700000.0,,6370000.0,,
,,,,,,21400000.0,55500000.0,,9470000.0,,
,,,,,,17500000.0,30600000.0,,9240000.0,,
,,,,,,28800000.0,52600000.0,,7100000.0,,
,,,,,,24500000.0,53900000.0,,8850000.0,,
,,,,,,30000000.0,52300000.0,,13400000.0,,
,,,,,,26400000.0,44300000.0,,3380000.0,,
,,,,,,36200000.0,32600000.0,,10100000.0,,
,,,,,,36900000.0,39200000.0,,8680000.0,,
,,,,,,33100000.0,37900000.0,,7940000.0,,
,,,,,,29300000.0,33800000.0,,5790000.0,,
,,,,,,29300000.0,36800000.0,,12400000.0,,
,,,,,,38500000.0,38100000.0,,72400000.0,,
,,,,,,39300000.0,34700000.0,,595000.0,,
,,,,,,37900000.0,38200000.0,,2810000.0,,
,,,,,,35100000.0,49900000.0,,1340000.0,,
,,,,,,32300000.0,51600000.0,,4040000.0,,
,,,,,,34900000.0,65700000.0,,11500000.0,,
,,,,,,33300000.0,39800000.0,,5000000.0,,
,,,,,,33800000.0,40000000.0,,3880000.0,,
,,,,,,38800000.0,36900000.0,,4320000.0,,
,,,,,,33900000.0,36300000.0,,12000000.0,,
,,,,,,35800000.0,35600000.0,,2600000.0,,
,,,,,,34000000.0,36500000.0,,3020000.0,,
,,,,,,36100000.0,40400000.0,,3950000.0,,
,,,,,,40200000.0,39400000.0,,3940000.0,,
,,,,,,37900000.0,36400000.0,,4260000.0,,
,,,,,,31000000.0,37600000.0,,2730000.0,,
,,,,,,33100000.0,44900000.0,,3620000.0,,
,,,,,,32500000.0,58700000.0,,2950000.0,,
,,,,,,42600000.0,40600000.0,,1490000.0,,
,,,,,,27100000.0,36700000.0,,1210000.0,,
,,,,,,28100000.0,38900000.0,,3410000.0,,
,,,,,,29300000.0,42600000.0,,1050000.0,,
,,,,,,35100000.0,41700000.0,,959000.0,,
,,,,,,30500000.0,35500000.0,,12600000.0,,
,,,,,,29700000.0,33800000.0,,13000000.0,,
,,,,,,31200000.0,33200000.0,,4200000.0,,
,,,,,,35100000.0,35900000.0,,3990000.0,,
,,,,,,25300000.0,36500000.0,,3850000.0,,
,,,,,,30900000.0,34100000.0,,4020000.0,,
,,,,,,29500000.0,34100000.0,,3720000.0,,
,,,,,,80200000.0,34900000.0,,10100000.0,,
,,,,,,73500000.0,33500000.0,,14000000.0,,
,,,,,,56600000.0,40200000.0,,20200000.0,,
,,,,,,35300000.0,34800000.0,,17400000.0,,
,,,,,,23300000.0,36700000.0,,13600000.0,,
,,,,,,22800000.0,34500000.0,,16100000.0,,
,,,,,,24700000.0,43500000.0,,5700000.0,,
,,,,,,27200000.0,36000000.0,,18300000.0,,
,,,,,,21100000.0,39600000.0,,5670000.0,,
,,,,,,13800000.0,38800000.0,,9170000.0,,
,,,,,,18100000.0,35000000.0,,7790000.0,,
,,,,,,13300000.0,36200000.0,,3570000.0,,
,,,,,,22300000.0,35500000.0,,10500000.0,,
,,,,,,22300000.0,38200000.0,,7410000.0,,
,,,,,,15200000.0,36900000.0,,17500000.0,,
,,,,,,24200000.0,39100000.0,,4800000.0,,
,,,,,,21500000.0,33800000.0,,6860000.0,,
,,,,,,13000000.0,39400000.0,,5090000.0,,
,,,,,,25200000.0,39100000.0,,5110000.0,,
,,,,,,14100000.0,35400000.0,,4810000.0,,
,,,,,,27000000.0,40000000.0,,4110000.0,,
,,,,,,112000000.0,40300000.0,,6200000.0,,
,,,,,,35200000.0,39000000.0,,5380000.0,,
,,,,,,19500000.0,73800000.0,,19200000.0,,
,,,,,,19500000.0,38700000.0,,5930000.0,,
,,,,,,33500000.0,37900000.0,,5440000.0,,
,,,,,,23300000.0,36500000.0,,2940000.0,,
,,,,,,22900000.0,37700000.0,,4000000.0,,
,,,,,,29900000.0,37600000.0,,18000000.0,,
,,,,,,18200000.0,48900000.0,,5980000.0,,
,,,,,,23400000.0,48500000.0,,6550000.0,,
,,,,,,29900000.0,50200000.0,,3040000.0,,
,,,,,,10100000.0,39100000.0,,4710000.0,,
,,,,,,7730000.0,37000000.0,,11700000.0,,
,,,,,,7820000.0,53100000.0,,5090000.0,,
,,,,,,21800000.0,40600000.0,,4520000.0,,
,,,,,,15400000.0,75100000.0,,2640000.0,,
,,,,,,22800000.0,77300000.0,,2650000.0,,
,,,,,,14900000.0,40900000.0,,4930000.0,,
,,,,,,26600000.0,39900000.0,,106000000.0,,
,,,,,,9930000.0,44200000.0,,3720000.0,,
,,,,,,17600000.0,40200000.0,,5750000.0,,
,,,,,,14500000.0,63600000.0,,6910000.0,,
,,,,,,15000000.0,41100000.0,,6320000.0,,
,,,,,,17100000.0,38800000.0,,6370000.0,,
,,,,,,2770000.0,41300000.0,,4290000.0,,
,,,,,,21600000.0,40800000.0,,4260000.0,,
,,,,,,8950000.0,75100000.0,,4010000.0,,
,,,,,,43600000.0,66500000.0,,5120000.0,,
,,,,,,22000000.0,60500000.0,,4470000.0,,
,,,,,,27400000.0,66700000.0,,3020000.0,,
,,,,,,32700000.0,68900000.0,,3300000.0,,
,,,,,,4790000.0,68600000.0,,4610000.0,,
,,,,,,21900000.0,59400000.0,,4860000.0,,
,,,,,,46900000.0,44700000.0,,5650000.0,,
,,,,,,15900000.0,35000000.0,,3240000.0,,
,,,,,,58300000.0,61200000.0,,2910000.0,,
,,,,,,24200000.0,37500000.0,,3170000.0,,
,,,,,,24000000.0,45400000.0,,3080000.0,,
,,,,,,23200000.0,70600000.0,,3090000.0,,
,,,,,,42400000.0,41700000.0,,3080000.0,,
,,,,,,15500000.0,90700000.0,,3270000.0,,
,,,,,,26200000.0,43800000.0,,10900000.0,,
,,,,,,32600000.0,94800000.0,,5280000.0,,
,,,,,,16500000.0,93400000.0,,8400000.0,,
,,,,,,12400000.0,47200000.0,,8040000.0,,
,,,,,,22400000.0,32900000.0,,6950000.0,,
,,,,,,20500000.0,49400000.0,,13700000.0,,
,,,,,,8430000.0,41400000.0,,8940000.0,,
,,,,,,22000000.0,30500000.0,,6230000.0,,
,,,,,,29800000.0,39400000.0,,9500000.0,,
,,,,,,121000000.0,24100000.0,,5930000.0,,
,,,,,,6310000.0,36900000.0,,7870000.0,,
,,,,,,8750000.0,29700000.0,,6640000.0,,
,,,,,,9840000.0,48300000.0,,12400000.0,,
,,,,,,3460000.0,50400000.0,,5670000.0,,
,,,,,,9330000.0,50400000.0,,5150000.0,,
,,,,,,11500000.0,42100000.0,,7280000.0,,
,,,,,,111000000.0,50100000.0,,7780000.0,,
,,,,,,7450000.0,47800000.0,,7110000.0,,
,,,,,,11000000.0,41000000.0,,5930000.0,,
,,,,,,4220000.0,32400000.0,,15900000.0,,
,,,,,,17300000.0,34400000.0,,5500000.0,,
,,,,,,20600000.0,35000000.0,,5620000.0,,
,,,,,,4590000.0,76500000.0,,8210000.0,,
,,,,,,17500000.0,69900000.0,,6990000.0,,
,,,,,,4700000.0,47200000.0,,5780000.0,,
,,,,,,5030000.0,53800000.0,,6840000.0,,
,,,,,,6680000.0,54800000.0,,9510000.0,,
,,,,,,2060000.0,55200000.0,,7030000.0,,
,,,,,,5320000.0,45900000.0,,7400000.0,,
,,,,,,34600000.0,81800000.0,,9470000.0,,
,,,,,,4430000.0,49200000.0,,8620000.0,,
,,,,,,3580000.0,38100000.0,,25000000.0,,
,,,,,,3630000.0,37100000.0,,7200000.0,,
,,,,,,6080000.0,80400000.0,,8210000.0,,
,,,,,,4810000.0,63700000.0,,8190000.0,,
,,,,,,7570000.0,116000000.0,,7640000.0,,
,,,,,,5800000.0,120000000.0,,7760000.0,,
,,,,,,4790000.0,194000000.0,,7930000.0,,
,,,,,,474000.0,66800000.0,,7390000.0,,
,,,,,,5890000.0,57100000.0,,12500000.0,,
,,,,,,2160000.0,107000000.0,,20400000.0,,
,,,,,,7990000.0,61400000.0,,7560000.0,,
,,,,,,3550000.0,84900000.0,,25700000.0,,
,,,,,,7500000.0,80200000.0,,12800000.0,,
,,,,,,4430000.0,58000000.0,,27200000.0,,
,,,,,,49900000.0,57800000.0,,18100000.0,,
,,,,,,5870000.0,71500000.0,,7590000.0,,
,,,,,,,71900000.0,,7160000.0,,
,,,,,,,62900000.0,,8600000.0,,
,,,,,,,77700000.0,,23000000.0,,
,,,,,,,61800000.0,,17500000.0,,
,,,,,,,149000000.0,,14900000.0,,
,,,,,,,69100000.0,,8220000.0,,
,,,,,,,82800000.0,,19400000.0,,
,,,,,,,82400000.0,,15100000.0,,
,,,,,,,87100000.0,,14500000.0,,
,,,,,,,126000000.0,,27800000.0,,
,,,,,,,98900000.0,,16800000.0,,
,,,,,,,94500000.0,,21900000.0,,
,,,,,,,90000000.0,,30200000.0,,
,,,,,,,81900000.0,,14000000.0,,
,,,,,,,88100000.0,,27700000.0,,
,,,,,,,93500000.0,,26100000.0,,
,,,,,,,90300000.0,,26300000.0,,
,,,,,,,95500000.0,,32300000.0,,
,,,,,,,87400000.0,,19200000.0,,
,,,,,,,86600000.0,,31200000.0,,
,,,,,,,85600000.0,,10900000.0,,
,,,,,,,91400000.0,,23400000.0,,
,,,,,,,85800000.0,,10100000.0,,
,,,,,,,93800000.0,,17300000.0,,
,,,,,,,66100000.0,,17500000.0,,
,,,,,,,70100000.0,,23300000.0,,
,,,,,,,81700000.0,,11500000.0,,
,,,,,,,64200000.0,,10300000.0,,
,,,,,,,55400000.0,,12100000.0,,
,,,,,,,85900000.0,,7680000.0,,
,,,,,,,72800000.0,,19600000.0,,
,,,,,,,186000000.0,,7230000.0,,
,,,,,,,54200000.0,,17000000.0,,
,,,,,,,62000000.0,,5860000.0,,
,,,,,,,123000000.0,,7860000.0,,
,,,,,,,139000000.0,,11900000.0,,
,,,,,,,65100000.0,,6550000.0,,
,,,,,,,127000000.0,,5690000.0,,
,,,,,,,54100000.0,,7010000.0,,
,,,,,,,55300000.0,,21900000.0,,
,,,,,,,81000000.0,,21000000.0,,
,,,,,,,66100000.0,,14700000.0,,
,,,,,,,51000000.0,,17200000.0,,
,,,,,,,61500000.0,,12000000.0,,
,,,,,,,58000000.0,,31300000.0,,
,,,,,,,74900000.0,,7900000.0,,
,,,,,,,57700000.0,,13700000.0,,
,,,,,,,107000000.0,,13300000.0,,
,,,,,,,63300000.0,,8070000.0,,
,,,,,,,68200000.0,,27100000.0,,
,,,,,,,40500000.0,,25800000.0,,
,,,,,,,109000000.0,,20000000.0,,
,,,,,,,80800000.0,,14600000.0,,
,,,,,,,126000000.0,,9650000.0,,
,,,,,,,55500000.0,,10800000.0,,
,,,,,,,86300000.0,,11400000.0,,
,,,,,,,54700000.0,,28000000.0,,
,,,,,,,121000000.0,,19300000.0,,
,,,,,,,102000000.0,,11100000.0,,
,,,,,,,48400000.0,,22100000.0,,
,,,,,,,117000000.0,,35700000.0,,
,,,,,,,70200000.0,,11300000.0,,
,,,,,,,82400000.0,,25200000.0,,
,,,,,,,74700000.0,,11200000.0,,
,,,,,,,95900000.0,,12500000.0,,
,,,,,,,58300000.0,,12100000.0,,
,,,,,,,69900000.0,,9660000.0,,
,,,,,,,70200000.0,,13600000.0,,
,,,,,,,50200000.0,,10000000.0,,
,,,,,,,113000000.0,,9970000.0,,
,,,,,,,44700000.0,,21800000.0,,
,,,,,,,43600000.0,,9900000.0,,
,,,,,,,70600000.0,,12300000.0,,
,,,,,,,39700000.0,,10500000.0,,
,,,,,,,66500000.0,,13100000.0,,
,,,,,,,101000000.0,,12900000.0,,
,,,,,,,109000000.0,,12000000.0,,
,,,,,,,50000000.0,,12800000.0,,
,,,,,,,72100000.0,,12400000.0,,
,,,,,,,111000000.0,,11900000.0,,
,,,,,,,116000000.0,,12500000.0,,
,,,,,,,118000000.0,,14400000.0,,
,,,,,,,61800000.0,,11800000.0,,
,,,,,,,63200000.0,,24100000.0,,
,,,,,,,52900000.0,,7660000.0,,
,,,,,,,106000000.0,,7220000.0,,
,,,,,,,101000000.0,,12800000.0,,
,,,,,,,91100000.0,,7160000.0,,
,,,,,,,52800000.0,,15000000.0,,
,,,,,,,65900000.0,,9410000.0,,
,,,,,,,126000000.0,,6670000.0,,
,,,,,,,74800000.0,,6350000.0,,
,,,,,,,57800000.0,,5990000.0,,
,,,,,,,54400000.0,,12400000.0,,
,,,,,,,66200000.0,,15000000.0,,
,,,,,,,87400000.0,,13300000.0,,
,,,,,,,48100000.0,,18700000.0,,
,,,,,,,72500000.0,,6140000.0,,
,,,,,,,74000000.0,,13700000.0,,
,,,,,,,51200000.0,,14800000.0,,
,,,,,,,70000000.0,,14400000.0,,
,,,,,,,46800000.0,,37200000.0,,
,,,,,,,49600000.0,,15300000.0,,
,,,,,,,43800000.0,,14600000.0,,
,,,,,,,64900000.0,,15800000.0,,
,,,,,,,72700000.0,,33900000.0,,
,,,,,,,64700000.0,,34100000.0,,
,,,,,,,93100000.0,,37000000.0,,
,,,,,,,44100000.0,,18400000.0,,
,,,,,,,49600000.0,,15600000.0,,
,,,,,,,104000000.0,,14100000.0,,
,,,,,,,42700000.0,,17600000.0,,
,,,,,,,88200000.0,,9790000.0,,
,,,,,,,61600000.0,,22100000.0,,
,,,,,,,45100000.0,,20400000.0,,
,,,,,,,43600000.0,,12300000.0,,
,,,,,,,41300000.0,,26500000.0,,
,,,,,,,43200000.0,,15200000.0,,
,,,,,,,40500000.0,,23800000.0,,
,,,,,,,39600000.0,,14000000.0,,
,,,,,,,43200000.0,,20300000.0,,
,,,,,,,45400000.0,,21600000.0,,
,,,,,,,39400000.0,,14900000.0,,
,,,,,,,88000000.0,,14800000.0,,
,,,,,,,42900000.0,,35400000.0,,
,,,,,,,44400000.0,,37400000.0,,
,,,,,,,88600000.0,,13900000.0,,
,,,,,,,59300000.0,,12300000.0,,
,,,,,,,45500000.0,,10200000.0,,
,,,,,,,44000000.0,,13100000.0,,
,,,,,,,76900000.0,,16100000.0,,
,,,,,,,73600000.0,,16700000.0,,
,,,,,,,72200000.0,,37300000.0,,
,,,,,,,39400000.0,,9660000.0,,
,,,,,,,46700000.0,,13500000.0,,
,,,,,,,43100000.0,,12700000.0,,
,,,,,,,97300000.0,,34700000.0,,
,,,,,,,34900000.0,,6440000.0,,
,,,,,,,35900000.0,,13700000.0,,
,,,,,,,79300000.0,,10200000.0,,
,,,,,,,39800000.0,,13800000.0,,
,,,,,,,107000000.0,,15000000.0,,
,,,,,,,46800000.0,,12200000.0,,
,,,,,,,36000000.0,,17900000.0,,
,,,,,,,42500000.0,,14700000.0,,
,,,,,,,39200000.0,,11500000.0,,
,,,,,,,60000000.0,,11000000.0,,
,,,,,,,37800000.0,,9720000.0,,
,,,,,,,34800000.0,,14000000.0,,
,,,,,,,65500000.0,,14300000.0,,
,,,,,,,89200000.0,,7690000.0,,
,,,,,,,57600000.0,,9510000.0,,
,,,,,,,80400000.0,,15100000.0,,
,,,,,,,32700000.0,,12000000.0,,
,,,,,,,78100000.0,,10300000.0,,
,,,,,,,89800000.0,,36800000.0,,
,,,,,,,34100000.0,,18200000.0,,
,,,,,,,55400000.0,,7380000.0,,
,,,,,,,79300000.0,,8060000.0,,
,,,,,,,89400000.0,,25700000.0,,
,,,,,,,31700000.0,,13800000.0,,
,,,,,,,32300000.0,,16100000.0,,
,,,,,,,86500000.0,,17400000.0,,
,,,,,,,92500000.0,,20900000.0,,
,,,,,,,47800000.0,,18600000.0,,
,,,,,,,28500000.0,,16500000.0,,
,,,,,,,27500000.0,,21500000.0,,
,,,,,,,53300000.0,,15200000.0,,
,,,,,,,37100000.0,,14400000.0,,
,,,,,,,63100000.0,,16700000.0,,
,,,,,,,44600000.0,,12700000.0,,
,,,,,,,76500000.0,,13900000.0,,
,,,,,,,29500000.0,,22100000.0,,
,,,,,,,84600000.0,,15700000.0,,
,,,,,,,28800000.0,,13600000.0,,
,,,,,,,33400000.0,,12600000.0,,
,,,,,,,29000000.0,,8580000.0,,
,,,,,,,33500000.0,,27200000.0,,
,,,,,,,28400000.0,,12300000.0,,
,,,,,,,45600000.0,,18900000.0,,
,,,,,,,26700000.0,,24900000.0,,
,,,,,,,28600000.0,,12000000.0,,
,,,,,,,47700000.0,,12100000.0,,
,,,,,,,46000000.0,,11600000.0,,
,,,,,,,38500000.0,,13600000.0,,
,,,,,,,47400000.0,,22100000.0,,
,,,,,,,53700000.0,,10700000.0,,
,,,,,,,27300000.0,,11500000.0,,
,,,,,,,46600000.0,,29300000.0,,
,,,,,,,33900000.0,,19300000.0,,
,,,,,,,47000000.0,,22200000.0,,
,,,,,,,47300000.0,,11400000.0,,
,,,,,,,41500000.0,,20400000.0,,
,,,,,,,34300000.0,,12100000.0,,
,,,,,,,95400000.0,,16500000.0,,
,,,,,,,52700000.0,,12800000.0,,
,,,,,,,80300000.0,,15400000.0,,
,,,,,,,50900000.0,,13000000.0,,
,,,,,,,91600000.0,,17200000.0,,
,,,,,,,38300000.0,,14400000.0,,
,,,,,,,94900000.0,,16300000.0,,
,,,,,,,102000000.0,,13500000.0,,
,,,,,,,81900000.0,,15600000.0,,
,,,,,,,85100000.0,,15100000.0,,
,,,,,,,81500000.0,,15700000.0,,
,,,,,,,34500000.0,,13600000.0,,
,,,,,,,61100000.0,,24300000.0,,
,,,,,,,83200000.0,,32900000.0,,
,,,,,,,66800000.0,,17200000.0,,
,,,,,,,69100000.0,,17800000.0,,
,,,,,,,45600000.0,,15500000.0,,
,,,,,,,36600000.0,,21200000.0,,
,,,,,,,35400000.0,,21200000.0,,
,,,,,,,38900000.0,,21400000.0,,
,,,,,,,50100000.0,,47900000.0,,
,,,,,,,55700000.0,,18900000.0,,
,,,,,,,25600000.0,,23900000.0,,
,,,,,,,32200000.0,,21300000.0,,
,,,,,,,77100000.0,,21800000.0,,
,,,,,,,57800000.0,,25200000.0,,
,,,,,,,32600000.0,,30100000.0,,
,,,,,,,37300000.0,,28700000.0,,
,,,,,,,59300000.0,,16800000.0,,
,,,,,,,82000000.0,,31200000.0,,
,,,,,,,34000000.0,,31700000.0,,
,,,,,,,45400000.0,,44800000.0,,
,,,,,,,57700000.0,,38700000.0,,
,,,,,,,31100000.0,,18200000.0,,
,,,,,,,27000000.0,,19900000.0,,
,,,,,,,52300000.0,,41900000.0,,
,,,,,,,52600000.0,,18300000.0,,
,,,,,,,25500000.0,,17600000.0,,
,,,,,,,61100000.0,,17300000.0,,
,,,,,,,46300000.0,,17000000.0,,
,,,,,,,29800000.0,,16800000.0,,
,,,,,,,34400000.0,,21200000.0,,
,,,,,,,32900000.0,,17400000.0,,
,,,,,,,33000000.0,,32800000.0,,
,,,,,,,28700000.0,,28000000.0,,
,,,,,,,73800000.0,,33500000.0,,
,,,,,,,30000000.0,,18300000.0,,
,,,,,,,62500000.0,,26100000.0,,
,,,,,,,52000000.0,,19700000.0,,
,,,,,,,95500000.0,,37300000.0,,
,,,,,,,31200000.0,,19900000.0,,
,,,,,,,32600000.0,,19400000.0,,
,,,,,,,32400000.0,,21700000.0,,
,,,,,,,32500000.0,,20600000.0,,
,,,,,,,41200000.0,,26100000.0,,
,,,,,,,64800000.0,,24900000.0,,
,,,,,,,32700000.0,,21100000.0,,
,,,,,,,52700000.0,,18300000.0,,
,,,,,,,53800000.0,,20000000.0,,
,,,,,,,53800000.0,,50300000.0,,
,,,,,,,59000000.0,,21700000.0,,
,,,,,,,67300000.0,,40500000.0,,
,,,,,,,34300000.0,,30300000.0,,
,,,,,,,33800000.0,,36400000.0,,
,,,,,,,33400000.0,,60500000.0,,
,,,,,,,29300000.0,,57700000.0,,
,,,,,,,52000000.0,,33400000.0,,
,,,,,,,160000000.0,,47500000.0,,
,,,,,,,51800000.0,,41100000.0,,
,,,,,,,51300000.0,,40800000.0,,
,,,,,,,53600000.0,,32600000.0,,
,,,,,,,54400000.0,,28500000.0,,
,,,,,,,47500000.0,,26200000.0,,
,,,,,,,88900000.0,,34600000.0,,
,,,,,,,57400000.0,,35600000.0,,
,,,,,,,129000000.0,,43800000.0,,
,,,,,,,54500000.0,,38200000.0,,
,,,,,,,53100000.0,,37700000.0,,
,,,,,,,67100000.0,,43200000.0,,
,,,,,,,49000000.0,,46600000.0,,
,,,,,,,50100000.0,,41600000.0,,
,,,,,,,95000000.0,,41300000.0,,
,,,,,,,63900000.0,,31700000.0,,
,,,,,,,50000000.0,,43300000.0,,
,,,,,,,49600000.0,,29000000.0,,
,,,,,,,49800000.0,,37600000.0,,
,,,,,,,60500000.0,,33600000.0,,
,,,,,,,47000000.0,,38300000.0,,
,,,,,,,121000000.0,,36100000.0,,
,,,,,,,45100000.0,,38400000.0,,
,,,,,,,,,25800000.0,,
,,,,,,,,,36400000.0,,
,,,,,,,,,36300000.0,,
,,,,,,,,,39300000.0,,
,,,,,,,,,34700000.0,,
,,,,,,,,,35500000.0,,
,,,,,,,,,28000000.0,,
,,,,,,,,,25900000.0,,
,,,,,,,,,22800000.0,,
,,,,,,,,,26600000.0,,
,,,,,,,,,41600000.0,,
,,,,,,,,,25300000.0,,
,,,,,,,,,28000000.0,,
,,,,,,,,,36000000.0,,
,,,,,,,,,28700000.0,,
,,,,,,,,,31400000.0,,
,,,,,,,,,28700000.0,,
,,,,,,,,,36300000.0,,
,,,,,,,,,35200000.0,,
,,,,,,,,,29200000.0,,
,,,,,,,,,33000000.0,,
,,,,,,,,,30700000.0,,
,,,,,,,,,33200000.0,,
,,,,,,,,,30600000.0,,
,,,,,,,,,45300000.0,,
,,,,,,,,,49100000.0,,
,,,,,,,,,40600000.0,,
,,,,,,,,,43400000.0,,
,,,,,,,,,41600000.0,,
,,,,,,,,,40400000.0,,
,,,,,,,,,33000000.0,,
,,,,,,,,,46900000.0,,
,,,,,,,,,34700000.0,,
,,,,,,,,,36000000.0,,
,,,,,,,,,48100000.0,,
,,,,,,,,,33900000.0,,
,,,,,,,,,40200000.0,,
,,,,,,,,,33600000.0,,
,,,,,,,,,43200000.0,,
,,,,,,,,,27300000.0,,
,,,,,,,,,35600000.0,,
,,,,,,,,,21400000.0,,
,,,,,,,,,32000000.0,,
,,,,,,,,,36100000.0,,
,,,,,,,,,38200000.0,,
,,,,,,,,,18600000.0,,
,,,,,,,,,47300000.0,,
,,,,,,,,,34100000.0,,
,,,,,,,,,38100000.0,,
,,,,,,,,,27700000.0,,
,,,,,,,,,50100000.0,,
,,,,,,,,,34700000.0,,
,,,,,,,,,40900000.0,,
,,,,,,,,,30700000.0,,
,,,,,,,,,46800000.0,,
,,,,,,,,,57800000.0,,
,,,,,,,,,58900000.0,,
,,,,,,,,,60500000.0,,
,,,,,,,,,62300000.0,,
,,,,,,,,,40000000.0,,
,,,,,,,,,40300000.0,,
,,,,,,,,,63400000.0,,
,,,,,,,,,59000000.0,,
,,,,,,,,,62000000.0,,
,,,,,,,,,58400000.0,,
,,,,,,,,,52100000.0,,
,,,,,,,,,60900000.0,,
,,,,,,,,,44900000.0,,
,,,,,,,,,56600000.0,,
,,,,,,,,,65900000.0,,
,,,,,,,,,61700000.0,,
,,,,,,,,,64100000.0,,
,,,,,,,,,64300000.0,,
,,,,,,,,,65600000.0,,
,,,,,,,,,58000000.0,,
,,,,,,,,,63900000.0,,
,,,,,,,,,67500000.0,,
,,,,,,,,,63400000.0,,
,,,,,,,,,62700000.0,,
,,,,,,,,,66300000.0,,
,,,,,,,,,63200000.0,,
,,,,,,,,,59500000.0,,
,,,,,,,,,63500000.0,,
,,,,,,,,,62900000.0,,
,,,,,,,,,60900000.0,,
,,,,,,,,,57900000.0,,
,,,,,,,,,62400000.0,,
,,,,,,,,,60000000.0,,
,,,,,,,,,55100000.0,,
,,,,,,,,,54200000.0,,
,,,,,,,,,70600000.0,,
,,,,,,,,,54600000.0,,
,,,,,,,,,65100000.0,,
,,,,,,,,,65600000.0,,
,,,,,,,,,65000000.0,,
,,,,,,,,,61400000.0,,
,,,,,,,,,59200000.0,,
,,,,,,,,,61900000.0,,
,,,,,,,,,46900000.0,,
,,,,,,,,,60000000.0,,
,,,,,,,,,19200000.0,,
,,,,,,,,,57600000.0,,
,,,,,,,,,46300000.0,,
,,,,,,,,,59900000.0,,
,,,,,,,,,63600000.0,,
,,,,,,,,,53200000.0,,
,,,,,,,,,45400000.0,,
,,,,,,,,,57400000.0,,
,,,,,,,,,64000000.0,,
,,,,,,,,,69300000.0,,
,,,,,,,,,59400000.0,,
,,,,,,,,,70400000.0,,
,,,,,,,,,63000000.0,,
,,,,,,,,,68000000.0,,
,,,,,,,,,69500000.0,,
,,,,,,,,,65000000.0,,
,,,,,,,,,70700000.0,,
,,,,,,,,,71600000.0,,
,,,,,,,,,64400000.0,,
,,,,,,,,,73500000.0,,
,,,,,,,,,73700000.0,,
,,,,,,,,,69600000.0,,
,,,,,,,,,65200000.0,,
,,,,,,,,,73400000.0,,
,,,,,,,,,69100000.0,,
,,,,,,,,,72800000.0,,
,,,,,,,,,68200000.0,,
,,,,,,,,,68500000.0,,
,,,,,,,,,69600000.0,,
,,,,,,,,,69900000.0,,
,,,,,,,,,60700000.0,,
,,,,,,,,,55200000.0,,
,,,,,,,,,72900000.0,,
,,,,,,,,,71300000.0,,
,,,,,,,,,74500000.0,,
,,,,,,,,,67300000.0,,
,,,,,,,,,66900000.0,,
,,,,,,,,,71700000.0,,
,,,,,,,,,69400000.0,,
,,,,,,,,,65700000.0,,
,,,,,,,,,67600000.0,,
,,,,,,,,,70000000.0,,
,,,,,,,,,72500000.0,,
,,,,,,,,,74500000.0,,
,,,,,,,,,70500000.0,,
,,,,,,,,,71900000.0,,
,,,,,,,,,73600000.0,,
,,,,,,,,,73300000.0,,
,,,,,,,,,72000000.0,,
,,,,,,,,,74600000.0,,
,,,,,,,,,77900000.0,,
,,,,,,,,,68700000.0,,
,,,,,,,,,82200000.0,,
,,,,,,,,,71700000.0,,
,,,,,,,,,75100000.0,,
,,,,,,,,,77200000.0,,
,,,,,,,,,72000000.0,,
,,,,,,,,,72200000.0,,
,,,,,,,,,71400000.0,,
,,,,,,,,,78500000.0,,
,,,,,,,,,75400000.0,,
,,,,,,,,,70600000.0,,
,,,,,,,,,73700000.0,,
,,,,,,,,,75700000.0,,
,,,,,,,,,94400000.0,,
,,,,,,,,,71300000.0,,
,,,,,,,,,84200000.0,,
,,,,,,,,,81300000.0,,
,,,,,,,,,70800000.0,,
,,,,,,,,,102000000.0,,
,,,,,,,,,75200000.0,,
,,,,,,,,,68000000.0,,
,,,,,,,,,74200000.0,,
,,,,,,,,,83000000.0,,
,,,,,,,,,73700000.0,,
,,,,,,,,,73500000.0,,
,,,,,,,,,74300000.0,,
,,,,,,,,,75900000.0,,
,,,,,,,,,61100000.0,,
,,,,,,,,,78900000.0,,
,,,,,,,,,93200000.0,,
,,,,,,,,,59600000.0,,
,,,,,,,,,72600000.0,,
,,,,,,,,,71400000.0,,
,,,,,,,,,86500000.0,,
,,,,,,,,,84500000.0,,
,,,,,,,,,75700000.0,,
,,,,,,,,,73400000.0,,
,,,,,,,,,80500000.0,,
,,,,,,,,,77500000.0,,
,,,,,,,,,75600000.0,,
,,,,,,,,,82900000.0,,
,,,,,,,,,81500000.0,,
,,,,,,,,,90600000.0,,
,,,,,,,,,77800000.0,,
,,,,,,,,,81300000.0,,
,,,,,,,,,83400000.0,,
,,,,,,,,,83400000.0,,
,,,,,,,,,60500000.0,,
,,,,,,,,,78600000.0,,
,,,,,,,,,68100000.0,,
,,,,,,,,,83100000.0,,
,,,,,,,,,71900000.0,,
,,,,,,,,,82500000.0,,
,,,,,,,,,83000000.0,,
,,,,,,,,,89300000.0,,
,,,,,,,,,71500000.0,,
,,,,,,,,,83300000.0,,
,,,,,,,,,79900000.0,,
,,,,,,,,,88800000.0,,
,,,,,,,,,75900000.0,,
,,,,,,,,,88000000.0,,
,,,,,,,,,84500000.0,,
,,,,,,,,,88800000.0,,
,,,,,,,,,86400000.0,,
,,,,,,,,,89100000.0,,
,,,,,,,,,83200000.0,,
,,,,,,,,,86300000.0,,
,,,,,,,,,74900000.0,,
,,,,,,,,,68800000.0,,
,,,,,,,,,82900000.0,,
,,,,,,,,,115000000.0,,
,,,,,,,,,66600000.0,,
,,,,,,,,,64800000.0,,
,,,,,,,,,76200000.0,,
,,,,,,,,,71700000.0,,
,,,,,,,,,85200000.0,,
,,,,,,,,,82400000.0,,
,,,,,,,,,47500000.0,,
,,,,,,,,,83800000.0,,
,,,,,,,,,93600000.0,,
,,,,,,,,,85800000.0,,
,,,,,,,,,91400000.0,,
,,,,,,,,,92600000.0,,
,,,,,,,,,33400000.0,,
,,,,,,,,,109000000.0,,
,,,,,,,,,37200000.0,,
,,,,,,,,,36600000.0,,
,,,,,,,,,41400000.0,,
,,,,,,,,,89700000.0,,
,,,,,,,,,39700000.0,,
,,,,,,,,,82200000.0,,
,,,,,,,,,70900000.0,,
,,,,,,,,,29800000.0,,
,,,,,,,,,30800000.0,,
,,,,,,,,,31500000.0,,
,,,,,,,,,87500000.0,,
,,,,,,,,,60600000.0,,
,,,,,,,,,44700000.0,,
,,,,,,,,,44300000.0,,
,,,,,,,,,38900000.0,,
,,,,,,,,,38400000.0,,
,,,,,,,,,41800000.0,,
,,,,,,,,,38100000.0,,
,,,,,,,,,35600000.0,,
,,,,,,,,,34100000.0,,
,,,,,,,,,44800000.0,,
,,,,,,,,,51800000.0,,
,,,,,,,,,49600000.0,,
,,,,,,,,,49700000.0,,
,,,,,,,,,36800000.0,,
,,,,,,,,,43000000.0,,
,,,,,,,,,107000000.0,,
,,,,,,,,,44200000.0,,
,,,,,,,,,39300000.0,,
,,,,,,,,,39000000.0,,
,,,,,,,,,87000000.0,,
,,,,,,,,,63800000.0,,
,,,,,,,,,86300000.0,,
,,,,,,,,,88000000.0,,
,,,,,,,,,75400000.0,,
,,,,,,,,,63000000.0,,
,,,,,,,,,100000000.0,,
,,,,,,,,,79000000.0,,
,,,,,,,,,63000000.0,,
,,,,,,,,,65800000.0,,
,,,,,,,,,65700000.0,,
,,,,,,,,,87300000.0,,
,,,,,,,,,40500000.0,,
,,,,,,,,,60200000.0,,
,,,,,,,,,67800000.0,,
,,,,,,,,,88300000.0,,
,,,,,,,,,40500000.0,,
,,,,,,,,,79500000.0,,
,,,,,,,,,99600000.0,,
,,,,,,,,,83700000.0,,
,,,,,,,,,76100000.0,,
,,,,,,,,,57200000.0,,
,,,,,,,,,52100000.0,,
,,,,,,,,,42700000.0,,
,,,,,,,,,52700000.0,,
,,,,,,,,,55000000.0,,
,,,,,,,,,71600000.0,,
,,,,,,,,,57900000.0,,
,,,,,,,,,39100000.0,,
,,,,,,,,,40200000.0,,
,,,,,,,,,93300000.0,,
,,,,,,,,,69600000.0,,
,,,,,,,,,52700000.0,,
,,,,,,,,,48400000.0,,
,,,,,,,,,63000000.0,,
,,,,,,,,,39500000.0,,
,,,,,,,,,71100000.0,,
,,,,,,,,,100000000.0,,
,,,,,,,,,67300000.0,,
,,,,,,,,,88000000.0,,
,,,,,,,,,81400000.0,,
,,,,,,,,,94500000.0,,
,,,,,,,,,50000000.0,,
,,,,,,,,,50500000.0,,
,,,,,,,,,68100000.0,,
,,,,,,,,,76000000.0,,
,,,,,,,,,43600000.0,,
,,,,,,,,,65200000.0,,
,,,,,,,,,98400000.0,,
,,,,,,,,,62900000.0,,
,,,,,,,,,42700000.0,,
,,,,,,,,,83800000.0,,
,,,,,,,,,46100000.0,,
,,,,,,,,,72700000.0,,
,,,,,,,,,35100000.0,,
,,,,,,,,,38900000.0,,
,,,,,,,,,38800000.0,,
,,,,,,,,,44600000.0,,
,,,,,,,,,42900000.0,,
,,,,,,,,,46800000.0,,
,,,,,,,,,37300000.0,,
,,,,,,,,,41800000.0,,
,,,,,,,,,49000000.0,,
,,,,,,,,,40900000.0,,
,,,,,,,,,38500000.0,,
,,,,,,,,,42300000.0,,
,,,,,,,,,43300000.0,,
,,,,,,,,,54500000.0,,
,,,,,,,,,38600000.0,,
,,,,,,,,,42600000.0,,
,,,,,,,,,32300000.0,,
,,,,,,,,,44900000.0,,
,,,,,,,,,64800000.0,,
,,,,,,,,,39800000.0,,
,,,,,,,,,42400000.0,,
,,,,,,,,,52400000.0,,
,,,,,,,,,42200000.0,,
,,,,,,,,,127000000.0,,
,,,,,,,,,46900000.0,,
,,,,,,,,,44400000.0,,
,,,,,,,,,140000000.0,,
,,,,,,,,,60800000.0,,
,,,,,,,,,48900000.0,,
,,,,,,,,,68100000.0,,
,,,,,,,,,53400000.0,,
,,,,,,,,,62800000.0,,
,,,,,,,,,54800000.0,,
,,,,,,,,,53400000.0,,
,,,,,,,,,58400000.0,,
,,,,,,,,,43800000.0,,
,,,,,,,,,84500000.0,,
,,,,,,,,,40100000.0,,
,,,,,,,,,46700000.0,,
,,,,,,,,,42000000.0,,
,,,,,,,,,44400000.0,,
,,,,,,,,,69900000.0,,
,,,,,,,,,46300000.0,,
,,,,,,,,,48200000.0,,
,,,,,,,,,44800000.0,,
,,,,,,,,,41500000.0,,
,,,,,,,,,48600000.0,,
,,,,,,,,,57600000.0,,
,,,,,,,,,87700000.0,,
,,,,,,,,,44000000.0,,
,,,,,,,,,78600000.0,,
,,,,,,,,,64600000.0,,
,,,,,,,,,43600000.0,,
,,,,,,,,,46100000.0,,
,,,,,,,,,71900000.0,,
,,,,,,,,,65600000.0,,
,,,,,,,,,52700000.0,,
,,,,,,,,,46300000.0,,
,,,,,,,,,52700000.0,,
,,,,,,,,,55000000.0,,
,,,,,,,,,70600000.0,,
,,,,,,,,,56100000.0,,
,,,,,,,,,54100000.0,,
,,,,,,,,,52100000.0,,
,,,,,,,,,50400000.0,,
,,,,,,,,,58200000.0,,
,,,,,,,,,44900000.0,,
,,,,,,,,,66100000.0,,
,,,,,,,,,44900000.0,,
,,,,,,,,,53500000.0,,
,,,,,,,,,42400000.0,,
,,,,,,,,,46400000.0,,
,,,,,,,,,52400000.0,,
,,,,,,,,,75900000.0,,
,,,,,,,,,61400000.0,,
,,,,,,,,,51200000.0,,
,,,,,,,,,54600000.0,,
,,,,,,,,,48900000.0,,
,,,,,,,,,73900000.0,,
,,,,,,,,,68600000.0,,
,,,,,,,,,65500000.0,,
,,,,,,,,,49300000.0,,
,,,,,,,,,44500000.0,,
,,,,,,,,,67300000.0,,
,,,,,,,,,45700000.0,,
,,,,,,,,,70400000.0,,
,,,,,,,,,56900000.0,,
,,,,,,,,,55900000.0,,
,,,,,,,,,68900000.0,,
,,,,,,,,,72100000.0,,
,,,,,,,,,61200000.0,,
,,,,,,,,,71100000.0,,
,,,,,,,,,70800000.0,,
,,,,,,,,,62700000.0,,
,,,,,,,,,62900000.0,,
,,,,,,,,,68700000.0,,
,,,,,,,,,69100000.0,,
,,,,,,,,,58700000.0,,
,,,,,,,,,73200000.0,,
,,,,,,,,,66600000.0,,
,,,,,,,,,60900000.0,,
,,,,,,,,,60100000.0,,
,,,,,,,,,69700000.0,,
,,,,,,,,,72000000.0,,
,,,,,,,,,69100000.0,,
,,,,,,,,,80000000.0,,
,,,,,,,,,78700000.0,,
,,,,,,,,,71200000.0,,
,,,,,,,,,78100000.0,,
,,,,,,,,,76400000.0,,
,,,,,,,,,61400000.0,,
,,,,,,,,,77400000.0,,
,,,,,,,,,65600000.0,,
,,,,,,,,,78300000.0,,
,,,,,,,,,78700000.0,,
,,,,,,,,,71300000.0,,
,,,,,,,,,58700000.0,,
,,,,,,,,,81600000.0,,
,,,,,,,,,61800000.0,,
,,,,,,,,,59000000.0,,
,,,,,,,,,73300000.0,,
,,,,,,,,,78300000.0,,
,,,,,,,,,71500000.0,,
,,,,,,,,,74800000.0,,
,,,,,,,,,64600000.0,,
,,,,,,,,,60600000.0,,
,,,,,,,,,70100000.0,,
,,,,,,,,,62100000.0,,
,,,,,,,,,64800000.0,,
,,,,,,,,,65700000.0,,
,,,,,,,,,64900000.0,,
,,,,,,,,,65400000.0,,
,,,,,,,,,69100000.0,,
,,,,,,,,,69200000.0,,
,,,,,,,,,69800000.0,,
,,,,,,,,,73200000.0,,
,,,,,,,,,71300000.0,,
,,,,,,,,,73500000.0,,
,,,,,,,,,64700000.0,,
,,,,,,,,,59100000.0,,
,,,,,,,,,59800000.0,,
,,,,,,,,,73400000.0,,
,,,,,,,,,65500000.0,,
,,,,,,,,,57700000.0,,
,,,,,,,,,63200000.0,,
,,,,,,,,,54800000.0,,
,,,,,,,,,53600000.0,,
,,,,,,,,,61000000.0,,
,,,,,,,,,58400000.0,,
,,,,,,,,,55300000.0,,
,,,,,,,,,63800000.0,,
,,,,,,,,,75100000.0,,
,,,,,,,,,53700000.0,,
,,,,,,,,,63600000.0,,
,,,,,,,,,49400000.0,,
,,,,,,,,,63200000.0,,
,,,,,,,,,65200000.0,,
,,,,,,,,,62400000.0,,
,,,,,,,,,67800000.0,,
,,,,,,,,,61300000.0,,
,,,,,,,,,64200000.0,,
,,,,,,,,,72700000.0,,
,,,,,,,,,62500000.0,,
,,,,,,,,,109000000.0,,
,,,,,,,,,88900000.0,,
,,,,,,,,,4260000.0,,
,,,,,,,,,2130000.0,,
,,,,,,,,,4430000.0,,
,,,,,,,,,6120000.0,,
,,,,,,,,,3420000.0,,
,,,,,,,,,36000000.0,,
