Rise-Time_Max_Min_difference,Rise-Time_Max_Min_difference.1,Rise-Time_Max_Min_difference.2,Rise-Time_Max_Min_difference.3,Rise-Time_Max_Min_difference.4,Rise-Time_Max_Min_difference.5,Rise-Time_Max_Min_difference.6,Rise-Time_Max_Min_difference.7,Rise-Time_Max_Min_difference.8,Rise-Time_Max_Min_difference.9,Rise-Time_Max_Min_difference.10,Rise-Time_Max_Min_difference
2207.1,470.4,1492.1,892.0,590.6999999999999,943.4,3228.7,672.3,419.1,995.1,231.5,8728.5
146.6,42.49999999999999,783.4499999999999,145.9,43.1,64.3,87.1,609.6999999999999,119.79999999999998,18.5,39.400000000000006,322.79999999999995
269.9,24.099999999999994,74.80000000000001,158.70000000000002,32.0,56.5,43.60000000000001,85.5,82.1,19.2,2.699999999999996,106.3
535.6,24.70833333333333,55.95,69.2,40.8,48.7,31.300000000000004,413.4,45.2,19.9,53.89999999999999,297.4
477.3,25.316666666666663,37.1,80.89999999999999,21.5,61.45,32.06666666666667,75.9,89.3,20.6,35.4,333.7
512.8,25.925,28.3,16.199999999999996,153.83333333333334,74.2,32.83333333333333,32.7,32.099999999999994,162.9,537.6500000000001,607.4
467.9,26.533333333333328,85.43333333333332,64.0,286.1666666666667,11.800000000000004,33.599999999999994,55.3,41.900000000000006,155.61333333333334,1039.9,531.1
466.0,27.141666666666666,142.56666666666666,63.9,418.5,80.2,27.4,69.6,44.3,148.32666666666668,47.5,511.9
151.5,27.75,199.7,56.99999999999999,212.85,73.5,24.225,52.89999999999999,46.7,141.04000000000002,312.0,725.5
625.3000000000001,28.35833333333333,26.9,48.400000000000006,7.200000000000003,66.80000000000001,21.05,12.3,75.15,133.75333333333333,264.90000000000003,649.0
88.80000000000001,28.966666666666665,36.65,163.2,77.6,262.29999999999995,17.875000000000004,120.5,103.6,126.46666666666668,283.7,530.1999999999999
143.79999999999998,29.575,46.4,66.6,52.39999999999999,392.5,14.700000000000005,30.9,40.7,119.18,284.79999999999995,857.8
121.2,30.18333333333333,36.7,62.900000000000006,30.200000000000003,175.9,251.1,82.0,80.2,111.89333333333336,428.5,597.8
134.4,30.791666666666664,44.8,337.7,31.9,368.5,219.8,74.1,52.00000000000001,104.60666666666668,249.7,566.9
107.2,31.4,100.7,186.95,27.166666666666664,286.6,188.5,28.9,146.9,97.32,297.5,699.1
277.3,32.32727272727273,92.18571428571428,36.2,22.43333333333333,206.2,157.2,74.80000000000001,25.3,90.03333333333335,203.9,919.1
404.0,33.25454545454545,83.67142857142858,45.8,17.699999999999996,125.8,125.9,82.10000000000001,62.2,82.74666666666668,285.4,886.0
68.3,34.18181818181818,75.15714285714286,81.8,13.033333333333331,88.0,94.6,71.3,99.1,75.46000000000001,213.2,853.9
99.7,35.10909090909091,66.64285714285714,50.65,8.366666666666667,75.5,77.05,220.1,66.2,68.17333333333335,322.1,804.6
102.6,36.03636363636364,58.12857142857143,19.5,3.700000000000003,63.0,59.49999999999999,67.3,61.2,60.886666666666684,264.4,996.2
98.0,36.96363636363636,49.614285714285714,51.10000000000001,39.5,38.7,31.90000000000001,62.8,43.1,53.60000000000001,35.3,743.1999999999999
317.8,37.89090909090909,41.1,94.6,48.4,43.8,25.350000000000005,204.7,172.4,37.05,64.9,1037.5
82.9,38.81818181818182,38.41,41.5,57.3,42.6,18.8,247.2,94.5,20.5,101.7,658.0
83.10000000000001,39.74545454545455,35.72,51.5,66.19999999999999,79.19999999999999,66.7,348.3,69.1,20.375,67.6,884.0
81.6,40.67272727272727,33.03,84.6,75.1,41.1,114.6,328.1,41.4,20.25,100.8,813.6
384.8,41.6,30.34,95.1,29.4,42.8,89.1,268.2,38.1,20.125,217.2,1030.3000000000002
91.4,35.900000000000006,27.65,191.1,1.6000000000000014,29.6,68.60000000000001,122.5,101.6,20.000000000000004,100.1,833.4
429.2,34.294736842105266,24.96,68.8,21.800000000000004,16.400000000000002,32.3,164.9,29.200000000000003,19.875000000000004,252.6,745.1999999999999
98.7,32.68947368421053,22.27,315.9,36.7,3.200000000000003,2.0,83.1,88.80000000000001,19.750000000000004,92.8,1083.6
92.7,31.0842105263158,19.58,81.4,724.3000000000001,37.2,45.1,67.6,17.800000000000004,19.625000000000004,8.200000000000003,951.6
86.5,29.478947368421057,16.889999999999997,49.400000000000006,47.0,148.3,26.0,65.1,7.299999999999997,19.500000000000004,123.9,1091.1
496.7,27.87368421052632,14.2,149.8,53.2,149.0,99.8,74.6,77.10000000000001,19.375000000000007,128.20000000000002,845.1
171.7,26.26842105263158,32.7,275.2,34.2,157.9,75.03333333333333,54.3,34.300000000000004,19.250000000000007,232.9,858.9
179.1,24.663157894736845,32.68888888888889,402.8,43.4,36.2,50.266666666666666,135.70000000000002,84.0,19.125000000000007,139.9,852.1
86.39999999999999,23.05789473684211,32.67777777777778,332.29999999999995,51.3,254.2,25.5,79.8,133.60000000000002,19.000000000000007,136.60000000000002,850.8
86.4,21.45263157894737,32.66666666666667,716.3,17.699999999999996,147.20000000000002,44.2,235.9,86.9,12.200000000000005,60.7,732.6
374.1,19.84736842105264,32.65555555555556,387.0,73.2,390.5,62.9,85.8,99.4,5.399999999999999,133.8,826.6999999999999
475.9,18.242105263157896,32.644444444444446,410.4,28.5,93.4,52.68333333333333,181.3,92.2,6.909999999999998,133.7,873.3
161.6,16.63684210526316,32.63333333333333,380.1,99.3,592.3,42.46666666666667,93.5,103.6,8.419999999999998,133.5,937.6
573.1999999999999,15.031578947368423,32.62222222222223,534.1,100.7,489.5,32.25,79.80000000000001,23.6,9.93,24.90000000000001,891.6999999999999
652.4,13.426315789473684,32.611111111111114,663.1,160.8,344.7,22.03333333333333,1150.6,82.19999999999999,11.44,120.9,1115.5
938.8,11.821052631578947,32.6,828.5,361.1,728.1,11.816666666666665,164.1,70.6,12.95,113.4,993.5
121.6,10.215789473684213,32.40555555555556,727.9,246.9,647.1,1.6000000000000014,346.70000000000005,253.4,14.46,170.3,1032.7
114.3,8.610526315789475,32.21111111111111,1015.6,259.2,734.9,2.7250000000000014,107.4,110.8,15.97,113.3,773.4
135.70000000000002,7.005263157894738,32.016666666666666,415.9,277.29999999999995,129.79999999999998,3.8500000000000014,200.7,87.8,17.48,113.5,1194.9
495.6,5.399999999999999,31.822222222222223,655.4,292.9,100.8,4.975000000000001,137.20000000000002,218.6,18.99,104.7,917.7
507.1,7.136363636363635,31.627777777777776,793.6999999999999,293.0,269.8,6.100000000000001,103.2,47.7,20.5,563.5,738.6999999999999
452.0,8.872727272727271,31.433333333333334,441.0,295.5,400.8,7.427272727272729,104.0,311.8,20.3,109.8,1085.9
430.3,10.60909090909091,31.238888888888887,817.9000000000001,294.4,115.0,8.754545454545456,70.2,460.1,9.599999999999994,115.2,985.5
115.5,12.345454545454544,31.044444444444444,436.4,280.2,205.5,10.081818181818184,149.70000000000002,499.8,68.5,113.8,1001.2
66.19999999999999,14.081818181818182,30.85,303.6,135.79999999999998,390.0,11.40909090909091,43.5,469.5,53.3,115.7,932.1
106.6,15.818181818181818,30.65555555555555,561.8,345.1,307.1,12.736363636363638,133.39999999999998,99.9,38.1,114.1,980.0
83.69999999999999,17.554545454545455,30.46111111111111,445.9,348.40000000000003,336.0,14.063636363636366,26.800000000000004,85.3,38.53636363636364,237.4,794.0
88.5,19.29090909090909,30.266666666666666,720.9,320.90000000000003,385.2,15.390909090909092,303.29999999999995,145.2,38.97272727272728,79.1,504.4
218.7,21.027272727272727,30.07222222222222,716.6999999999999,402.2,327.8,16.71818181818182,348.79999999999995,107.9,39.409090909090914,161.3,607.9
202.7,22.763636363636365,29.877777777777773,1400.7,342.0,237.8,18.045454545454547,394.3,67.8,39.84545454545455,135.3,641.6999999999999
115.8,24.5,29.68333333333333,1139.6,174.6,246.2,19.372727272727275,398.2,75.7,40.28181818181818,54.1,325.4
108.1,24.469736842105263,29.488888888888884,730.6,270.9,424.7,20.700000000000003,433.2000000000001,124.5,40.71818181818182,91.4,379.0
74.5,24.43947368421053,29.29444444444444,1120.9,440.4,340.79999999999995,22.450000000000003,532.0,97.0,41.154545454545456,332.2,884.6999999999999
130.2,24.40921052631579,29.099999999999994,663.9,282.9,285.7,24.200000000000003,274.0,33.7,41.59090909090909,77.2,321.29999999999995
122.9,24.37894736842105,29.266666666666666,857.6999999999999,336.1,328.1,25.950000000000003,255.2,71.0,42.02727272727273,120.0,619.1999999999999
96.6,24.348684210526315,29.43333333333333,1122.3000000000002,269.9,344.29999999999995,27.7,84.0,27.5,42.46363636363637,71.4,363.7
106.2,24.31842105263157,29.6,1040.8000000000002,299.79999999999995,302.79999999999995,29.45,73.7,72.9,42.900000000000006,97.3,613.5
111.7,24.28815789473684,29.766666666666666,1347.6,280.6,271.6,31.2,29.200000000000003,50.7,5.099999999999994,216.6,376.6
108.2,24.257894736842104,29.93333333333333,925.5,294.2,247.3,26.1,0.7000000000000028,64.1,6.349999999999994,311.4,664.1
333.90000000000003,24.227631578947367,30.1,1273.0,298.2,446.2,3.0,22.1,22.7,7.599999999999994,105.5,703.1
119.6,24.19736842105263,30.266666666666666,626.1999999999999,302.6,389.4,43.60000000000001,219.6,113.4,8.799999999999995,302.1,895.1
517.3000000000001,24.167105263157893,30.433333333333334,372.9,403.0,315.79999999999995,3.5,30.3,97.2,9.999999999999996,171.2,866.4
281.1,24.13684210526316,30.6,663.8,616.8,305.9,3.2,14.099999999999994,81.0,11.2,414.7,909.2
113.5,24.10657894736842,18.2,445.4,609.6,488.0,2.8999999999999986,14.699999999999996,26.9,12.4,365.2,624.5
121.0,24.07631578947369,30.700000000000003,342.5,384.2,410.4,46.9,27.800000000000004,79.4,8.649999999999997,232.8,775.0
582.3,24.04605263157895,43.2,485.8,665.1999999999999,356.8,35.25,64.3,67.8,4.899999999999992,72.80000000000001,846.8
157.6,24.01578947368421,24.6,332.79999999999995,631.8,251.8,23.6,27.9,83.0,23.9,294.6,952.9
152.0,23.985526315789475,11.200000000000005,312.2,397.2,417.5,11.949999999999996,9.0,151.0,41.9,467.2,920.6
69.5,23.955263157894738,75.0,458.1,499.5,133.2,0.2999999999999971,9.200000000000005,91.2,59.9,466.5,925.5
82.3,23.925,7.300000000000001,463.8,3868.7,93.3,5.349999999999999,7.600000000000001,132.0,77.9,456.2,1007.5
110.5,23.894736842105264,15.733333333333333,432.8,304.79999999999995,158.6,10.4,8.299999999999997,34.8,95.9,226.9,853.8000000000001
261.40000000000003,23.864473684210527,24.166666666666664,208.9,424.7,202.8,356.3,67.2,6.100000000000001,77.7,43.4,870.1999999999999
104.8,23.83421052631579,32.599999999999994,141.7,290.4,187.9,93.8,104.6,169.6,18.800000000000004,34.5,622.6999999999999
100.6,23.803947368421053,38.5,83.69999999999999,287.1,100.5,33.99999999999999,113.0,262.2,10.450000000000005,72.5,984.3
73.9,23.77368421052632,40.06666666666667,189.9,294.7,21.1,111.54999999999998,69.8,354.9,2.1000000000000014,41.3,1000.5
99.2,23.74342105263158,41.63333333333333,141.5,427.5,9.700000000000005,189.1,238.8,197.5,1.2500000000000036,231.6,1148.7
80.10000000000001,23.71315789473684,43.2,96.7,408.5,214.4,130.43333333333334,102.7,250.0,0.4000000000000057,54.4,768.8000000000001
108.9,23.682894736842105,44.76666666666667,173.3,523.4,307.9,71.76666666666667,72.5,336.6,10.0,93.2,1103.6
70.3,23.652631578947368,46.333333333333336,173.0,487.3,36.8,13.1,90.3,136.5,5.5,66.8,1027.1
98.4,23.62236842105263,47.900000000000006,363.1,425.8,201.1,21.925,193.1,79.9,16.85,63.8,998.2
86.80000000000001,23.59210526315789,45.470000000000006,539.3000000000001,291.2,607.5,30.75,303.3,93.0,28.2,97.9,1007.5
342.6,23.56184210526316,43.040000000000006,321.0,291.9,453.2,39.575,183.2,221.8,17.75,40.8,1127.6
107.2,23.53157894736842,40.61000000000001,391.1,390.7,410.8,48.400000000000006,288.3,90.5,7.299999999999997,107.5,700.1999999999999
51.2,23.501315789473683,38.18000000000001,330.5,474.6,812.9,39.66,186.5,107.4,20.3,14.4,977.0
60.3,23.471052631578942,35.75,228.3,393.2,85.0,30.920000000000005,308.9,70.5,28.42,32.45,1151.9
35.1,23.44078947368421,33.32,354.6,386.6,233.5,22.180000000000007,448.1,47.8,36.54,50.50000000000001,998.1
89.39999999999999,23.410526315789472,30.89,365.7000000000001,295.29999999999995,336.90000000000003,13.440000000000005,444.9,156.1,44.66,27.8,973.6
262.8,23.38026315789473,28.46,610.6,324.5,363.0,4.700000000000003,404.8,98.1,52.78,27.9,825.0999999999999
102.5,23.35,26.03,146.4,639.1999999999999,355.1,3.933333333333337,405.8,83.60000000000001,60.9,28.0,671.3
64.5,23.319736842105264,23.6,268.8,387.5,369.1,3.1666666666666714,382.2,214.0,59.78125,28.1,512.9000000000001
212.4,23.289473684210527,19.683333333333334,164.4,419.1,232.9,2.4000000000000057,377.1,185.1,58.6625,32.7,937.1
62.2,23.25921052631579,15.76666666666667,716.5,436.1,233.3,1.63333333333334,339.0,74.5,57.54375,37.3,558.4
57.5,23.228947368421053,11.85,,428.0,210.0,0.8666666666666742,411.7,298.5,56.425,41.9,696.1
92.6,23.19868421052632,7.933333333333335,,334.29999999999995,183.3,0.1000000000000085,410.4,203.0,55.30625,46.5,903.7
106.2,23.16842105263158,4.016666666666669,,384.7,145.70000000000002,3.75,427.6,332.8,54.1875,30.95,739.5
55.8,23.13815789473684,0.0999999999999999,,447.8,225.8,7.399999999999991,402.6,362.3,53.06875,15.4,898.6999999999999
56.3,23.107894736842105,5.5666666666666655,,490.2,334.0,66.66666666666666,366.8,347.6,51.95,47.8,426.2
96.3,23.07763157894737,11.033333333333331,,344.9,322.79999999999995,125.93333333333334,384.2,307.0,50.83125,31.15,714.1
106.6,23.04736842105263,16.5,,634.6,80.80000000000001,185.2,335.79999999999995,387.5,49.7125,14.5,932.9
56.5,23.01710526315789,18.5,,441.4,171.3,511.80000000000007,328.1,283.3,48.59375,75.7,464.7000000000001
60.9,22.98684210526316,79.4,,412.9,394.5,7.799999999999997,424.2,177.8,47.475,19.7,921.8
68.19999999999999,22.95657894736842,140.3,,651.3,353.9,9.200000000000005,314.90000000000003,217.2,46.35625,36.3,364.8
67.0,22.926315789473684,201.2,,684.6999999999999,177.4,9.600000000000003,511.0,234.0,45.2375,19.6,322.70000000000005
106.7,22.896052631578947,262.1,,503.9,344.79999999999995,10.000000000000004,487.5,115.5,44.11875,37.4,649.4
65.3,22.86578947368421,323.0,,763.4,144.5,10.400000000000004,432.7,410.8,43.0,12.1,458.9
142.0,22.83552631578948,383.9,,427.7,317.5,10.800000000000004,308.0,442.6,15.699999999999996,43.8,735.6
67.10000000000001,22.805263157894736,101.8,,562.1999999999999,146.5,11.200000000000005,297.6,95.1,20.266666666666666,104.4,519.4
65.1,22.775,80.0,,610.6,291.6,11.600000000000003,388.4,200.9,24.83333333333333,25.000000000000004,453.3
59.8,22.74473684210526,44.0,,518.5,310.7,12.000000000000004,337.7,211.7,29.399999999999995,19.7,514.5
27.5,22.714473684210525,50.5,,834.9,271.4,12.400000000000002,320.5,228.6,33.96666666666666,162.6,697.8
141.0,22.684210526315788,41.900000000000006,,677.3,372.3,12.800000000000002,319.1,86.2,38.53333333333333,310.90000000000003,966.0
49.8,22.65394736842105,76.30000000000001,,823.1,438.0,13.200000000000005,320.0,386.7,43.1,45.5,373.2
50.6,22.62368421052632,16.599999999999998,,924.6,184.7,13.6,300.9,355.70000000000005,47.66666666666666,189.2,769.1999999999999
103.6,22.593421052631577,19.433333333333334,,872.5,196.3,14.000000000000002,339.9,135.5,52.23333333333333,11.199999999999996,442.2000000000001
34.4,22.56315789473684,22.266666666666666,,756.4,243.8,14.400000000000002,508.2,248.7,56.8,37.6,521.5
57.4,22.532894736842103,25.1,,767.6999999999999,149.0,14.8,355.1,102.8,52.0,52.0,390.0
43.1,22.50263157894737,17.599999999999998,,795.3,193.3,15.200000000000005,363.0,56.0,47.2,33.5,528.2
22.200000000000003,22.472368421052632,16.349999999999998,,1033.7,318.1,15.6,367.0,139.3,55.73333333333333,32.300000000000004,425.4
37.6,22.44210526315789,15.1,,906.2,471.9,16.0,327.0,60.4,64.26666666666667,54.0,588.5
130.2,22.41184210526316,37.9,,792.6,383.8,16.400000000000002,323.4,126.8,72.8,34.95,370.9
59.50000000000001,22.38157894736842,40.4,,1295.2,382.3,16.8,332.1,415.4,82.8,15.9,430.9
40.2,22.351315789473684,42.9,,984.5,294.4,17.200000000000003,396.2,404.0,65.6,388.6,748.8
26.1,22.321052631578947,45.400000000000006,,1267.4,131.8,17.6,364.1,416.7,8.900000000000002,21.6,335.3
65.1,22.29078947368421,47.900000000000006,,1078.1,167.2,18.0,316.1,365.1,68.2,40.1,532.3
86.5,22.26052631578948,50.21666666666667,,963.3,206.4,18.4,539.9,281.8,6.299999999999999,35.5,331.7
59.2,22.230263157894736,52.53333333333334,,561.9,297.8,18.8,355.7,20.7,73.0,23.200000000000003,610.5999999999999
31.8,22.2,54.85,,,322.79999999999995,19.2,433.1,220.9,227.0,10.099999999999998,650.9
49.9,12.9,57.16666666666666,,,417.4,16.02,600.4,35.5,66.2,18.6,672.1999999999999
67.8,3.6,59.48333333333333,,,435.5,12.84,423.2,5.300000000000001,56.0,72.19999999999999,563.9
25.7,83.5,61.8,,,508.1,9.66,343.79999999999995,33.5,62.0,42.7,429.2
7.299999999999997,58.3,55.0,,,166.3,6.48,349.4,61.7,54.7,48.5,328.5
67.4,33.1,54.775,,,234.5,3.3000000000000007,418.7,349.4,54.7,91.2,775.1
30.000000000000004,31.31428571428572,54.55,,,271.6,20.904545454545456,404.6,351.8,57.35,50.5,461.5
46.3,29.52857142857143,54.325,,,389.8,38.50909090909092,519.1999999999999,413.3,60.0,96.6,499.5
29.9,27.742857142857144,54.1,,,228.8,56.11363636363636,495.0,338.90000000000003,71.8,28.3,313.79999999999995
63.4,25.95714285714286,6.200000000000003,,,321.29999999999995,73.71818181818182,368.0,332.0,62.60000000000001,53.3,222.9
65.3,24.17142857142857,84.0,,,285.0,91.32272727272728,720.9,398.0,68.5,203.3,312.7
86.7,22.38571428571429,45.4,,,379.8,108.92727272727272,585.1,386.5,66.60000000000001,22.200000000000003,524.9
58.3,20.6,40.85,,,293.9,126.53181818181818,544.6,671.8,68.8,53.0,346.6
64.3,18.81428571428572,36.3,,,300.5,144.13636363636363,569.6,522.1999999999999,75.8,52.1,727.6
37.1,17.02857142857143,55.66666666666667,,,313.1,161.7409090909091,639.6999999999999,418.1,75.0,18.1,687.4
73.0,15.242857142857144,75.03333333333333,,,343.5,179.34545454545457,561.8,307.1,68.7,28.1,578.8
51.45,13.45714285714286,94.4,,,205.3,196.95,409.6,430.3,67.1,19.1,937.5
29.9,11.67142857142857,35.6,,,784.3,214.55454545454543,507.1,461.7,65.5,25.9,788.4
8.0,9.885714285714286,45.900000000000006,,,486.2,232.1590909090909,366.5,182.9,67.4,51.9,766.1999999999999
145.8,8.1,54.366666666666674,,,697.3,249.7636363636364,384.3,50.00000000000001,66.2,39.1,657.1999999999999
59.8,8.228571428571428,62.83333333333334,,,801.6,267.3681818181818,479.4,44.39999999999999,13.6,50.25,714.1
116.6,8.357142857142858,71.30000000000001,,,372.5,284.9727272727273,409.5,32.10000000000001,74.6,61.4,649.4
125.6,8.485714285714286,7.0,,,351.6,302.5772727272728,402.6,38.650000000000006,70.55,67.89999999999999,698.6999999999999
64.9,8.614285714285714,36.3,,,675.4,320.1818181818182,989.2,45.2,66.5,74.39999999999999,746.9
127.0,8.742857142857142,65.6,,,812.6,337.78636363636366,845.1,51.75,78.5,20.9,1002.3
69.1,8.87142857142857,53.78,,,1183.7,355.39090909090913,453.4,58.3,72.1,315.20000000000005,1054.3000000000002
134.39999999999998,9.0,41.96,,,514.1,372.99545454545455,589.6,39.9,82.5,134.4,1001.5
198.6,9.128571428571428,30.14,,,793.9,390.6,417.5,21.5,73.4,233.5,1159.7
52.5,9.257142857142856,18.32,,,493.0,340.2714285714286,640.5,36.39999999999999,85.3,53.3,960.5
167.6,9.385714285714286,6.5,,,496.5,289.9428571428572,491.4,31.05,52.1,123.8,1223.4
105.5,9.514285714285714,198.0,,,511.0,239.61428571428573,443.1,25.7,43.3,381.9,884.6
68.39999999999999,9.642857142857142,291.5,,,467.5,189.2857142857143,469.8,20.35,66.10000000000001,489.1,1180.0
141.0,9.77142857142857,27.8,,,677.3,138.95714285714288,481.7,15.0,37.5,594.8,967.5
69.89999999999999,9.9,30.5,,,766.9,88.62857142857143,553.3,16.175,41.73333333333333,365.6,873.0
125.2,10.028571428571428,33.4,,,508.2000000000001,38.3,696.6999999999999,17.35,45.96666666666667,376.4,1124.0
173.7,10.157142857142857,88.60000000000001,,,435.1,51.42,434.3,18.525,50.2,359.0,1033.9
54.8,10.285714285714285,34.400000000000006,,,482.5,64.53999999999999,637.8,19.700000000000003,51.0,477.7,894.1999999999999
144.0,10.414285714285716,43.9,,,639.8,77.66,676.8,32.800000000000004,56.775000000000006,399.7,875.3
127.7,10.542857142857144,30.65,,,423.8,90.78,533.6,21.69999999999999,62.55,429.1,935.0
150.4,10.67142857142857,17.4,,,775.6999999999999,103.9,545.3,61.9,68.325,584.8000000000001,1051.0
151.20000000000002,10.8,55.7,,,743.9,100.05925925925926,719.9,53.1,74.10000000000001,479.9,1396.8000000000002
171.10000000000002,10.928571428571429,10.7,,,616.8,96.21851851851852,436.6,54.7,62.8,380.3,834.6999999999999
180.2,11.057142857142855,62.39999999999999,,,485.1,92.37777777777778,594.3,52.1,68.3,444.4,942.3
193.8,11.185714285714283,0.0999999999999999,,,662.1,88.53703703703704,625.4,53.3,78.8,708.3,1754.2
221.6,11.314285714285711,2.1000000000000005,,,441.9,84.6962962962963,799.5,76.10000000000001,96.2,497.1,943.1
157.2,11.442857142857145,15.1,,,731.9,80.85555555555555,856.5,53.5,49.4,496.2,1355.3000000000002
154.5,11.571428571428571,28.1,,,557.0,77.01481481481483,467.0,55.900000000000006,45.1,439.0,999.0
428.8,11.7,41.1,,,586.5,73.17407407407407,887.6999999999999,53.4,50.4,483.5,1150.4
130.9,19.55,81.60000000000001,,,412.4,69.33333333333334,485.7,53.4,92.5,505.8,864.9
92.8,27.4,3.9,,,432.3,65.49259259259259,469.9,75.1,87.89999999999999,547.0,1361.3000000000002
163.4,77.4,16.65,,,603.5,61.65185185185185,373.0,53.6,70.3,373.8,1064.0
89.2,127.4,29.4,,,374.7,57.81111111111112,539.1,83.0,59.4,545.9,1554.6
104.9,125.38125,35.325,,,1218.8000000000002,53.970370370370375,372.6,87.0,82.7,536.4,1297.7
87.4,123.3625,41.25,,,434.3,50.12962962962963,378.2,211.2,60.400000000000006,455.5,1302.5
102.3,121.34375,47.175,,,649.6,46.28888888888889,497.1,203.9,174.2,405.0,1465.2
164.60000000000002,119.325,53.1,,,1001.4,42.44814814814815,564.5999999999999,53.6,122.7,462.2,1238.7
79.30000000000001,117.30625,7.800000000000001,,,460.4,38.60740740740741,370.8,53.5,71.19999999999999,478.7,1147.7
138.39999999999998,115.2875,40.7,,,,34.766666666666666,972.2,55.9,91.4,526.3,1320.7
89.60000000000001,113.26875,34.099999999999994,,,,30.925925925925924,772.8,122.2,79.9,550.3,964.6
161.79999999999998,111.25,53.85,,,,27.085185185185185,815.3,92.1,72.0,396.8,1584.0
309.4,109.23125,73.6,,,,23.24444444444444,658.1,92.1,72.10000000000001,584.1,904.1
86.3,107.2125,2.700000000000003,,,,19.40370370370369,653.1999999999999,137.4,136.10000000000002,423.1,1463.2
97.8,105.19375,50.10000000000001,,,,15.562962962962956,869.6999999999999,93.3,82.9,881.5,1409.2
76.5,103.175,52.05000000000001,,,,11.722222222222229,599.1,53.400000000000006,80.10000000000001,652.0,1272.9
83.4,101.15625,54.00000000000001,,,,7.881481481481487,640.6,93.4,82.4,525.1,1027.9
68.9,99.1375,55.95,,,,4.040740740740745,736.1,53.2,140.8,525.6999999999999,1143.3000000000002
126.8,97.11875,57.900000000000006,,,,0.2000000000000001,647.6,53.3,137.0,548.1999999999999,825.4
173.3,95.1,48.28333333333334,,,,64.43333333333334,756.5,67.1,142.8,624.4,1043.4
82.39999999999999,95.0,38.66666666666667,,,,128.66666666666666,662.9,55.3,139.20000000000002,854.0,886.1
109.6,87.5,29.050000000000004,,,,192.9,791.1999999999999,393.2,140.9,776.4,1015.4
123.3,80.0,19.433333333333337,,,,235.8,853.6,633.1,144.7,588.6999999999999,734.4
94.9,72.5,9.81666666666667,,,,218.4,895.1999999999999,54.8,141.0,423.1,914.7
118.6,65.0,0.2000000000000028,,,,109.6,872.1999999999999,54.8,146.9,652.6999999999999,1333.7
97.6,57.5,74.0,,,,47.2,923.8,59.7,144.5,907.2,1075.7
143.3,50.0,70.54,,,,255.3,887.9,54.89999999999999,292.1,752.3,1060.6
308.8,42.5,67.08,,,,36.5,765.5,54.99999999999999,84.60000000000001,741.3,1221.5
136.2,35.0,63.620000000000005,,,,319.9,797.1999999999999,89.0,147.9,432.1,1026.9
95.0,27.5,60.16,,,,224.2,893.6,107.0,142.2,527.4,889.1
79.8,20.0,56.7,,,,287.4,888.6999999999999,84.89999999999999,82.0,494.6,811.4
171.1,12.5,53.24,,,,369.4,988.0,54.99999999999999,90.2,507.9,866.5
249.9,29.85,49.78,,,,357.4,893.4,54.8,139.70000000000002,478.8,884.9
185.0,47.2,46.32,,,,384.7,895.9,92.3,144.5,603.9,900.5
103.9,21.2,42.86,,,,324.79999999999995,816.3,243.00000000000003,147.5,513.0,701.9
146.4,94.5,39.4,,,,302.9,709.8,54.8,144.5,622.6,1003.3
108.5,56.89999999999999,30.05,,,,0.3000000000000007,767.8,32.2,147.3,616.6999999999999,840.6
110.3,61.7,20.700000000000003,,,,76.0,863.4,24.4,139.8,611.3,776.0
87.5,66.5,19.700000000000003,,,,94.1,940.6,35.3,141.2,447.7,738.6
349.5,71.3,18.700000000000003,,,,427.1,865.0,37.1,147.4,863.9,858.1
412.8,49.3,48.5,,,,702.1,883.8,38.60000000000001,145.7,736.8,1009.1
207.2,22.3,25.1,,,,78.5,886.6999999999999,37.2,147.6,,719.6999999999999
360.5,27.5,44.6,,,,163.8,893.6999999999999,46.1,149.29999999999998,,781.0
119.6,32.7,20.6,,,,86.0,615.9,60.400000000000006,145.5,,972.6
114.8,54.0,37.9,,,,370.1,732.5,35.50000000000001,204.4,,919.3
373.8,73.6,2.099999999999998,,,,260.29999999999995,915.6,58.9,87.4,,1210.5
438.6,71.0,24.5,,,,367.1,929.8,62.1,79.8,,1006.3
89.80000000000001,19.5,34.300000000000004,,,,509.1,1028.7,56.6,421.8,,789.9
80.10000000000001,48.3,23.0,,,,324.5,633.1,64.80000000000001,74.5,,1406.3000000000002
175.5,19.7,62.8,,,,180.1,839.5,56.5,66.3,,1144.4
207.9,32.7,44.16666666666667,,,,70.10000000000001,874.8,70.8,424.0,,1530.1
172.1,30.000000000000004,25.53333333333334,,,,59.8,883.9,79.8,141.1,,883.5
86.30000000000001,27.300000000000004,6.900000000000002,,,,58.43,764.8,88.9,67.39999999999999,,844.3
99.6,78.1,51.3,,,,57.06,833.3,62.6,198.2,,1808.4
156.1,33.2,1.6000000000000014,,,,55.69,862.0,79.7,286.7,,1096.2
224.3,19.4,34.2,,,,54.32,685.1,108.0,319.40000000000003,,874.8
175.1,39.5,47.900000000000006,,,,52.95,707.9,70.30000000000001,234.8,,1196.6
164.6,17.799999999999997,0.5,,,,51.580000000000005,852.1,73.60000000000001,345.5,,920.3
161.29999999999998,32.7,28.000000000000004,,,,50.21000000000001,904.2,75.5,300.7,,981.4
196.7,7.200000000000003,1.5,,,,48.84,762.0999999999999,76.39999999999999,216.1,,958.3
154.20000000000002,7.0,26.25,,,,47.470000000000006,721.8,89.3,58.7,,1419.3000000000002
95.8,29.075,51.0,,,,46.10000000000001,782.4,80.0,10.9,,930.5
130.5,51.15,35.5,,,,35.2,668.6,73.8,82.2,,1128.5
109.3,73.225,107.7,,,,24.300000000000004,789.0,79.7,283.2,,1363.6
69.1,95.3,113.2,,,,13.400000000000006,825.0,76.6,82.39999999999999,,815.1999999999999
101.9,44.5,73.6,,,,2.5,897.4,82.1,59.2,,1037.2
158.4,40.9,74.8,,,,2.7666666666666657,878.0,73.8,74.0,,818.9
201.5,52.6,91.7,,,,3.0333333333333314,517.8,82.4,63.2,,944.4
123.3,26.1,93.0,,,,3.299999999999997,797.6999999999999,71.2,74.2,,899.4
129.3,60.6,553.5,,,,14.399999999999997,954.3,117.5,72.0,,1140.7
132.5,79.0,112.1,,,,25.5,784.6,388.4,57.2,,940.3
136.60000000000002,62.45,138.20000000000002,,,,79.80000000000001,881.3,95.2,147.20000000000002,,784.6
119.1,45.900000000000006,240.1,,,,25.40000000000001,920.0,85.7,94.0,,940.2
407.7,25.3,467.2,,,,15.300000000000006,986.6,139.8,82.1,,1072.9
96.5,30.75,59.0,,,,5.200000000000003,1019.5,117.7,119.3,,704.3
99.0,36.2,153.89999999999998,,,,3.1999999999999886,958.9,34.1,262.6,,774.9
108.0,60.8,296.7,,,,12.599999999999996,976.8,77.4,80.69999999999999,,798.6999999999999
148.29999999999998,119.0,169.5,,,,22.000000000000004,968.5,75.2,108.4,,809.6999999999999
211.7,102.2,72.89999999999999,,,,31.40000000000001,991.8,593.9,122.8,,1094.8000000000002
292.0,30.3,119.9,,,,49.0,1075.3000000000002,95.2,108.7,,1087.6
633.9,52.1,417.7,,,,47.61666666666667,1072.4,77.7,90.3,,881.4
189.2,83.73333333333333,364.5,,,,46.23333333333333,1062.2,75.30000000000001,80.5,,947.8
164.2,115.36666666666667,630.1,,,,44.85,1074.2,78.19999999999999,180.3,,1034.0
186.4,147.0,197.9,,,,43.46666666666667,1067.6,83.9,80.7,,876.1
138.2,59.49999999999999,491.1,,,,42.083333333333336,640.3,195.9,80.5,,1077.3000000000002
151.9,137.8,501.0,,,,40.7,583.6999999999999,75.80000000000001,83.0,,769.1999999999999
141.5,100.35,7498.3,,,,39.31666666666667,381.9,57.99999999999999,83.1,,885.1999999999999
162.5,62.900000000000006,,,,,37.93333333333334,785.5,49.900000000000006,81.89999999999999,,949.5
107.0,37.2,,,,,36.55,1127.4,60.8,123.4,,972.9
147.9,131.29999999999998,,,,,35.16666666666667,1056.2,180.6,97.7,,1110.6
194.5,94.1,,,,,33.78333333333334,968.1,114.9,88.8,,978.3
124.2,151.10000000000002,,,,,32.400000000000006,1052.7,218.7,139.3,,685.0
176.20000000000002,126.4,,,,,62.86250000000001,1011.6,85.7,236.7,,1020.1
491.0,39.8,,,,,93.32500000000002,1020.2,82.30000000000001,660.6,,843.3
170.0,108.4,,,,,123.7875,1014.7,166.0,113.5,,848.1
161.3,37.1,,,,,154.25,973.7,83.8,132.20000000000002,,549.5
154.6,179.1,,,,,184.7125,1019.3,81.2,100.2,,930.7
134.0,314.6,,,,,215.175,1035.5,84.0,118.6,,872.1
87.2,83.8,,,,,245.6375,949.8,84.10000000000001,84.0,,770.1999999999999
81.2,154.4,,,,,276.1,1054.4,267.4,28.1,,684.6
512.0,116.2,,,,,154.4,1034.4,172.1,149.0,,661.1999999999999
110.1,108.6,,,,,1.6000000000000014,1002.6,197.0,159.1,,1337.8000000000002
91.5,314.1,,,,,37.4,991.1,251.6,304.9,,1125.1
180.4,126.7,,,,,138.95,1021.3,191.3,380.5,,1244.5
107.4,247.2,,,,,240.5,369.6,231.3,320.8,,959.4
543.9,146.6,,,,,120.9,858.6999999999999,216.5,346.4,,1228.0
102.5,172.70000000000002,,,,,1.2999999999999972,266.9,176.20000000000002,330.0,,676.1999999999999
101.0,91.8,,,,,183.4,997.6,168.20000000000002,302.7,,733.0
158.7,103.8,,,,,41.6,968.0,131.4,114.5,,1499.6
191.4,652.5,,,,,55.13333333333334,978.4,277.4,133.0,,683.0
241.4,,,,,,68.66666666666669,822.8,440.2,80.60000000000001,,1179.9
147.7,,,,,,82.20000000000002,854.8,256.40000000000003,96.8,,937.4
153.6,,,,,,29.5,1018.8,293.7,61.900000000000006,,1213.8000000000002
149.1,,,,,,254.4,1044.2,261.9,264.40000000000003,,1010.6
165.70000000000002,,,,,,321.1,921.0,165.3,139.5,,1069.6
313.9,,,,,,365.3,989.3,70.60000000000001,131.9,,1825.9
159.8,,,,,,207.7,979.6,225.6,105.2,,1270.4
179.5,,,,,,178.2,1056.7,81.7,130.6,,1020.3
407.1,,,,,,1.3999999999999986,1055.4,87.7,281.2,,1004.8
193.9,,,,,,14.0,1085.1,241.8,104.8,,1323.1
402.6,,,,,,21.3,985.5,61.8,128.6,,1823.0
166.4,,,,,,30.800000000000004,1114.6,233.7,98.0,,1400.8000000000002
142.9,,,,,,36.9,1034.6,85.6,270.40000000000003,,1457.9
759.6999999999999,,,,,,13.1,1146.7,157.29999999999998,275.9,,1320.2
532.8,,,,,,0.2999999999999971,1047.8000000000002,196.3,96.7,,1737.9
,,,,,,2.799999999999997,1017.9,225.3,190.4,,1795.1
,,,,,,59.39999999999999,677.6,147.70000000000002,152.3,,1669.9
,,,,,,103.6,1139.6,116.5,111.0,,2562.0
,,,,,,65.35,873.4,130.89999999999998,78.0,,1577.4
,,,,,,27.1,1101.7,87.39999999999999,27.200000000000003,,1609.6
,,,,,,88.3,1382.6,207.7,102.3,,1498.0
,,,,,,98.6,1115.9,176.70000000000002,76.10000000000001,,1626.3000000000002
,,,,,,89.9,659.0,93.0,70.8,,1605.9
,,,,,,80.19999999999999,1213.5,154.60000000000002,138.70000000000002,,1579.3000000000002
,,,,,,121.9,1248.0,166.7,67.9,,1458.0
,,,,,,95.9,1109.1,168.3,104.7,,1280.7
,,,,,,76.7,999.6,89.6,187.7,,1215.7
,,,,,,57.5,1112.0,73.2,205.1,,1328.6
,,,,,,38.3,1069.9,95.4,236.3,,1119.2
,,,,,,23.9,940.6,87.0,217.6,,1415.1
,,,,,,33.25,1029.6,87.5,307.29999999999995,,1170.5
,,,,,,42.6,1074.9,583.4,239.5,,1295.2
,,,,,,31.450000000000003,1010.8,198.7,389.1,,1411.2
,,,,,,20.300000000000004,792.8,93.5,271.6,,1400.6
,,,,,,18.4,1146.9,236.7,231.4,,1130.2
,,,,,,0.2000000000000028,1099.6,193.7,315.4,,1318.1
,,,,,,8.875000000000002,1149.9,166.7,207.0,,1486.7
,,,,,,17.55,1233.8000000000002,49.8,313.2,,1407.4
,,,,,,26.225,1154.6,87.6,272.3,,1390.1
,,,,,,34.9,1257.5,101.4,304.3,,1325.5
,,,,,,64.1,839.5,383.7,327.3,,989.4
,,,,,,203.0,1045.0,53.1,278.5,,917.4
,,,,,,18.599999999999994,1043.3000000000002,113.79999999999998,200.9,,1762.1
,,,,,,18.599999999999994,1105.2,57.3,413.5,,1338.8000000000002
,,,,,,50.6,1023.8,199.6,287.4,,1127.1
,,,,,,84.7,704.5,87.5,253.6,,987.1
,,,,,,49.4,496.8,51.3,92.7,,1353.9
,,,,,,50.6,1035.3,128.4,251.1,,1163.8000000000002
,,,,,,32.99999999999999,1065.7,52.3,284.2,,1197.4
,,,,,,64.4,1100.2,112.0,124.1,,2544.8
,,,,,,21.9,325.4,72.4,194.9,,1040.0
,,,,,,68.0,1043.9,77.0,239.5,,1351.1
,,,,,,82.0,569.4,78.80000000000001,788.4,,
,,,,,,225.2,198.0,35.4,373.1,,
,,,,,,116.2,934.6,74.5,278.8,,
,,,,,,261.20000000000005,1008.0,58.1,285.8,,
,,,,,,53.1,984.2,101.4,269.6,,
,,,,,,234.7,703.6,77.1,259.8,,
,,,,,,111.5,885.0,83.1,261.8,,
,,,,,,255.5,1104.4,92.3,122.7,,
,,,,,,75.8,1217.0,218.4,164.9,,
,,,,,,252.1,1139.0,291.6,130.29999999999998,,
,,,,,,116.3,996.8,120.2,162.0,,
,,,,,,258.0,1379.8,373.1,116.5,,
,,,,,,53.0,1365.6,227.6,110.3,,
,,,,,,93.6,1457.0,88.39999999999999,144.7,,
,,,,,,119.2,1463.2,58.8,128.5,,
,,,,,,286.1,1193.1,67.5,269.20000000000005,,
,,,,,,134.7,1142.3,130.79999999999998,142.89999999999998,,
,,,,,,129.6,1136.7,90.0,113.0,,
,,,,,,338.1,987.1,403.1,182.7,,
,,,,,,7.899999999999999,1016.6,87.3,159.0,,
,,,,,,96.9,1304.8000000000002,79.2,120.3,,
,,,,,,248.0,1232.4,83.3,131.60000000000002,,
,,,,,,315.5,955.9,66.6,511.6,,
,,,,,,109.0,923.2,216.3,330.6,,
,,,,,,92.3,855.3,205.7,230.3,,
,,,,,,112.5,976.9,54.7,123.3,,
,,,,,,105.2,585.4,63.50000000000001,296.1,,
,,,,,,228.7,891.0,57.9,118.5,,
,,,,,,108.4,619.0,308.1,169.0,,
,,,,,,73.3,890.6999999999999,344.0,150.5,,
,,,,,,200.2,559.8000000000001,336.3,208.8,,
,,,,,,281.5,605.1999999999999,78.2,217.0,,
,,,,,,85.0,992.0,42.6,204.4,,
,,,,,,107.8,937.9,60.7,210.5,,
,,,,,,105.9,875.9,348.9,250.9,,
,,,,,,108.5,968.0,41.60000000000001,298.7,,
,,,,,,83.30000000000001,801.3,308.4,262.5,,
,,,,,,197.1,1153.9,381.8,204.8,,
,,,,,,213.5,1085.9,204.8,237.7,,
,,,,,,251.5,1083.4,403.2000000000001,358.4,,
,,,,,,35.60000000000001,1040.4,200.9,419.8,,
,,,,,,60.10000000000001,1542.4,378.3,358.0,,
,,,,,,147.1,1160.5,201.6,389.4,,
,,,,,,146.9,1128.5,297.7,336.7,,
,,,,,,13.400000000000006,1326.1,276.2,349.0,,
,,,,,,25.8,1074.8000000000002,293.2,354.3,,
,,,,,,91.0,1400.8,519.5,357.6,,
,,,,,,156.2,1538.6,347.1,286.6,,
,,,,,,107.2,1323.9,368.0,571.8000000000001,,
,,,,,,50.2,1219.4,327.6,403.6,,
,,,,,,70.8,1140.5,334.5,403.5,,
,,,,,,73.80000000000001,1205.2,313.6,380.6,,
,,,,,,175.79999999999998,1169.6,329.2,452.1,,
,,,,,,286.2,1172.4,303.20000000000005,299.0,,
,,,,,,96.9,1290.2,321.40000000000003,379.2,,
,,,,,,124.3,1331.8000000000002,281.2,415.4,,
,,,,,,77.2,1305.9,334.90000000000003,369.1,,
,,,,,,114.4,1041.3000000000002,303.2,289.29999999999995,,
,,,,,,94.1,1122.8,324.3,258.1,,
,,,,,,334.29999999999995,1079.7,266.6,369.0,,
,,,,,,164.1,1018.0,342.9,428.7,,
,,,,,,240.3,959.6,438.5,314.8,,
,,,,,,167.0,1068.9,409.4,212.1,,
,,,,,,492.9,1374.7,345.7,297.7,,
,,,,,,156.3,1248.6,289.7,244.3,,
,,,,,,130.1,1110.3,536.4,270.7,,
,,,,,,295.4,1097.9,356.0,292.7,,
,,,,,,172.8,1113.6,330.5,466.7,,
,,,,,,206.0,1062.1,415.6,164.1,,
,,,,,,170.70000000000002,1115.4,319.1,219.4,,
,,,,,,183.4,1144.0,341.20000000000005,326.6,,
,,,,,,109.0,1008.7,355.5,211.7,,
,,,,,,93.9,1055.5,356.8,239.6,,
,,,,,,103.2,1014.2,347.8,344.7,,
,,,,,,37.5,1010.4,299.0,362.9,,
,,,,,,93.8,1145.5,398.0,288.70000000000005,,
,,,,,,93.6,994.4,342.6,265.1,,
,,,,,,86.39999999999999,1030.0,296.0,355.1,,
,,,,,,148.0,1016.7,323.1,336.3,,
,,,,,,93.5,1008.4,328.3,265.2,,
,,,,,,7.099999999999994,1054.3000000000002,352.6,187.3,,
,,,,,,1.0999999999999943,1052.9,454.2,174.8,,
,,,,,,1.0999999999999943,1015.8,356.79999999999995,101.6,,
,,,,,,10.600000000000009,1016.9,334.6,368.7,,
,,,,,,77.80000000000001,1041.7,273.1,306.5,,
,,,,,,34.10000000000001,1039.0,278.79999999999995,274.2,,
,,,,,,61.1,1149.7,306.6,177.9,,
,,,,,,105.1,1102.2,247.4,254.7,,
,,,,,,85.60000000000001,1109.8000000000002,388.2,114.5,,
,,,,,,98.2,1120.7,286.7,116.9,,
,,,,,,203.2,1122.4,162.29999999999998,113.0,,
,,,,,,124.5,1125.4,187.4,148.0,,
,,,,,,146.5,1139.2,305.9,236.1,,
,,,,,,178.20000000000002,1114.9,419.6,324.5,,
,,,,,,268.9,1063.6,367.2,292.9,,
,,,,,,239.7,932.8,371.4,344.0,,
,,,,,,139.6,944.7,302.5,256.1,,
,,,,,,171.5,1128.0,203.0,612.8,,
,,,,,,334.7,1000.9,411.6,300.7,,
,,,,,,280.0,1179.1,296.5,257.29999999999995,,
,,,,,,281.4,1149.6999999999998,356.2,196.5,,
,,,,,,84.69999999999999,1148.5,476.0,135.20000000000002,,
,,,,,,322.8,1036.9,458.8,234.2,,
,,,,,,148.2,1129.2,373.8,117.1,,
,,,,,,67.0,1098.4,377.6,225.3,,
,,,,,,74.1,1101.9,374.2,366.3,,
,,,,,,78.39999999999999,1073.9,279.5,113.2,,
,,,,,,162.9,1232.7,302.6,261.4,,
,,,,,,211.1,1091.3000000000002,804.5,293.6,,
,,,,,,255.6,1142.9,764.6,259.4,,
,,,,,,317.6,1154.7,631.3,435.6,,
,,,,,,348.3,1128.0,,239.0,,
,,,,,,342.8,1218.6,,164.0,,
,,,,,,80.6,961.6,,257.5,,
,,,,,,355.9,1159.6,,319.0,,
,,,,,,331.3,1118.2,,205.8,,
,,,,,,379.6,1215.7,,249.9,,
,,,,,,297.8,1106.2,,278.8,,
,,,,,,367.5,1139.3000000000002,,362.5,,
,,,,,,66.39999999999999,1153.7,,185.2,,
,,,,,,79.39999999999999,1139.2,,290.6,,
,,,,,,312.7,1078.2,,235.9,,
,,,,,,391.1,1121.1,,215.0,,
,,,,,,293.1,1033.0,,242.0,,
,,,,,,86.60000000000001,1148.8,,312.9,,
,,,,,,710.0,1100.3,,271.40000000000003,,
,,,,,,139.5,1142.7,,128.0,,
,,,,,,137.7,1109.7,,177.2,,
,,,,,,343.40000000000003,1164.7,,323.2,,
,,,,,,293.40000000000003,1133.5,,275.7,,
,,,,,,228.3,1149.9,,269.0,,
,,,,,,489.6,1080.9,,350.5,,
,,,,,,416.3,1097.4,,272.8,,
,,,,,,405.4,1160.6,,167.0,,
,,,,,,342.7,1085.6,,231.8,,
,,,,,,530.6999999999999,1198.5,,270.79999999999995,,
,,,,,,408.3,1048.9,,281.8,,
,,,,,,779.8,1197.9,,431.6,,
,,,,,,487.2000000000001,1155.1,,217.5,,
,,,,,,243.8,1026.2,,445.5,,
,,,,,,262.5,1116.8,,239.6,,
,,,,,,544.3000000000001,1194.0,,240.5,,
,,,,,,378.8,1149.7,,144.89999999999998,,
,,,,,,330.90000000000003,1161.4,,320.9,,
,,,,,,198.0,1007.5,,287.4,,
,,,,,,250.2,1154.4,,303.2,,
,,,,,,313.8,991.1,,211.6,,
,,,,,,303.4,1152.5,,419.5,,
,,,,,,360.0,1106.6,,121.6,,
,,,,,,434.7,1149.7,,239.1,,
,,,,,,249.8,1158.5,,198.3,,
,,,,,,344.5,1092.5,,266.7,,
,,,,,,309.7,1207.7,,167.1,,
,,,,,,322.3,1069.5,,282.5,,
,,,,,,205.3,1121.0,,310.2,,
,,,,,,587.1,1148.8000000000002,,296.1,,
,,,,,,101.9,1328.3000000000002,,251.0,,
,,,,,,142.0,1158.0,,764.3,,
,,,,,,658.3,1130.4,,179.70000000000002,,
,,,,,,834.2,1159.5,,255.5,,
,,,,,,752.1,1049.9,,311.9,,
,,,,,,418.1,1155.6,,138.5,,
,,,,,,675.6,1071.3000000000002,,682.3,,
,,,,,,576.1999999999999,1100.3000000000002,,340.5,,
,,,,,,730.6,1170.2,,500.3,,
,,,,,,526.3,1160.9,,306.79999999999995,,
,,,,,,480.8,1145.4,,494.5,,
,,,,,,551.7,1074.1,,381.5,,
,,,,,,487.5,1104.3000000000002,,343.40000000000003,,
,,,,,,397.2,1146.7,,584.1999999999999,,
,,,,,,243.7,1021.6,,695.0,,
,,,,,,372.8,1188.4,,335.5,,
,,,,,,254.1,1315.6,,319.2,,
,,,,,,257.5,928.2,,327.2,,
,,,,,,255.1,1130.1,,481.9,,
,,,,,,369.0,1157.5,,506.8,,
,,,,,,368.8,1310.0,,481.4,,
,,,,,,436.8,1145.4,,327.8,,
,,,,,,540.8,1009.6,,299.8,,
,,,,,,446.5,1199.6,,506.5,,
,,,,,,279.9,1088.7,,425.5,,
,,,,,,274.7,1051.1,,470.2,,
,,,,,,526.8,1108.8000000000002,,364.2,,
,,,,,,458.0,1124.3000000000002,,342.7,,
,,,,,,210.1,968.1,,318.3,,
,,,,,,491.4,1081.3,,458.4,,
,,,,,,260.7,1134.0,,453.4,,
,,,,,,267.90000000000003,982.8,,529.0,,
,,,,,,366.8,1106.3000000000002,,404.4,,
,,,,,,119.1,1081.9,,492.2,,
,,,,,,99.4,1105.6,,365.9,,
,,,,,,192.4,975.2,,98.0,,
,,,,,,269.3,1148.4,,76.2,,
,,,,,,217.3,1132.8000000000002,,241.3,,
,,,,,,336.3,1056.2,,142.8,,
,,,,,,496.9,1124.2,,101.8,,
,,,,,,445.2,1154.5,,510.0,,
,,,,,,461.4,1135.9,,71.1,,
,,,,,,291.5,1138.5,,84.6,,
,,,,,,592.1999999999999,1161.6,,115.5,,
,,,,,,260.4,1160.8,,71.0,,
,,,,,,451.4,1154.8000000000002,,231.6,,
,,,,,,422.5,1146.9,,110.1,,
,,,,,,413.7,1127.0,,314.40000000000003,,
,,,,,,285.0,1071.1,,349.0,,
,,,,,,250.7,1151.3000000000002,,705.1,,
,,,,,,196.4,1155.0,,356.7,,
,,,,,,281.5,1126.7,,489.0,,
,,,,,,203.4,1141.4,,544.6,,
,,,,,,179.7,1090.8000000000002,,471.4,,
,,,,,,444.8,1149.3,,551.0999999999999,,
,,,,,,247.2,1118.9,,467.0,,
,,,,,,278.29999999999995,1105.2,,456.4,,
,,,,,,520.1,1120.2,,600.1999999999999,,
,,,,,,289.9,1068.3000000000002,,343.8,,
,,,,,,117.2,1154.6,,477.1,,
,,,,,,514.5999999999999,1140.8000000000002,,305.0,,
,,,,,,344.1,1143.7,,630.1,,
,,,,,,393.0,1144.8,,555.0,,
,,,,,,346.1,1140.2,,427.9,,
,,,,,,375.0,1133.2,,261.6,,
,,,,,,424.5,1139.8000000000002,,246.1,,
,,,,,,337.79999999999995,1042.1,,88.8,,
,,,,,,390.1,1118.9,,160.79999999999998,,
,,,,,,319.9,1114.5,,187.3,,
,,,,,,417.7,1097.4,,90.0,,
,,,,,,348.5,1039.9,,250.5,,
,,,,,,276.2,1108.4,,464.4,,
,,,,,,340.90000000000003,1107.8000000000002,,276.3,,
,,,,,,331.3,1141.4,,86.9,,
,,,,,,333.4,1155.6,,77.2,,
,,,,,,343.29999999999995,1154.7,,79.7,,
,,,,,,467.7,1119.3000000000002,,102.2,,
,,,,,,765.5999999999999,1149.9,,136.5,,
,,,,,,397.4,1154.4,,240.1,,
,,,,,,486.0,1127.1,,261.2,,
,,,,,,482.2,1086.8000000000002,,269.6,,
,,,,,,500.8,1126.4,,67.60000000000001,,
,,,,,,565.9,1126.4,,273.2,,
,,,,,,642.0,1093.1,,258.3,,
,,,,,,237.1,1125.4,,236.6,,
,,,,,,445.0,1147.6,,107.6,,
,,,,,,519.0,1115.9,,84.2,,
,,,,,,461.0,1134.6,,328.70000000000005,,
,,,,,,438.5,1206.6,,131.9,,
,,,,,,430.0,1145.8,,146.29999999999998,,
,,,,,,234.8,1236.3000000000002,,251.5,,
,,,,,,352.2,943.5,,202.6,,
,,,,,,279.90000000000003,1166.5,,135.1,,
,,,,,,214.8,1047.2,,342.40000000000003,,
,,,,,,332.7,1086.7,,122.1,,
,,,,,,558.0999999999999,1090.5,,272.7,,
,,,,,,557.6,1115.8,,338.29999999999995,,
,,,,,,429.5,1115.7,,227.7,,
,,,,,,443.6,1102.5,,297.2,,
,,,,,,310.40000000000003,1153.5,,370.6,,
,,,,,,351.9,985.5,,218.4,,
,,,,,,377.0,1249.1,,427.4,,
,,,,,,340.40000000000003,1077.0,,103.1,,
,,,,,,352.6,1006.5,,321.8,,
,,,,,,219.6,1172.4,,138.3,,
,,,,,,359.4,990.8,,152.4,,
,,,,,,265.3,1133.4,,365.8,,
,,,,,,308.3,1091.0,,324.6,,
,,,,,,323.3,1154.9,,544.0,,
,,,,,,227.8,1005.9,,541.8,,
,,,,,,415.3,1048.6,,539.1,,
,,,,,,366.8,938.3,,540.9,,
,,,,,,813.1,975.4,,537.0,,
,,,,,,401.5,851.3,,443.8,,
,,,,,,355.5,1011.9,,890.3,,
,,,,,,314.7,751.1999999999999,,354.1,,
,,,,,,442.2,990.5,,324.7,,
,,,,,,219.3,1089.1,,406.9,,
,,,,,,440.0,1017.0,,333.29999999999995,,
,,,,,,232.4,1150.2,,278.2,,
,,,,,,251.6,1081.6,,340.7,,
,,,,,,499.5,1146.5,,386.9,,
,,,,,,224.8,1072.7,,319.29999999999995,,
,,,,,,283.79999999999995,1100.1,,528.9,,
,,,,,,481.8,1145.6,,329.4,,
,,,,,,231.6,1151.9,,647.5999999999999,,
,,,,,,73.3,1309.3,,390.1,,
,,,,,,109.1,1220.0,,513.8,,
,,,,,,244.3,1087.3,,744.4,,
,,,,,,384.5,1219.6,,450.3,,
,,,,,,614.1,1122.8,,734.4,,
,,,,,,390.1,1147.8000000000002,,301.1,,
,,,,,,559.0,1041.4,,725.0,,
,,,,,,714.5,1102.6,,277.4,,
,,,,,,494.4,1036.9,,659.5999999999999,,
,,,,,,516.0,1215.3,,589.9,,
,,,,,,530.4,1069.1,,369.2,,
,,,,,,661.6999999999999,1083.1,,450.9,,
,,,,,,384.9,1071.9,,1095.8000000000002,,
,,,,,,373.5,1372.5,,390.2,,
,,,,,,483.6,1107.1,,1106.8000000000002,,
,,,,,,467.9,1422.6,,351.4,,
,,,,,,661.8000000000001,938.8,,401.6,,
,,,,,,490.1,718.5,,978.2,,
,,,,,,438.5,1136.8000000000002,,555.3,,
,,,,,,584.9,1083.1,,1229.5,,
,,,,,,434.2,1761.7,,601.7,,
,,,,,,436.9,953.6,,426.3,,
,,,,,,332.2,1041.0,,577.8,,
,,,,,,481.8,1361.0,,490.9,,
,,,,,,281.5,1360.9,,434.2,,
,,,,,,331.79999999999995,1156.8,,390.4,,
,,,,,,257.6,690.5,,446.9,,
,,,,,,264.0,1132.1,,398.4,,
,,,,,,261.5,1102.4,,1724.5,,
,,,,,,244.5,1101.1,,695.1,,
,,,,,,237.0,1099.9,,364.9,,
,,,,,,237.2,883.1999999999999,,534.5,,
,,,,,,250.7,889.5,,441.1,,
,,,,,,378.1,537.1999999999999,,148.0,,
,,,,,,327.5,1140.4,,494.8,,
,,,,,,448.3,823.9,,487.0,,
,,,,,,498.7,866.3,,300.4,,
,,,,,,293.4,1085.1,,296.0,,
,,,,,,300.9,1276.4,,713.1,,
,,,,,,328.1,954.6,,223.2,,
,,,,,,283.1,1078.6,,290.6,,
,,,,,,264.5,916.8,,307.9,,
,,,,,,201.7,972.1,,344.40000000000003,,
,,,,,,206.4,666.5,,432.8,,
,,,,,,369.2,1012.5,,1501.7,,
,,,,,,268.7,931.6,,363.3,,
,,,,,,297.2,1061.8,,323.4,,
,,,,,,175.4,1197.5,,325.5,,
,,,,,,300.4,983.2,,309.1,,
,,,,,,337.5,1268.3000000000002,,522.0,,
,,,,,,616.4,1164.3000000000002,,496.9,,
,,,,,,368.2,1219.5,,311.29999999999995,,
,,,,,,441.5,1228.2,,408.3,,
,,,,,,497.9,1138.3,,492.5,,
,,,,,,377.9,1281.3000000000002,,345.8,,
,,,,,,269.2,1171.2,,482.0,,
,,,,,,445.1,1102.7,,383.6,,
,,,,,,520.9,948.3,,530.6999999999999,,
,,,,,,350.0,1039.7,,524.8,,
,,,,,,345.29999999999995,1387.5,,525.5,,
,,,,,,395.6,471.0,,553.3,,
,,,,,,321.79999999999995,866.6999999999999,,618.1,,
,,,,,,274.2,1185.6,,525.8,,
,,,,,,304.1,1062.1,,552.9,,
,,,,,,160.6,1039.4,,536.8,,
,,,,,,131.89999999999998,763.6999999999999,,603.2,,
,,,,,,235.9,640.9,,557.3000000000001,,
,,,,,,268.2,930.9,,563.6,,
,,,,,,200.3,959.0,,639.6,,
,,,,,,275.2,504.2,,556.6999999999999,,
,,,,,,264.2,952.1,,539.6,,
,,,,,,312.79999999999995,975.8,,539.1,,
,,,,,,105.7,586.4,,541.1999999999999,,
,,,,,,111.4,813.6999999999999,,547.1,,
,,,,,,296.1,1145.1,,547.7,,
,,,,,,237.3,987.8,,542.4,,
,,,,,,151.6,995.2,,542.6,,
,,,,,,216.9,964.9,,545.0,,
,,,,,,373.8,655.4,,548.0,,
,,,,,,379.5,1063.9,,553.8,,
,,,,,,325.6,745.4,,550.3,,
,,,,,,219.1,919.6,,584.6999999999999,,
,,,,,,212.8,806.8,,540.3,,
,,,,,,327.0,886.9,,540.6999999999999,,
,,,,,,541.1,425.9,,467.4,,
,,,,,,562.5,680.3,,510.5,,
,,,,,,499.0,712.5,,542.5,,
,,,,,,418.0,815.6,,558.3,,
,,,,,,807.6999999999999,1451.5,,521.8,,
,,,,,,255.1,725.6,,533.1999999999999,,
,,,,,,272.3,952.2,,543.6999999999999,,
,,,,,,74.4,804.1999999999999,,559.8,,
,,,,,,74.60000000000001,957.4,,555.7,,
,,,,,,272.5,750.8,,584.6999999999999,,
,,,,,,304.0,893.0,,789.1,,
,,,,,,720.8000000000001,834.4,,657.1,,
,,,,,,370.2000000000001,646.6999999999999,,566.6999999999999,,
,,,,,,232.5,1022.5,,836.9,,
,,,,,,389.0,963.3,,722.6999999999999,,
,,,,,,420.7,1242.2,,801.6,,
,,,,,,386.5,710.1999999999999,,720.4,,
,,,,,,382.2,1073.5,,821.9,,
,,,,,,319.5,1035.7,,715.4,,
,,,,,,441.3,867.1,,605.6999999999999,,
,,,,,,394.1,975.0,,541.6999999999999,,
,,,,,,103.9,1243.3000000000002,,758.1999999999999,,
,,,,,,436.4,765.8,,679.3,,
,,,,,,522.6999999999999,1187.7,,971.9,,
,,,,,,532.6999999999999,762.0,,801.6999999999999,,
,,,,,,896.0,800.1999999999999,,631.1999999999999,,
,,,,,,757.0,818.8,,1618.0,,
,,,,,,798.1,1039.9,,895.8,,
,,,,,,676.6,1124.7,,830.9,,
,,,,,,800.3,1137.5,,815.8,,
,,,,,,,379.1,,756.4,,
,,,,,,,325.90000000000003,,655.7,,
,,,,,,,509.0,,676.9,,
,,,,,,,416.2,,559.8,,
,,,,,,,562.8,,573.4,,
,,,,,,,654.2,,914.8,,
,,,,,,,459.8,,813.1,,
,,,,,,,1042.6,,638.6999999999999,,
,,,,,,,623.8,,648.0,,
,,,,,,,1040.0,,812.9,,
,,,,,,,660.6,,814.9,,
,,,,,,,545.0,,551.1,,
,,,,,,,753.7,,682.6999999999999,,
,,,,,,,681.5,,729.5,,
,,,,,,,654.0,,539.3,,
,,,,,,,655.3,,581.3,,
,,,,,,,362.6,,649.4,,
,,,,,,,385.6,,861.1,,
,,,,,,,426.5,,967.0,,
,,,,,,,535.0,,550.5,,
,,,,,,,395.6,,565.4,,
,,,,,,,479.0,,594.5,,
,,,,,,,408.5,,640.5,,
,,,,,,,365.8,,869.3,,
,,,,,,,414.8,,755.5,,
,,,,,,,384.6,,1003.6,,
,,,,,,,486.2,,615.6999999999999,,
,,,,,,,473.8,,641.6999999999999,,
,,,,,,,683.1,,548.6999999999999,,
,,,,,,,584.3,,533.4,,
,,,,,,,662.8000000000001,,598.9,,
,,,,,,,357.40000000000003,,591.5,,
,,,,,,,1068.6,,657.4,,
,,,,,,,421.3,,694.1,,
,,,,,,,486.4,,805.9,,
,,,,,,,637.0,,846.6,,
,,,,,,,578.9,,658.4,,
,,,,,,,411.9,,628.4,,
,,,,,,,413.0,,776.5,,
,,,,,,,614.6,,639.6,,
,,,,,,,339.2,,634.9,,
,,,,,,,431.2,,616.0,,
,,,,,,,583.5,,737.3,,
,,,,,,,359.0,,890.3,,
,,,,,,,409.8,,685.4,,
,,,,,,,703.6999999999999,,653.6999999999999,,
,,,,,,,515.0,,578.1,,
,,,,,,,374.7,,665.6,,
,,,,,,,353.7,,548.8,,
,,,,,,,395.9,,722.1999999999999,,
,,,,,,,1017.4,,574.1,,
,,,,,,,364.5,,548.6999999999999,,
,,,,,,,496.3,,563.6999999999999,,
,,,,,,,517.5,,535.3,,
,,,,,,,801.6,,536.1999999999999,,
,,,,,,,520.4,,519.8,,
,,,,,,,543.4,,573.1999999999999,,
,,,,,,,747.1,,617.1,,
,,,,,,,584.6,,505.5,,
,,,,,,,477.9,,425.9,,
,,,,,,,436.2,,521.8,,
,,,,,,,505.7,,420.0,,
,,,,,,,543.0,,546.0,,
,,,,,,,1005.4,,573.9,,
,,,,,,,742.6,,567.5,,
,,,,,,,880.0,,572.0,,
,,,,,,,860.3000000000001,,870.8,,
,,,,,,,472.4,,772.8,,
,,,,,,,519.3,,978.8,,
,,,,,,,388.8,,514.8,,
,,,,,,,549.8,,547.1,,
,,,,,,,484.1,,522.4,,
,,,,,,,403.0,,586.8,,
,,,,,,,334.6,,683.8,,
,,,,,,,295.1,,706.9,,
,,,,,,,627.6999999999999,,687.4,,
,,,,,,,876.0999999999999,,803.1999999999999,,
,,,,,,,1074.0,,824.1,,
,,,,,,,473.7,,509.9,,
,,,,,,,1163.3000000000002,,404.6,,
,,,,,,,1138.9,,1023.9,,
,,,,,,,538.0,,341.1,,
,,,,,,,1112.9,,826.4,,
,,,,,,,663.1999999999999,,427.9,,
,,,,,,,583.6,,691.8,,
,,,,,,,707.6,,562.6,,
,,,,,,,754.6,,454.0,,
,,,,,,,850.5,,550.9,,
,,,,,,,776.5,,470.5,,
,,,,,,,717.6999999999999,,586.1,,
,,,,,,,657.4,,515.3,,
,,,,,,,759.6,,600.1,,
,,,,,,,1052.9,,578.4,,
,,,,,,,1111.7,,645.3,,
,,,,,,,570.8,,581.9,,
,,,,,,,765.8,,657.8,,
,,,,,,,705.6,,715.5,,
,,,,,,,879.5,,611.9,,
,,,,,,,958.1,,652.4,,
,,,,,,,775.8,,499.5,,
,,,,,,,1071.2,,668.6,,
,,,,,,,1127.3000000000002,,747.5,,
,,,,,,,1200.9,,419.9,,
,,,,,,,692.3,,526.6999999999999,,
,,,,,,,1113.8000000000002,,593.4,,
,,,,,,,516.4,,648.8,,
,,,,,,,628.8,,634.6,,
,,,,,,,759.3,,1724.6,,
,,,,,,,754.9,,646.4,,
,,,,,,,897.5,,750.8,,
,,,,,,,810.1999999999999,,592.1,,
,,,,,,,775.3,,742.9,,
,,,,,,,894.1999999999999,,645.6,,
,,,,,,,1032.2,,624.1,,
,,,,,,,1123.8000000000002,,441.7,,
,,,,,,,913.7,,552.1999999999999,,
,,,,,,,911.1,,635.3,,
,,,,,,,615.1999999999999,,820.1,,
,,,,,,,745.6,,799.0,,
,,,,,,,975.5,,650.0,,
,,,,,,,1044.1,,703.0,,
,,,,,,,915.7,,746.5,,
,,,,,,,841.5,,784.1999999999999,,
,,,,,,,1104.1,,810.6,,
,,,,,,,972.7,,888.8,,
,,,,,,,1202.6,,787.1999999999999,,
,,,,,,,1037.4,,689.6999999999999,,
,,,,,,,1036.9,,672.4,,
,,,,,,,708.6,,460.5,,
,,,,,,,891.9,,734.4,,
,,,,,,,817.3000000000001,,881.5,,
,,,,,,,1102.1,,671.1999999999999,,
,,,,,,,902.5,,932.6,,
,,,,,,,975.0,,1181.2,,
,,,,,,,1056.8,,817.4,,
,,,,,,,821.8,,989.2,,
,,,,,,,731.8,,939.6,,
,,,,,,,627.4,,963.4,,
,,,,,,,1120.9,,1000.9,,
,,,,,,,762.4,,815.5,,
,,,,,,,846.9,,1084.3,,
,,,,,,,1150.0,,1280.7,,
,,,,,,,1172.5,,670.6999999999999,,
,,,,,,,805.6,,668.1999999999999,,
,,,,,,,1104.5,,899.3,,
,,,,,,,1075.2,,544.8,,
,,,,,,,1215.0,,420.2,,
,,,,,,,1192.2,,492.8,,
,,,,,,,623.4,,1049.7,,
,,,,,,,605.3000000000001,,551.1999999999999,,
,,,,,,,863.0,,560.9,,
,,,,,,,730.1999999999999,,804.5,,
,,,,,,,1099.3,,466.9,,
,,,,,,,720.0,,510.1,,
,,,,,,,1021.7,,525.9,,
,,,,,,,558.3,,569.6,,
,,,,,,,1281.6,,1357.6,,
,,,,,,,575.6999999999999,,643.8,,
,,,,,,,1006.1,,790.0,,
,,,,,,,1103.8,,826.1,,
,,,,,,,840.9,,640.9,,
,,,,,,,439.0,,656.6,,
,,,,,,,443.4,,856.6999999999999,,
,,,,,,,850.9,,862.4,,
,,,,,,,572.1,,1152.4,,
,,,,,,,537.4,,1072.9,,
,,,,,,,526.8,,777.3,,
,,,,,,,787.0,,798.4,,
,,,,,,,596.5,,610.4,,
,,,,,,,1002.6,,708.9,,
,,,,,,,592.3,,647.6999999999999,,
,,,,,,,473.4,,596.1999999999999,,
,,,,,,,558.5,,565.9,,
,,,,,,,581.0,,570.9,,
,,,,,,,399.3,,548.1,,
,,,,,,,404.8,,581.6999999999999,,
,,,,,,,461.5,,563.3,,
,,,,,,,1050.5,,773.1999999999999,,
,,,,,,,602.5,,571.0,,
,,,,,,,534.1,,539.1,,
,,,,,,,1084.9,,523.9,,
,,,,,,,966.4,,534.0,,
,,,,,,,931.7,,537.0999999999999,,
,,,,,,,1098.3000000000002,,661.8,,
,,,,,,,1068.4,,527.8,,
,,,,,,,1018.8,,527.0,,
,,,,,,,1027.3000000000002,,582.5,,
,,,,,,,1208.9,,724.9,,
,,,,,,,1197.1,,558.9,,
,,,,,,,1180.3000000000002,,595.0999999999999,,
,,,,,,,1339.6,,534.4,,
,,,,,,,1231.5,,553.9,,
,,,,,,,1252.1,,528.5999999999999,,
,,,,,,,1043.6,,526.3,,
,,,,,,,1173.5,,570.9,,
,,,,,,,1055.3,,970.5,,
,,,,,,,992.9,,523.8,,
,,,,,,,1031.2,,552.6,,
,,,,,,,1048.7,,548.6999999999999,,
,,,,,,,1100.8000000000002,,561.5,,
,,,,,,,1225.5,,577.3,,
,,,,,,,1240.9,,563.0,,
,,,,,,,1089.3,,529.0,,
,,,,,,,1021.4,,557.0,,
,,,,,,,1181.0,,473.8,,
,,,,,,,1115.8000000000002,,463.1,,
,,,,,,,970.1,,520.0,,
,,,,,,,1104.0,,564.6,,
,,,,,,,973.0,,588.0,,
,,,,,,,1138.7,,562.4,,
,,,,,,,474.3,,560.9,,
,,,,,,,967.9,,564.4,,
,,,,,,,912.4,,574.1999999999999,,
,,,,,,,452.6,,605.9,,
,,,,,,,1188.2,,441.1,,
,,,,,,,565.8,,354.40000000000003,,
,,,,,,,512.5999999999999,,298.2,,
,,,,,,,404.9,,488.5,,
,,,,,,,523.4,,212.1,,
,,,,,,,467.0,,499.3,,
,,,,,,,665.3,,488.3,,
,,,,,,,501.8,,685.3,,
,,,,,,,1032.6999999999998,,676.0,,
,,,,,,,233.5,,429.1,,
,,,,,,,392.3,,485.5,,
,,,,,,,284.5,,419.9,,
,,,,,,,383.9,,622.6,,
,,,,,,,331.79999999999995,,479.1,,
,,,,,,,283.7,,384.4,,
,,,,,,,383.3,,408.2,,
,,,,,,,280.0,,407.6,,
,,,,,,,334.9,,431.2,,
,,,,,,,306.4,,477.7,,
,,,,,,,316.5,,425.3,,
,,,,,,,600.8,,477.2,,
,,,,,,,525.1,,484.3,,
,,,,,,,335.7,,472.6,,
,,,,,,,740.5,,479.0,,
,,,,,,,542.9,,480.6,,
,,,,,,,475.0,,546.3,,
,,,,,,,461.0,,402.1,,
,,,,,,,532.6999999999999,,456.7,,
,,,,,,,523.9,,551.5999999999999,,
,,,,,,,371.1,,640.6999999999999,,
,,,,,,,901.2,,439.2,,
,,,,,,,502.1,,450.1,,
,,,,,,,1269.5,,553.6,,
,,,,,,,793.0,,556.1999999999999,,
,,,,,,,802.5,,504.7000000000001,,
,,,,,,,687.8,,701.6,,
,,,,,,,919.5,,540.4,,
,,,,,,,488.5,,550.8,,
,,,,,,,1569.3000000000002,,467.7,,
,,,,,,,871.0,,572.0,,
,,,,,,,690.1,,588.3,,
,,,,,,,842.3,,570.0,,
,,,,,,,989.9,,567.5,,
,,,,,,,988.8,,538.5,,
,,,,,,,846.4,,608.0999999999999,,
,,,,,,,914.8,,592.1999999999999,,
,,,,,,,1233.7,,556.8,,
,,,,,,,1086.3000000000002,,529.9,,
,,,,,,,1160.0,,545.5,,
,,,,,,,1006.6,,548.5,,
,,,,,,,990.6,,535.1999999999999,,
,,,,,,,1111.4,,462.7,,
,,,,,,,1290.2,,485.0,,
,,,,,,,1003.4,,546.3000000000001,,
,,,,,,,832.1999999999999,,507.7,,
,,,,,,,1129.9,,543.4,,
,,,,,,,1538.1,,597.9,,
,,,,,,,1220.3000000000002,,564.8,,
,,,,,,,1440.0,,576.1999999999999,,
,,,,,,,1479.5,,616.1,,
,,,,,,,1519.7,,488.7,,
,,,,,,,1063.7,,557.6999999999999,,
,,,,,,,1061.3000000000002,,472.5,,
,,,,,,,930.2,,604.9,,
,,,,,,,1001.4,,536.8,,
,,,,,,,810.1,,569.4,,
,,,,,,,522.1999999999999,,574.4,,
,,,,,,,570.1,,626.7,,
,,,,,,,756.6,,539.8000000000001,,
,,,,,,,570.1,,527.5,,
,,,,,,,,,559.6,,
,,,,,,,,,491.7,,
,,,,,,,,,556.6,,
,,,,,,,,,528.6,,
,,,,,,,,,481.1,,
,,,,,,,,,541.5,,
,,,,,,,,,615.5999999999999,,
,,,,,,,,,721.1,,
,,,,,,,,,731.5999999999999,,
,,,,,,,,,685.9,,
,,,,,,,,,696.7,,
,,,,,,,,,686.8,,
,,,,,,,,,586.8,,
,,,,,,,,,607.9,,
,,,,,,,,,805.0,,
,,,,,,,,,660.0,,
,,,,,,,,,549.6999999999999,,
,,,,,,,,,527.3,,
,,,,,,,,,655.4,,
,,,,,,,,,658.3,,
,,,,,,,,,625.8,,
,,,,,,,,,619.9,,
,,,,,,,,,631.5,,
,,,,,,,,,572.6999999999999,,
,,,,,,,,,557.1999999999999,,
,,,,,,,,,392.3,,
,,,,,,,,,897.0,,
,,,,,,,,,808.1999999999999,,
,,,,,,,,,815.9,,
,,,,,,,,,811.6999999999999,,
,,,,,,,,,822.9,,
,,,,,,,,,821.0,,
,,,,,,,,,826.8,,
,,,,,,,,,806.4,,
,,,,,,,,,909.5,,
,,,,,,,,,824.0,,
,,,,,,,,,822.1999999999999,,
,,,,,,,,,825.6,,
,,,,,,,,,735.0,,
,,,,,,,,,829.4000000000001,,
,,,,,,,,,748.6999999999999,,
,,,,,,,,,757.1999999999999,,
,,,,,,,,,726.1999999999999,,
,,,,,,,,,726.6,,
,,,,,,,,,721.9,,
,,,,,,,,,729.9,,
,,,,,,,,,756.0,,
,,,,,,,,,1018.6,,
,,,,,,,,,748.8,,
,,,,,,,,,718.9,,
,,,,,,,,,745.6,,
,,,,,,,,,748.6999999999999,,
,,,,,,,,,753.6,,
,,,,,,,,,688.6999999999999,,
,,,,,,,,,554.9,,
,,,,,,,,,840.1,,
,,,,,,,,,921.8,,
,,,,,,,,,841.6,,
,,,,,,,,,762.3,,
,,,,,,,,,800.8,,
,,,,,,,,,768.3,,
,,,,,,,,,787.9,,
,,,,,,,,,893.4,,
,,,,,,,,,861.3,,
,,,,,,,,,833.8,,
,,,,,,,,,737.9,,
,,,,,,,,,727.5,,
,,,,,,,,,772.6,,
,,,,,,,,,660.1999999999999,,
,,,,,,,,,691.6,,
,,,,,,,,,576.0,,
,,,,,,,,,691.3,,
,,,,,,,,,940.1,,
,,,,,,,,,844.1999999999999,,
,,,,,,,,,712.9,,
,,,,,,,,,648.1,,
,,,,,,,,,779.0999999999999,,
,,,,,,,,,862.0,,
,,,,,,,,,686.6,,
,,,,,,,,,715.3,,
,,,,,,,,,628.1,,
,,,,,,,,,902.1,,
,,,,,,,,,733.3,,
,,,,,,,,,742.5,,
,,,,,,,,,780.0,,
,,,,,,,,,920.3,,
,,,,,,,,,824.1999999999999,,
,,,,,,,,,913.7,,
,,,,,,,,,843.3,,
,,,,,,,,,898.6,,
,,,,,,,,,918.5,,
,,,,,,,,,754.9,,
,,,,,,,,,771.0,,
,,,,,,,,,815.4,,
,,,,,,,,,1022.7,,
,,,,,,,,,816.4,,
,,,,,,,,,858.8,,
,,,,,,,,,829.6999999999999,,
,,,,,,,,,903.6,,
,,,,,,,,,916.3,,
,,,,,,,,,855.3,,
,,,,,,,,,826.8,,
,,,,,,,,,868.9,,
,,,,,,,,,1013.5,,
,,,,,,,,,896.0,,
,,,,,,,,,1080.7,,
,,,,,,,,,926.6,,
,,,,,,,,,935.5,,
,,,,,,,,,776.1999999999999,,
,,,,,,,,,768.5,,
,,,,,,,,,895.3,,
,,,,,,,,,821.1999999999999,,
,,,,,,,,,919.2,,
,,,,,,,,,701.3,,
,,,,,,,,,849.3,,
,,,,,,,,,827.9,,
,,,,,,,,,790.8,,
,,,,,,,,,1074.3000000000002,,
,,,,,,,,,972.8,,
,,,,,,,,,1162.6,,
,,,,,,,,,978.0,,
,,,,,,,,,1195.3000000000002,,
,,,,,,,,,1245.3000000000002,,
,,,,,,,,,1244.6,,
,,,,,,,,,1140.3000000000002,,
,,,,,,,,,1091.1,,
,,,,,,,,,995.7,,
,,,,,,,,,1072.2,,
,,,,,,,,,1044.9,,
,,,,,,,,,1048.6,,
,,,,,,,,,1061.3000000000002,,
,,,,,,,,,897.6999999999999,,
,,,,,,,,,842.1,,
,,,,,,,,,996.2,,
,,,,,,,,,949.9,,
,,,,,,,,,927.9,,
,,,,,,,,,1223.7,,
,,,,,,,,,1101.6,,
,,,,,,,,,763.4,,
,,,,,,,,,816.0,,
,,,,,,,,,869.4,,
,,,,,,,,,903.3,,
,,,,,,,,,1332.0,,
,,,,,,,,,1005.3,,
,,,,,,,,,803.0,,
,,,,,,,,,942.2,,
,,,,,,,,,829.5,,
,,,,,,,,,800.8,,
,,,,,,,,,868.0,,
,,,,,,,,,917.3,,
,,,,,,,,,932.3,,
,,,,,,,,,1004.3,,
,,,,,,,,,1020.8,,
,,,,,,,,,1187.4,,
,,,,,,,,,811.5,,
,,,,,,,,,1013.5,,
,,,,,,,,,938.5,,
,,,,,,,,,908.5,,
,,,,,,,,,901.2,,
,,,,,,,,,986.9,,
,,,,,,,,,1123.0,,
,,,,,,,,,1182.0,,
,,,,,,,,,841.3,,
,,,,,,,,,925.7,,
,,,,,,,,,926.4,,
,,,,,,,,,861.6999999999999,,
,,,,,,,,,990.6,,
,,,,,,,,,864.4,,
,,,,,,,,,844.6999999999999,,
,,,,,,,,,827.1,,
,,,,,,,,,841.9,,
,,,,,,,,,785.3,,
,,,,,,,,,825.8,,
,,,,,,,,,868.3,,
,,,,,,,,,835.5,,
,,,,,,,,,762.6,,
,,,,,,,,,813.0,,
,,,,,,,,,1052.6,,
,,,,,,,,,1032.9,,
,,,,,,,,,901.9,,
,,,,,,,,,1014.7,,
,,,,,,,,,836.1,,
,,,,,,,,,853.6,,
,,,,,,,,,889.5,,
,,,,,,,,,780.8,,
,,,,,,,,,880.6,,
,,,,,,,,,819.5,,
,,,,,,,,,730.1,,
,,,,,,,,,919.0,,
,,,,,,,,,944.3,,
,,,,,,,,,951.2,,
,,,,,,,,,1033.2,,
,,,,,,,,,872.0,,
,,,,,,,,,832.1999999999999,,
,,,,,,,,,927.7,,
,,,,,,,,,941.3,,
,,,,,,,,,715.6999999999999,,
,,,,,,,,,954.0,,
,,,,,,,,,874.5,,
,,,,,,,,,844.4,,
,,,,,,,,,790.1,,
,,,,,,,,,772.6999999999999,,
,,,,,,,,,799.1,,
,,,,,,,,,842.8,,
,,,,,,,,,893.5,,
,,,,,,,,,933.6,,
,,,,,,,,,742.0,,
,,,,,,,,,828.3,,
,,,,,,,,,780.0,,
,,,,,,,,,786.9,,
,,,,,,,,,791.4,,
,,,,,,,,,723.6999999999999,,
,,,,,,,,,741.9,,
,,,,,,,,,870.2,,
,,,,,,,,,770.9,,
,,,,,,,,,904.8,,
,,,,,,,,,919.2,,
,,,,,,,,,908.4,,
,,,,,,,,,927.3,,
,,,,,,,,,957.2,,
,,,,,,,,,932.7,,
,,,,,,,,,922.3,,
,,,,,,,,,966.3,,
,,,,,,,,,909.0,,
,,,,,,,,,938.0,,
,,,,,,,,,896.1999999999999,,
,,,,,,,,,902.5,,
,,,,,,,,,957.1,,
,,,,,,,,,909.1,,
,,,,,,,,,940.6,,
,,,,,,,,,917.4,,
,,,,,,,,,782.4,,
,,,,,,,,,1016.2,,
,,,,,,,,,781.8,,
,,,,,,,,,753.1,,
,,,,,,,,,835.3,,
,,,,,,,,,693.6,,
,,,,,,,,,782.8,,
,,,,,,,,,712.4,,
,,,,,,,,,620.0,,
,,,,,,,,,764.1999999999999,,
,,,,,,,,,708.1999999999999,,
,,,,,,,,,492.2,,
,,,,,,,,,739.1999999999999,,
,,,,,,,,,569.3,,
,,,,,,,,,879.8,,
,,,,,,,,,1088.7,,
,,,,,,,,,711.1,,
,,,,,,,,,670.0,,
,,,,,,,,,829.4,,
,,,,,,,,,800.6,,
,,,,,,,,,714.9,,
,,,,,,,,,795.4,,
,,,,,,,,,731.1,,
,,,,,,,,,782.1,,
,,,,,,,,,754.3,,
,,,,,,,,,793.3,,
,,,,,,,,,826.0,,
,,,,,,,,,727.8,,
,,,,,,,,,711.8,,
,,,,,,,,,741.8000000000001,,
,,,,,,,,,749.8,,
,,,,,,,,,833.6999999999999,,
,,,,,,,,,775.6999999999999,,
,,,,,,,,,761.8,,
,,,,,,,,,802.8,,
,,,,,,,,,749.5,,
,,,,,,,,,755.4,,
,,,,,,,,,779.8,,
,,,,,,,,,794.9,,
,,,,,,,,,661.8,,
,,,,,,,,,715.1,,
,,,,,,,,,711.5,,
,,,,,,,,,802.7,,
,,,,,,,,,742.8,,
,,,,,,,,,746.8,,
,,,,,,,,,717.1,,
,,,,,,,,,701.4,,
,,,,,,,,,748.8,,
,,,,,,,,,810.9,,
,,,,,,,,,726.1999999999999,,
,,,,,,,,,753.2,,
,,,,,,,,,662.2,,
,,,,,,,,,680.5,,
,,,,,,,,,705.6999999999999,,
,,,,,,,,,778.8,,
,,,,,,,,,739.6,,
,,,,,,,,,915.8,,
,,,,,,,,,848.1999999999999,,
,,,,,,,,,602.9,,
,,,,,,,,,686.8,,
,,,,,,,,,867.6999999999999,,
,,,,,,,,,691.3000000000001,,
,,,,,,,,,895.3,,
,,,,,,,,,894.8000000000001,,
,,,,,,,,,776.5,,
,,,,,,,,,722.5,,
,,,,,,,,,748.8,,
,,,,,,,,,836.0,,
,,,,,,,,,741.1999999999999,,
,,,,,,,,,702.6,,
,,,,,,,,,704.1999999999999,,
,,,,,,,,,677.3,,
,,,,,,,,,901.7,,
,,,,,,,,,792.9,,
,,,,,,,,,692.1999999999999,,
,,,,,,,,,716.1999999999999,,
,,,,,,,,,844.6999999999999,,
,,,,,,,,,713.0999999999999,,
,,,,,,,,,752.3,,
,,,,,,,,,732.0,,
,,,,,,,,,655.0,,
,,,,,,,,,1165.9,,
,,,,,,,,,919.1,,
,,,,,,,,,681.8,,
,,,,,,,,,740.9,,
,,,,,,,,,820.9,,
,,,,,,,,,885.0999999999999,,
,,,,,,,,,866.3,,
,,,,,,,,,572.6,,
,,,,,,,,,631.6,,
,,,,,,,,,881.2,,
,,,,,,,,,763.9,,
,,,,,,,,,765.4,,
,,,,,,,,,930.3,,
,,,,,,,,,754.1999999999999,,
,,,,,,,,,734.9,,
,,,,,,,,,703.1999999999999,,
,,,,,,,,,758.5,,
,,,,,,,,,524.1,,
,,,,,,,,,700.8,,
,,,,,,,,,723.0,,
,,,,,,,,,903.3,,
,,,,,,,,,809.1,,
,,,,,,,,,736.3,,
,,,,,,,,,745.9,,
,,,,,,,,,828.6999999999999,,
,,,,,,,,,757.0999999999999,,
,,,,,,,,,762.0,,
,,,,,,,,,780.5,,
,,,,,,,,,683.1999999999999,,
,,,,,,,,,689.4,,
,,,,,,,,,576.6,,
,,,,,,,,,551.5,,
,,,,,,,,,694.5,,
,,,,,,,,,723.6999999999999,,
,,,,,,,,,696.3,,
,,,,,,,,,681.1999999999999,,
,,,,,,,,,709.6999999999999,,
,,,,,,,,,1867.8,,
,,,,,,,,,12526.3,,
,,,,,,,,,5635.2,,
,,,,,,,,,3654.4,,
,,,,,,,,,8504.9,,
,,,,,,,,,13065.9,,
,,,,,,,,,11691.8,,
,,,,,,,,,14960.6,,
,,,,,,,,,12341.4,,
,,,,,,,,,4342.2,,
,,,,,,,,,1753.5,,
,,,,,,,,,5250.2,,
,,,,,,,,,11363.7,,
,,,,,,,,,11150.3,,
,,,,,,,,,10580.7,,
,,,,,,,,,9740.3,,
,,,,,,,,,11351.7,,
,,,,,,,,,10065.3,,
,,,,,,,,,11450.9,,
,,,,,,,,,9794.1,,
,,,,,,,,,7712.9,,
,,,,,,,,,5163.299999999999,,
,,,,,,,,,2391.0,,
,,,,,,,,,4783.5,,
,,,,,,,,,4919.799999999999,,
,,,,,,,,,3416.8,,
,,,,,,,,,4978.9,,
,,,,,,,,,6669.4,,
,,,,,,,,,4680.599999999999,,
,,,,,,,,,5456.0,,
,,,,,,,,,9109.2,,
,,,,,,,,,7842.4,,
,,,,,,,,,7860.099999999999,,
,,,,,,,,,2458.3,,
,,,,,,,,,8443.5,,
,,,,,,,,,7493.900000000001,,
,,,,,,,,,8887.9,,
,,,,,,,,,7409.299999999999,,
,,,,,,,,,5209.599999999999,,
,,,,,,,,,4425.9,,
,,,,,,,,,8370.6,,
,,,,,,,,,9169.4,,
,,,,,,,,,4281.7,,
,,,,,,,,,8865.699999999999,,
,,,,,,,,,665.3,,
,,,,,,,,,11855.5,,
,,,,,,,,,672.8,,
,,,,,,,,,565.6,,
,,,,,,,,,680.6,,
,,,,,,,,,628.1999999999999,,
,,,,,,,,,652.4,,
,,,,,,,,,937.2,,
,,,,,,,,,513.1999999999999,,
,,,,,,,,,644.6,,
,,,,,,,,,1150.9,,
,,,,,,,,,660.1999999999999,,
,,,,,,,,,632.9,,
,,,,,,,,,740.9,,
,,,,,,,,,806.1,,
,,,,,,,,,542.9,,
,,,,,,,,,847.2,,
,,,,,,,,,746.3,,
,,,,,,,,,896.4,,
,,,,,,,,,706.1,,
,,,,,,,,,732.9,,
,,,,,,,,,803.0,,
,,,,,,,,,616.3,,
,,,,,,,,,582.4,,
,,,,,,,,,918.1,,
,,,,,,,,,514.1999999999999,,
,,,,,,,,,569.8,,
,,,,,,,,,876.4,,
,,,,,,,,,903.2,,
,,,,,,,,,1073.7,,
,,,,,,,,,763.5,,
,,,,,,,,,597.5,,
,,,,,,,,,623.5999999999999,,
,,,,,,,,,709.0999999999999,,
,,,,,,,,,597.5,,
,,,,,,,,,755.4,,
,,,,,,,,,734.0,,
,,,,,,,,,804.8,,
,,,,,,,,,610.1999999999999,,
,,,,,,,,,745.9,,
,,,,,,,,,722.8,,
,,,,,,,,,970.3,,
,,,,,,,,,791.5,,
,,,,,,,,,888.4,,
,,,,,,,,,988.0,,
,,,,,,,,,1160.4,,
,,,,,,,,,800.9,,
,,,,,,,,,747.6999999999999,,
,,,,,,,,,775.6,,
,,,,,,,,,889.6999999999999,,
,,,,,,,,,800.0,,
,,,,,,,,,930.2,,
,,,,,,,,,749.1999999999999,,
,,,,,,,,,692.4,,
,,,,,,,,,888.6999999999999,,
,,,,,,,,,974.0,,
,,,,,,,,,869.6,,
,,,,,,,,,845.1999999999999,,
,,,,,,,,,751.4,,
,,,,,,,,,844.6,,
,,,,,,,,,1036.2,,
,,,,,,,,,1037.9,,
,,,,,,,,,913.4,,
,,,,,,,,,973.5,,
,,,,,,,,,1014.3,,
,,,,,,,,,915.9,,
,,,,,,,,,1073.2,,
,,,,,,,,,854.6,,
,,,,,,,,,807.4,,
,,,,,,,,,1027.6,,
,,,,,,,,,1097.5,,
,,,,,,,,,982.0,,
,,,,,,,,,750.1,,
,,,,,,,,,1232.1,,
,,,,,,,,,930.6,,
,,,,,,,,,987.7,,
,,,,,,,,,1350.0,,
,,,,,,,,,1039.4,,
,,,,,,,,,1220.6,,
,,,,,,,,,940.9,,
,,,,,,,,,1009.6,,
,,,,,,,,,996.8,,
,,,,,,,,,807.1999999999999,,
,,,,,,,,,1097.6,,
,,,,,,,,,793.6999999999999,,
,,,,,,,,,900.6999999999999,,
,,,,,,,,,1115.6,,
,,,,,,,,,1147.4,,
,,,,,,,,,1305.6,,
,,,,,,,,,943.7,,
,,,,,,,,,1182.4,,
,,,,,,,,,368.3,,
,,,,,,,,,730.0999999999999,,
,,,,,,,,,366.4,,
,,,,,,,,,261.79999999999995,,
,,,,,,,,,557.0,,
,,,,,,,,,310.9,,
,,,,,,,,,1126.5,,
