Rise-Time_Peak,Rise-Time_Peak.1,Rise-Time_Peak.2,Rise-Time_Peak.3,Rise-Time_Peak.4,Rise-Time_Peak.5,Rise-Time_Peak.6,Rise-Time_Peak.7,Rise-Time_Peak.8,Rise-Time_Peak.9,Rise-Time_Peak.10,Rise-Time_Peak
2207.2,470.7,1492.3,892.5,590.8,943.5,3233.2,672.4,419.3,995.3,248.1,8728.6
146.7,74.1,784.6,158.6,77.1,74.1,88.6,609.8,130.7,50.3,70.7,322.9
270.0,68.3,76.9,158.8,70.3,61.55,67.9,92.1,92.1,53.33333333333333,43.9,112.5
535.7,67.76666666666667,72.95,97.7,88.0,49.0,65.7,413.5,62.3,56.36666666666667,147.7,297.5
484.0,67.23333333333333,69.0,91.3,70.1,61.9,62.43333333333334,92.2,119.1,59.4,72.3,333.8
513.3,66.7,60.3,61.9,202.8333333333333,74.8,59.16666666666666,49.5,80.6,201.3,563.75,607.5
468.2,66.16666666666666,113.66666666666669,84.2,335.5666666666667,39.2,55.9,69.2,96.2,192.94,1055.2,531.4
466.1,65.63333333333333,167.03333333333336,70.8,468.3,80.5,58.3,72.8,71.65,184.58,104.7,512.0
151.7,65.1,220.4,81.1,270.85,85.2,59.95,66.1,47.1,176.22,315.5,727.4
628.6,64.56666666666666,44.2,83.9,73.4,89.9,61.6,25.8,75.45,167.86,265.3,649.1
88.9,64.03333333333333,48.75,196.7,94.3,262.4,63.25,130.2,103.8,159.5,283.8,530.4
144.1,63.5,53.3,75.1,77.1,420.5,64.9,42.3,82.3,151.14,284.9,857.9
121.4,62.96666666666667,52.3,73.7,42.6,210.5,275.5,90.0,111.7,142.78,428.7,597.9
143.5,62.43333333333333,56.3,337.8,43.9,380.0,242.44,76.3,70.4,134.42000000000002,249.9,567.0
108.8,61.9,109.0,197.85,43.7,323.4,209.38,40.1,153.4,126.06,297.8,699.2
278.1,63.92727272727273,103.02857142857142,57.9,43.5,231.75,176.32,74.9,54.3,117.7,204.0,919.2
411.1,65.95454545454545,97.05714285714286,58.6,43.3,140.1,143.26,88.2,80.69999999999999,109.34,285.5,886.1
68.5,67.98181818181818,91.08571428571427,88.1,43.93333333333333,111.3,110.2,71.8,107.1,100.98,213.5,854.0
100.2,70.00909090909092,85.11428571428571,59.8,44.56666666666667,103.8,99.9,220.6,103.9,92.62,322.2,804.7
111.1,72.03636363636363,79.14285714285714,31.5,45.2,96.3,89.6,72.0,70.0,84.25999999999999,270.7,996.3
99.1,74.06363636363636,73.17142857142858,66.4,52.9,89.5,64.7,73.9,43.3,75.9,76.6,743.3
337.6,76.0909090909091,67.2,105.0,61.8,79.7,70.15,213.1,199.6,68.25,66.5,1037.6
103.9,78.11818181818182,63.73,41.6,70.7,82.6,75.6,254.0,109.4,60.6,118.6,658.1
83.2,80.14545454545456,60.260000000000005,78.7,79.6,88.6,97.25,348.7,105.6,61.875,97.0,884.1
97.6,82.17272727272727,56.790000000000006,94.3,88.5,78.3,118.9,332.9,75.5,63.150000000000006,101.0,813.7
403.1,84.2,53.32,95.3,30.2,52.9,89.5,268.3,53.7,64.425,217.4,1030.4
95.1,84.2,49.85,191.2,42.2,53.16666666666666,82.4,150.3,101.9,65.7,100.3,833.5
430.9,82.29473684210527,46.38,69.0,54.2,53.43333333333334,120.1,177.8,67.4,66.97500000000001,256.1,745.3
98.9,80.38947368421053,42.91,317.4,75.1,53.7,61.5,83.3,89.4,68.25,114.7,1083.7
92.8,78.48421052631579,39.44,88.5,745.7,79.7,78.8,76.1,39.2,69.525,88.4,951.7
105.4,76.57894736842105,35.97,49.7,76.5,150.0,52.8,79.3,50.3,70.80000000000001,124.0,1091.2
508.9,74.67368421052632,32.5,149.9,66.6,176.4,106.3,79.5,106.9,72.075,128.3,845.2
184.0,72.76842105263158,32.9,275.3,49.3,158.1,90.53333333333332,90.5,64.7,73.35000000000001,233.0,859.0
191.0,70.86315789473684,33.24444444444444,402.9,65.0,90.2,74.76666666666667,136.3,96.5,74.625,140.0,852.2
97.1,68.9578947368421,33.58888888888889,332.4,81.8,254.6,59.0,80.1,170.4,75.9,136.8,850.9
97.0,67.05263157894737,33.93333333333333,716.4,50.9,147.4,61.0,236.6,87.2,68.25,61.1,732.7
374.3,65.14736842105263,34.27777777777778,387.2,133.0,458.1,63.0,86.5,105.8,60.6,133.9,826.8
486.2,63.242105263157896,34.62222222222222,410.5,86.1,128.4,59.016666666666666,183.5,92.3,62.14,134.1,873.4
161.7,61.33684210526316,34.96666666666667,380.2,156.8,592.4,55.03333333333333,101.0,114.8,63.68,133.6,937.7
573.3,59.43157894736842,35.31111111111111,534.2,111.7,489.6,51.05,86.9,55.3,65.22,58.2,891.8
663.1,57.526315789473685,35.65555555555556,663.2,160.9,345.0,47.06666666666667,1157.4,102.1,66.76,121.0,1115.6
938.9,55.62105263157895,36.0,828.6,361.5,728.4,43.083333333333336,171.6,103.2,68.3,113.5,993.8
121.7,53.71578947368421,37.65555555555556,728.0,247.3,671.0,39.1,347.1,256.3,69.84,170.4,1032.9
114.6,51.810526315789474,39.31111111111111,1015.7,282.3,735.1,39.575,107.6,139.8,71.38,113.5,773.5
135.8,49.90526315789474,40.96666666666667,416.0,277.4,133.7,40.05,205.8,94.2,72.92,113.9,1195.1
495.8,48.0,42.62222222222222,655.5,293.0,101.6,40.525,137.3,220.4,74.46,106.9,917.8
507.2,50.40909090909091,44.27777777777778,793.8,293.2,279.0,41.0,115.2,91.6,76.0,563.9,738.8
472.1,52.81818181818182,45.93333333333334,441.1,295.6,414.8,42.6,104.6,312.2,96.1,110.1,1086.1
434.1,55.22727272727273,47.58888888888889,818.2,294.5,128.6,44.2,70.3,462.1,66.8,115.4,985.6
139.7,57.63636363636364,49.24444444444444,436.5,292.4,206.2,45.8,168.4,500.0,75.1,113.9,1001.5
105.3,60.04545454545455,50.9,303.7,136.1,412.8,47.4,79.3,469.6,68.94999999999999,115.8,932.2
129.5,62.45454545454545,52.55555555555556,561.9,345.3,307.2,49.0,133.7,100.0,62.8,121.3,980.1
106.6,64.86363636363636,54.21111111111111,446.0,348.8,336.4,50.6,54.2,88.6,63.15454545454545,237.6,794.1
111.4,67.27272727272728,55.86666666666667,721.0,321.1,385.4,52.2,325.9,150.7,63.50909090909091,79.3,504.7
219.2,69.68181818181819,57.52222222222223,716.8,402.4,331.6,53.8,360.3,125.0,63.86363636363636,165.8,608.0
203.5,72.0909090909091,59.17777777777778,1400.8,342.2,238.2,55.4,394.7,78.8,64.21818181818182,135.4,641.9
132.0,74.5,60.83333333333333,1139.7,174.7,246.3,57.0,398.3,78.7,64.57272727272728,54.3,325.5
134.6,73.81447368421053,62.48888888888889,730.7,271.0,424.8,58.6,450.6,124.7,64.92727272727272,110.4,379.1
102.5,73.12894736842105,64.14444444444445,1121.0,440.5,340.9,61.516666666666666,548.1,97.4,65.28181818181818,332.7,884.8
168.2,72.44342105263158,65.8,664.0,283.0,285.8,64.43333333333334,274.5,72.9,65.63636363636364,77.4,321.4
123.5,71.7578947368421,62.92222222222222,857.8,336.2,328.2,67.35,259.9,99.8,65.9909090909091,120.3,619.3
133.4,71.07236842105263,60.04444444444445,1122.4,270.0,344.4,70.26666666666667,95.9,34.9,66.34545454545454,71.5,363.8
143.1,70.38684210526316,57.16666666666666,1040.9,299.9,302.9,73.18333333333334,87.3,77.0,66.7,113.2,613.6
123.7,69.70131578947368,54.28888888888888,1347.7,280.7,272.1,76.1,76.2,73.1,78.8,216.7,376.7
133.2,69.01578947368421,51.41111111111111,925.6,294.3,247.4,76.2,46.2,75.3,71.3,311.5,664.2
334.1,68.33026315789473,48.53333333333333,1273.1,298.3,452.8,79.4,46.4,62.9,63.8,105.9,703.2
130.0,67.64473684210526,45.65555555555555,626.3,302.7,389.5,95.4,264.6,116.1,64.3,302.2,895.2
527.7,66.95921052631579,42.77777777777777,373.0,403.1,315.9,80.5,52.5,106.7,64.8,171.6,866.5
291.3,66.27368421052631,39.9,663.9,616.9,306.0,65.7,48.8,97.3,65.3,414.8,909.3
123.5,65.58815789473684,31.4,445.5,609.7,488.2,50.9,49.3,27.0,65.8,365.5,624.6
130.8,64.90263157894736,42.6,342.6,384.3,410.5,80.3,62.6,80.9,68.05,233.1,775.1
586.0,64.21710526315789,53.8,485.9,665.4,357.0,79.375,99.0,92.3,70.3,72.9,846.9
175.6,63.53157894736842,37.8,332.9,631.9,251.9,78.44999999999999,62.4,85.0,65.8,294.7,953.0
163.5,62.84605263157895,77.0,312.3,397.3,418.1,77.52499999999999,49.0,175.1,76.125,467.4,920.7
85.8,62.16052631578948,139.9,458.4,499.6,164.7,76.6,49.2,126.6,86.44999999999999,468.4,928.7
90.0,61.475,30.3,465.5,3868.8,123.4,60.95,47.6,142.2,96.775,460.3,1007.7
128.2,60.78947368421053,35.46666666666667,441.3,304.9,174.9,45.3,41.3,62.9,107.1,242.0,854.1
279.1,60.10394736842105,40.63333333333333,240.4,424.8,209.2,383.2,97.7,30.0,94.2,55.5,870.3
122.6,59.41842105263158,45.8,173.1,290.5,221.5,124.5,108.7,180.0,78.9,67.7,622.8
116.8,58.732894736842105,38.9,96.1,287.2,140.7,81.1,137.6,262.3,60.75,80.2,984.6
91.7,58.04736842105263,41.78333333333333,191.8,294.8,49.0,143.14999999999998,74.8,355.2,42.6,56.3,1000.7
116.4,57.36184210526316,44.66666666666666,143.2,427.6,66.7,205.2,239.0,235.7,63.0,249.7,1148.8
113.4,56.67631578947368,47.55,148.2,408.6,229.9,159.13333333333333,115.9,254.1,83.4,70.5,769.1
115.1,55.99078947368422,50.43333333333334,205.4,523.5,311.2,113.06666666666666,76.9,336.8,60.0,111.4,1104.0
89.0,55.30526315789474,53.31666666666667,201.0,487.4,52.5,67.0,94.8,136.7,83.5,83.5,1027.3
115.6,54.61973684210527,56.2,363.2,425.9,281.5,66.35,193.5,100.5,73.15,83.8,998.5
102.9,53.9342105263158,54.02,539.7,291.3,607.6,65.7,303.5,100.4,62.8,110.8,1007.7
357.2,53.24868421052632,51.84,321.1,292.0,453.3,65.05000000000001,183.5,222.1,64.05,41.3,1127.7
121.9,52.56315789473685,49.66,393.7,390.8,411.1,64.4,318.2,90.6,65.3,125.6,700.3
77.9,51.87763157894737,47.48,330.6,474.7,813.0,58.260000000000005,186.6,115.9,69.3,25.4,977.1
62.2,51.1921052631579,45.3,228.4,393.3,85.1,52.120000000000005,309.2,71.0,68.16,56.650000000000006,1152.7
62.2,50.506578947368425,43.12,354.7,386.7,233.8,45.98,448.5,71.4,67.02,87.9,998.3
89.6,49.82105263157895,40.94,369.1,295.4,337.1,39.84,445.0,157.6,65.88,42.6,973.7
263.1,49.13552631578948,38.76,610.7,324.6,364.8,33.7,405.1,98.2,64.74,42.7,825.3
102.7,48.45,36.58,146.6,639.3,355.2,42.2,406.0,85.2,63.6,42.8,671.4
64.6,47.76447368421053,34.4,271.2,387.6,370.7,50.7,382.4,214.1,64.15625,42.9,515.7
212.5,47.078947368421055,28.78333333333333,164.5,419.2,233.1,59.2,377.5,189.4,64.7125,48.425,937.6
62.3,46.39342105263158,23.166666666666664,716.9,436.2,233.4,67.7,339.1,100.9,65.26875,53.95,558.5
57.6,45.70789473684211,17.55,,428.1,210.1,76.2,411.8,353.0,65.825,59.475,696.2
93.0,45.02236842105263,11.933333333333334,,334.4,183.4,84.7,410.6,203.5,66.38125,65.0,903.9
106.8,44.33684210526316,6.316666666666666,,384.8,145.8,88.75,427.7,333.0,66.9375,55.9,739.6
62.5,43.651315789473685,0.7,,447.9,225.9,92.8,402.7,362.6,67.49375,46.8,898.8
59.8,42.96578947368421,18.6,,490.3,334.1,130.53333333333333,367.0,347.7,68.05,79.2,428.3
99.7,42.28026315789474,36.5,,345.0,322.9,168.26666666666665,384.3,307.1,68.60625,62.6,718.4
110.1,41.59473684210526,54.4,,634.7,80.9,206.0,335.9,387.6,69.1625,46.0,937.4
59.9,40.90921052631579,26.9,,441.5,171.5,552.7,328.2,306.2,69.71875,107.2,465.1
95.0,40.22368421052632,96.16666666666666,,413.0,394.6,93.7,424.3,177.9,70.275,41.9,926.2
70.6,39.53815789473684,165.43333333333334,,651.4,354.0,93.5,318.6,217.3,70.83125,48.7,368.8
70.4,38.85263157894737,234.7,,684.8,177.5,92.692,511.4,234.1,71.3875,51.1,333.6
110.0,38.16710526315789,303.96666666666664,,504.0,344.9,91.884,487.6,115.7,71.94375,60.0,658.0
68.6,37.481578947368426,373.2333333333333,,763.5,144.6,91.076,432.8,411.5,72.5,43.6,459.0
145.4,36.79605263157895,442.5,,427.8,317.7,90.268,308.1,442.8,72.3,47.3,735.7
70.4,36.11052631578948,107.6,,562.3,146.6,89.46,297.7,95.2,77.84444444444445,114.0,519.5
68.6,35.425000000000004,81.6,,610.7,292.0,88.652,388.5,230.1,83.38888888888889,39.7,453.4
92.1,34.73947368421053,63.2,,518.6,311.0,87.844,337.8,212.1,88.93333333333334,39.8,514.6
50.1,34.053947368421056,50.6,,835.0,274.9,87.036,320.6,229.1,94.47777777777776,186.6,697.9
144.4,33.36842105263158,56.1,,677.4,372.9,86.228,319.2,113.9,100.02222222222224,332.3,966.4
61.1,32.68289473684211,76.4,,823.2,438.1,85.42,320.1,386.8,105.56666666666666,65.7,373.5
90.7,31.997368421052634,17.4,,924.7,187.6,84.612,301.0,356.1,111.11111111111111,200.9,769.3
107.1,31.31184210526316,26.4,,872.6,201.9,83.804,340.0,135.6,116.65555555555557,44.4,451.1
61.5,30.626315789473686,35.4,,756.5,243.9,82.996,508.3,249.0,122.2,52.4,521.6
83.0,29.94078947368421,44.4,,767.8,149.1,82.188,355.2,103.1,112.1,53.9,393.5
76.7,29.25526315789474,45.8,,795.4,200.8,81.38,363.1,56.2,102.0,54.0,537.2
57.0,28.569736842105264,30.5,,1033.8,318.4,80.572,367.1,169.3,95.26666666666668,54.2,425.5
57.0,27.88421052631579,15.2,,906.3,472.1,79.764,327.1,62.4,88.53333333333333,54.3,588.8
133.2,27.19868421052632,38.0,,792.7,384.0,78.956,323.5,133.6,81.8,45.55,371.2
90.9,26.51315789473684,40.8,,1295.3,386.0,78.148,332.2,415.5,89.5,36.8,431.3
62.8,25.82763157894737,47.9,,984.6,301.9,77.34,396.4,404.1,73.8,409.5,748.9
63.0,25.14210526315789,55.0,,1267.5,139.3,76.532,364.2,416.8,17.1,42.5,335.6
65.6,24.45657894736842,62.1,,1078.2,169.2,75.72399999999999,316.2,365.4,76.4,41.9,532.4
110.3,23.771052631578947,72.26666666666667,,963.4,213.9,74.916,540.0,282.2,8.2,56.4,331.8
87.8,23.08552631578948,82.43333333333334,,562.6,298.0,74.108,355.8,62.8,79.2,44.2,610.8
57.1,22.4,92.6,,,322.9,73.3,433.2,233.2,235.2,31.2,651.0
99.3,20.95,102.76666666666668,,,424.8,63.08,600.5,44.0,74.5,39.5,672.3
71.7,19.5,112.93333333333334,,,435.6,52.86,423.3,28.1,64.2,93.3,564.1
49.4,112.4,123.1,,,508.7,42.64,343.9,47.85,70.3,42.8,429.4
43.9,74.4,88.5,,,166.4,32.42,349.5,67.6,63.0,48.7,328.6
84.4,36.4,81.825,,,234.8,22.2,418.8,355.2,63.0,91.3,775.2
57.2,34.385714285714286,75.15,,,271.9,39.29090909090909,404.7,352.1,65.65,50.7,461.7
80.5,32.37142857142857,68.475,,,389.9,56.381818181818176,519.3,430.9,68.3,96.7,499.7
57.2,30.35714285714285,61.8,,,228.9,73.47272727272727,495.1,339.1,74.8,53.4,313.9
90.8,28.34285714285714,52.1,,,321.4,90.56363636363636,368.1,332.4,70.9,53.5,223.0
65.6,26.32857142857143,84.3,,,285.1,107.65454545454546,721.0,398.2,70.9,203.6,313.0
87.2,24.31428571428572,45.9,,,379.9,124.74545454545454,585.2,386.6,74.9,53.6,525.0
64.7,22.3,54.3,,,294.0,141.8363636363636,544.7,671.9,77.1,53.5,346.7
64.7,20.285714285714285,62.7,,,300.6,158.9272727272727,569.7,522.3,84.1,53.6,727.7
94.3,18.27142857142857,88.7,,,313.2,176.0181818181818,639.8,420.9,75.1,53.5,687.5
99.7,16.257142857142856,114.7,,,343.6,193.1090909090909,561.9,307.6,77.0,53.5,579.0
89.6,14.24285714285714,140.7,,,205.4,210.2,409.7,430.6,76.0,52.7,937.8
79.5,12.228571428571428,38.9,,,784.4,227.29090909090905,507.2,461.9,75.0,53.4,788.5
57.4,10.214285714285715,62.6,,,486.3,244.3818181818181,366.6,232.3,77.0,53.5,766.3
165.8,8.2,65.53333333333333,,,697.4,261.47272727272724,384.4,72.9,75.2,61.7,657.3
79.5,8.482142857142856,68.46666666666667,,,801.7,278.5636363636364,479.5,70.1,23.2,65.0,714.2
116.7,8.764285714285714,71.4,,,372.7,295.6545454545454,409.6,75.9,75.1,68.3,649.5
169.4,9.04642857142857,26.9,,,351.7,312.7454545454545,402.9,73.15,75.65,74.05,698.8
84.9,9.328571428571427,50.0,,,675.5,329.8363636363636,989.4,70.4,76.2,79.8,747.0
143.3,9.610714285714286,73.1,,,812.7,346.9272727272727,845.2,67.65,88.2,53.6,1002.4
99.7,9.892857142857142,65.1,,,1183.8,364.0181818181818,453.5,64.9,81.8,332.6,1054.4
134.7,10.175,57.1,,,514.2,381.10909090909087,589.7,72.5,83.1,157.0,1001.6
217.0,10.457142857142856,49.1,,,794.0,398.2,417.6,80.1,83.2,233.9,1159.8
85.2,10.739285714285714,41.1,,,493.1,352.2285714285714,640.6,80.1,93.7,53.6,960.6
209.5,11.021428571428572,33.1,,,496.6,306.25714285714287,491.5,80.1,60.5,137.3,1223.5
161.6,11.303571428571429,198.1,,,511.1,260.2857142857143,443.2,80.1,51.7,382.2,884.7
130.7,11.585714285714284,291.6,,,467.6,214.3142857142857,469.9,80.1,75.7,489.3,1180.1
180.6,11.867857142857144,27.9,,,677.4,168.34285714285716,481.8,80.1,47.2,594.9,967.6
99.6,12.15,30.8,,,767.0,122.37142857142857,553.4,76.44999999999999,51.46666666666667,365.7,873.1
155.2,12.432142857142855,33.5,,,514.6,76.4,696.8,72.8,55.73333333333333,376.5,1124.1
178.1,12.714285714285715,88.9,,,435.2,83.92,434.4,69.15,60.0,359.2,1034.0
87.8,12.996428571428572,44.2,,,482.6,91.44,637.9,65.5,60.8,477.9,894.3
166.9,13.278571428571428,58.4,,,639.9,98.96,676.9,52.2,66.575,399.8,875.4
150.7,13.560714285714289,46.15,,,423.9,106.48,533.7,87.1,72.35,429.2,935.1
176.5,13.842857142857143,33.9,,,775.8,114.0,545.4,87.0,78.125,585.1,1051.1
166.8,14.125,55.8,,,744.0,110.0074074074074,720.0,87.0,83.9,480.0,1396.9
190.8,14.407142857142858,10.9,,,616.9,106.0148148148148,436.8,89.7,72.7,380.4,834.8
187.9,14.689285714285717,73.1,,,485.2,102.02222222222224,594.4,87.2,75.1,444.5,942.4
196.5,14.971428571428572,0.6,,,662.2,98.02962962962962,625.5,87.2,88.6,708.4,1754.3
235.3,15.25357142857143,6.9,,,442.1,94.03703703703704,799.6,87.2,118.4,497.3,943.2
167.5,15.535714285714286,24.833333333333336,,,732.0,90.04444444444445,856.6,87.3,59.4,496.4,1355.4
168.2,15.817857142857145,42.766666666666666,,,557.1,86.05185185185185,467.1,89.7,55.1,439.1,999.1
429.2,16.1,60.7,,,586.6,82.05925925925926,887.9,87.3,60.4,483.6,1150.5
144.8,31.85,81.7,,,412.5,78.06666666666666,485.8,87.3,102.4,505.9,865.0
101.6,47.6,4.1,,,432.4,74.07407407407408,470.0,109.1,168.2,547.1,1361.4
177.4,87.80000000000001,18.9,,,603.6,70.08148148148149,373.1,87.5,80.3,373.9,1064.1
103.3,128.0,33.7,,,374.8,66.08888888888889,539.2,87.4,69.3,546.0,1554.7
113.3,126.3875,38.625,,,1218.9,62.096296296296295,372.7,87.5,88.3,536.5,1297.8
101.5,124.775,43.55,,,434.4,58.10370370370371,378.3,245.1,70.4,455.6,1302.6
102.4,123.1625,48.475,,,649.7,54.11111111111112,497.2,238.0,174.6,405.3,1465.3
172.3,121.55,53.4,,,1001.5,50.11851851851852,564.8,87.6,127.85,462.3,1238.8
87.4,119.9375,27.5,,,460.5,46.12592592592593,370.9,87.5,81.1,478.8,1147.8
146.7,118.325,49.0,,,,42.13333333333334,972.4,90.0,91.7,526.4,1320.8
97.9,116.7125,40.8,,,,38.14074074074074,773.0,126.2,90.0,550.4,964.7
168.7,115.1,59.3,,,,34.14814814814815,815.4,126.2,82.2,396.9,1584.1
313.7,113.4875,77.8,,,,30.15555555555555,658.2,126.2,82.2,584.2,904.2
86.7,111.875,77.8,,,,26.162962962962965,653.3,171.5,146.3,423.2,1463.3
106.5,110.2625,100.4,,,,22.17037037037037,869.8,127.4,93.0,881.6,1409.3
97.7,108.65,96.525,,,,18.177777777777777,599.2,87.4,90.2,652.1,1273.0
101.4,107.0375,92.65,,,,14.18518518518519,640.7,127.6,92.5,525.2,1028.0
86.9,105.425,88.775,,,,10.19259259259259,736.2,87.3,151.0,525.8,1143.4
130.9,103.8125,84.9,,,,6.2,660.7,87.5,147.2,548.3,825.5
177.3,102.2,83.81666666666668,,,,80.83333333333334,756.6,89.6,152.9,624.6,1043.5
89.3,102.2,82.73333333333333,,,,155.46666666666667,663.1,89.5,149.4,854.1,886.2
117.7,96.17272727272729,81.65,,,,230.1,791.3,427.4,149.4,776.5,1015.5
131.6,90.14545454545454,80.56666666666668,,,,235.9,853.7,667.2,153.1,588.8,734.5
101.8,84.11818181818182,79.48333333333333,,,,220.9,895.4,88.9,149.5,423.2,914.8
122.9,78.0909090909091,78.4,,,,109.7,872.3,88.9,147.1,652.8,1333.8
113.8,72.06363636363636,78.0,,,,47.4,924.0,89.4,152.9,907.3,1075.8
154.8,66.03636363636363,74.4,,,,255.6,888.1,89.1,295.1,752.4,1060.7
313.1,60.00909090909091,70.8,,,,74.0,766.0,89.1,90.4,741.4,1221.6
143.6,53.98181818181818,67.2,,,,320.2,797.3,89.1,150.1,432.2,1027.0
98.6,47.954545454545446,63.6,,,,234.0,893.7,115.9,150.7,527.5,889.2
87.6,41.92727272727272,60.0,,,,287.5,888.9,89.1,90.5,494.7,811.5
180.7,35.9,56.4,,,,369.5,988.2,89.1,90.6,508.0,866.6
250.4,60.05,52.8,,,,357.5,893.6,89.0,149.3,478.9,885.0
185.5,84.2,49.2,,,,384.8,896.0,92.4,152.9,604.0,900.6
104.2,55.9,45.6,,,,324.9,816.4,277.1,153.1,513.1,702.0
146.8,124.8,42.0,,,,303.0,709.9,89.0,153.2,622.7,1003.4
108.8,82.1,52.35,,,,24.2,767.9,66.4,149.5,616.8,840.7
110.6,89.6,62.7,,,,99.8,863.5,58.6,149.5,611.4,776.1
87.9,97.1,61.2,,,,117.7,940.7,71.3,149.5,447.8,738.7
349.8,104.6,59.7,,,,450.5,865.2,71.3,149.5,864.0,858.2
413.2,60.7,54.9,,,,703.5,883.9,71.4,149.5,736.9,1009.2
213.5,43.0,56.4,,,,96.5,886.8,71.4,149.6,,719.8
370.1,38.0,79.8,,,,183.3,893.8,82.0,149.6,,781.1
129.0,33.0,51.9,,,,105.5,616.0,94.7,149.5,,972.7
124.2,61.1,42.1,,,,370.3,732.6,71.4,205.1,,919.4
383.5,76.0,33.4,,,,260.4,915.7,94.8,90.5,,1210.6
454.5,71.6,66.7,,,,385.8,929.9,94.8,83.1,,1006.4
106.4,32.4,66.7,,,,509.2,1028.8,92.5,430.4,,790.0
103.4,55.6,49.6,,,,324.9,633.2,100.7,83.0,,1406.4
176.1,26.9,80.7,,,,194.7,839.6,92.5,74.8,,1144.5
230.2,32.9,63.5,,,,78.4,874.9,80.1,424.2,,1530.2
180.6,46.3,46.3,,,,107.9,884.1,122.8,149.6,,883.6
111.2,59.7,29.1,,,,103.9,764.9,95.0,75.6,,844.4
99.8,104.6,69.0,,,,99.9,833.4,71.5,199.0,,1808.5
156.2,60.1,65.5,,,,95.9,862.1,88.5,287.5,,1096.3
224.5,30.9,34.6,,,,91.9,685.2,114.4,320.3,,874.9
187.4,66.7,48.2,,,,87.9,708.1,82.4,243.2,,1196.7
165.2,71.8,6.8,,,,83.9,852.2,82.4,345.7,,920.4
161.7,59.5,46.7,,,,79.9,904.3,84.3,309.2,,981.5
197.0,61.6,18.0,,,,75.9,762.3,82.6,224.6,,958.4
154.3,7.5,40.4,,,,71.9,721.9,98.1,61.1,,1419.4
95.9,33.35,62.8,,,,67.9,782.5,86.2,19.0,,930.6
130.7,59.2,56.8,,,,62.0,668.7,82.5,90.5,,1128.6
109.7,85.05000000000001,108.0,,,,56.1,789.1,86.0,291.5,,1363.7
69.6,110.9,113.5,,,,50.2,825.1,82.8,90.6,,815.3
106.5,45.2,73.8,,,,44.3,897.6,82.3,67.5,,1037.3
161.8,65.0,109.6,,,,56.13333333333333,878.1,82.5,82.3,,819.0
201.7,75.7,92.1,,,,67.96666666666667,517.9,86.0,69.7,,944.5
127.6,26.3,93.1,,,,79.8,797.8,71.5,82.4,,899.5
133.9,64.0,553.6,,,,79.69999999999999,954.4,117.6,72.3,,1140.8
136.8,79.4,112.2,,,,79.6,784.7,388.5,65.2,,940.4
141.3,69.30000000000001,138.3,,,,79.9,881.4,95.3,147.3,,784.7
125.6,59.2,240.4,,,,79.7,920.3,85.8,101.6,,940.3
412.2,29.2,467.7,,,,67.7,986.7,139.9,85.8,,1073.0
116.6,49.39999999999999,73.2,,,,55.7,1019.6,141.1,119.8,,704.4
105.5,69.6,154.2,,,,76.1,959.2,82.2,262.7,,775.0
108.1,69.2,296.9,,,,92.86666666666666,976.9,83.9,90.6,,798.8
148.7,124.5,189.2,,,,109.63333333333333,968.6,83.9,118.3,,809.8
215.1,102.3,73.6,,,,126.4,991.9,596.4,132.5,,1094.9
292.6,30.5,120.2,,,,125.2,1075.4,95.7,118.6,,1087.7
634.3,72.6,418.0,,,,120.65833333333332,1072.6,84.2,90.6,,881.5
189.8,97.5,364.8,,,,116.11666666666667,1065.7,83.9,90.4,,947.9
164.5,122.4,630.2,,,,111.575,1074.3,84.1,190.2,,1034.1
190.8,147.3,198.0,,,,107.03333333333332,1067.7,84.0,90.7,,876.2
138.5,64.1,491.3,,,,102.49166666666667,640.4,198.5,90.5,,1077.4
161.9,138.3,501.1,,,,97.95,583.8,81.9,90.4,,769.3
142.0,114.5,7498.5,,,,93.40833333333332,382.0,75.6,90.5,,885.3
166.5,90.7,,,,,88.86666666666667,785.6,70.2,91.8,,949.6
107.1,37.6,,,,,84.325,1127.5,84.0,123.7,,973.0
148.4,131.6,,,,,79.78333333333333,1056.3,183.6,99.5,,1110.7
194.6,98.0,,,,,75.24166666666667,968.3,117.8,90.6,,978.4
124.6,151.3,,,,,70.7,1052.8,218.8,141.4,,685.1
180.4,126.5,,,,,101.1625,1011.8,85.8,246.6,,1020.2
498.2,53.7,,,,,131.625,1020.3,82.4,660.9,,843.4
170.2,108.6,,,,,162.08749999999998,1014.9,166.1,121.9,,848.2
162.0,40.7,,,,,192.55,973.8,84.1,132.3,,549.6
157.6,179.6,,,,,223.0125,1019.5,84.3,100.4,,930.8
134.8,314.8,,,,,253.475,1035.6,84.1,118.9,,872.2
90.0,84.0,,,,,283.9375,949.9,84.2,94.0,,770.3
81.3,154.6,,,,,314.4,1054.5,268.0,28.4,,684.7
512.4,116.3,,,,,154.5,1034.5,172.4,151.0,,661.3
110.2,108.7,,,,,40.0,1002.7,197.4,159.2,,1337.9
91.9,314.3,,,,,38.0,991.2,251.7,305.0,,1125.2
180.7,127.0,,,,,139.3,1021.4,191.4,380.6,,1244.6
110.3,247.4,,,,,240.6,369.7,231.4,321.0,,959.5
544.6,146.7,,,,,140.0,858.8,216.6,346.5,,1228.1
105.4,172.8,,,,,39.4,267.0,176.3,330.1,,676.3
103.9,91.9,,,,,221.6,997.7,168.3,302.8,,733.1
159.1,103.9,,,,,79.7,968.1,133.9,114.6,,1499.7
192.0,652.6,,,,,150.9,978.5,277.5,143.1,,683.1
241.5,,,,,,222.1,822.9,442.4,90.7,,1180.0
148.0,,,,,,293.3,854.9,256.8,106.9,,937.5
154.2,,,,,,42.9,1018.9,293.8,70.7,,1213.9
149.4,,,,,,274.8,1044.3,262.2,274.6,,1010.7
165.9,,,,,,325.8,921.2,167.9,149.7,,1069.7
314.0,,,,,,386.8,989.5,85.9,133.9,,1826.0
162.4,,,,,,226.6,979.7,225.9,105.4,,1270.5
179.9,,,,,,501.5,1056.8,87.9,132.7,,1020.4
416.7,,,,,,37.8,1055.5,87.8,281.3,,1004.9
194.0,,,,,,47.8,1085.2,244.2,114.9,,1323.2
405.2,,,,,,63.8,985.6,88.1,138.7,,1823.1
170.0,,,,,,46.2,1114.7,243.7,98.2,,1400.9
143.1,,,,,,55.5,1034.7,88.0,280.6,,1458.0
759.8,,,,,,49.6,1146.8,157.6,278.0,,1320.3
532.9,,,,,,37.9,1047.9,198.7,98.7,,1738.0
,,,,,,37.8,1018.0,225.5,198.7,,1795.2
,,,,,,80.6,677.7,147.8,154.3,,1670.0
,,,,,,124.8,1139.7,116.8,113.0,,2562.1
,,,,,,86.75,873.5,131.2,121.0,,1577.5
,,,,,,48.7,1101.8,87.8,70.2,,1609.7
,,,,,,126.3,1382.7,207.8,112.5,,1498.1
,,,,,,126.2,1116.0,176.8,86.2,,1626.4
,,,,,,122.5,659.2,93.4,81.0,,1606.0
,,,,,,126.1,1213.6,160.8,138.9,,1579.4
,,,,,,126.1,1248.1,167.0,70.0,,1458.1
,,,,,,127.6,1109.3,170.8,114.9,,1280.8
,,,,,,108.23333333333332,999.7,100.8,189.7,,1215.8
,,,,,,88.86666666666667,1112.1,73.7,205.2,,1328.7
,,,,,,69.5,1070.0,95.7,238.4,,1119.3
,,,,,,69.3,940.7,87.8,219.6,,1415.2
,,,,,,69.25,1030.0,87.9,307.4,,1170.6
,,,,,,69.2,1075.0,591.3,239.8,,1295.3
,,,,,,71.2,1011.0,199.0,389.3,,1411.3
,,,,,,73.2,792.9,99.3,273.5,,1400.7
,,,,,,80.8,1147.5,246.4,231.5,,1130.3
,,,,,,80.7,1099.8,226.0,315.9,,1318.2
,,,,,,80.65,1150.1,199.1,217.2,,1486.8
,,,,,,80.6,1233.9,82.2,313.5,,1407.5
,,,,,,80.55,1154.9,120.0,272.5,,1390.2
,,,,,,80.5,1257.9,111.2,304.5,,1325.6
,,,,,,64.3,839.8,416.2,331.0,,989.5
,,,,,,248.6,1045.4,85.6,278.7,,917.5
,,,,,,64.3,1043.4,146.2,201.1,,1762.2
,,,,,,64.1,1105.3,81.0,413.7,,1338.9
,,,,,,96.3,1023.9,219.3,287.5,,1127.2
,,,,,,96.3,704.8,111.2,253.7,,987.2
,,,,,,95.0,497.2,83.7,103.0,,1354.0
,,,,,,96.1,1035.7,131.8,251.2,,1163.9
,,,,,,96.1,1065.8,67.9,284.3,,1197.5
,,,,,,110.3,1100.3,131.8,124.4,,2544.9
,,,,,,85.0,325.5,80.5,202.9,,1040.1
,,,,,,83.8,1044.0,80.6,248.3,,1351.2
,,,,,,85.2,569.5,111.2,794.1,,
,,,,,,246.7,198.2,67.8,380.7,,
,,,,,,116.4,934.7,94.4,287.7,,
,,,,,,281.6,1008.1,84.8,296.1,,
,,,,,,73.5,984.5,111.4,277.6,,
,,,,,,255.1,703.7,87.1,270.2,,
,,,,,,111.6,885.1,93.1,272.1,,
,,,,,,276.0,1104.6,94.4,128.7,,
,,,,,,96.3,1217.2,228.8,165.4,,
,,,,,,272.6,1139.1,302.0,130.7,,
,,,,,,116.4,996.9,130.6,170.8,,
,,,,,,258.1,1380.0,375.1,117.0,,
,,,,,,73.5,1365.8,260.0,119.1,,
,,,,,,114.2,1457.1,90.3,150.7,,
,,,,,,119.4,1463.3,90.4,138.7,,
,,,,,,286.4,1193.5,96.8,278.1,,
,,,,,,141.0,1145.0,134.1,153.2,,
,,,,,,136.0,1136.8,90.5,120.5,,
,,,,,,358.7,987.5,403.6,190.2,,
,,,,,,28.5,1016.7,101.3,169.2,,
,,,,,,103.4,1304.9,87.3,120.5,,
,,,,,,254.1,1232.7,93.3,131.8,,
,,,,,,315.7,956.2,87.3,521.9,,
,,,,,,109.1,923.4,219.2,340.9,,
,,,,,,92.6,855.5,218.5,236.2,,
,,,,,,113.1,977.0,87.3,129.1,,
,,,,,,109.0,585.5,93.4,306.5,,
,,,,,,250.4,891.1,90.5,124.4,,
,,,,,,108.9,619.1,311.5,171.6,,
,,,,,,109.6,890.8,344.1,156.4,,
,,,,,,236.3,560.1,342.7,214.8,,
,,,,,,285.1,605.3,87.3,222.9,,
,,,,,,88.2,992.1,51.8,210.3,,
,,,,,,112.6,938.0,93.3,213.7,,
,,,,,,109.0,876.0,360.9,253.9,,
,,,,,,109.0,968.1,68.9,299.0,,
,,,,,,83.4,801.4,310.7,262.7,,
,,,,,,252.8,1154.0,382.1,207.4,,
,,,,,,283.4,1086.0,204.9,239.8,,
,,,,,,251.8,1083.6,406.6,358.7,,
,,,,,,111.7,1040.5,211.5,420.3,,
,,,,,,108.9,1542.5,378.9,358.1,,
,,,,,,231.7,1160.6,205.1,389.5,,
,,,,,,231.5,1128.6,300.9,337.0,,
,,,,,,98.0,1326.2,276.3,349.4,,
,,,,,,109.0,1074.9,293.3,354.6,,
,,,,,,150.3,1401.0,519.6,357.7,,
,,,,,,191.6,1538.8,347.3,286.9,,
,,,,,,109.4,1324.0,368.1,572.1,,
,,,,,,113.1,1219.5,327.7,403.8,,
,,,,,,113.3,1140.6,334.7,403.9,,
,,,,,,118.4,1205.4,313.8,380.7,,
,,,,,,194.2,1169.7,329.5,452.2,,
,,,,,,307.0,1172.5,303.6,299.2,,
,,,,,,137.5,1290.3,321.8,379.5,,
,,,,,,124.4,1331.9,281.3,415.7,,
,,,,,,77.3,1306.0,335.3,369.2,,
,,,,,,137.2,1041.4,303.4,289.4,,
,,,,,,136.8,1123.0,324.7,258.5,,
,,,,,,339.4,1079.9,266.8,369.3,,
,,,,,,170.5,1018.1,343.4,429.3,,
,,,,,,240.4,959.7,438.6,315.6,,
,,,,,,167.1,1069.0,409.7,212.2,,
,,,,,,493.0,1374.8,346.0,298.0,,
,,,,,,156.4,1248.7,289.8,244.4,,
,,,,,,130.2,1110.5,536.8,271.3,,
,,,,,,295.5,1098.2,356.3,293.0,,
,,,,,,172.9,1113.7,330.7,466.9,,
,,,,,,206.1,1062.4,415.7,164.4,,
,,,,,,170.8,1115.5,319.3,219.7,,
,,,,,,183.5,1144.3,341.6,327.2,,
,,,,,,109.1,1009.0,355.7,211.8,,
,,,,,,109.3,1055.6,357.1,239.7,,
,,,,,,110.2,1014.4,348.2,344.8,,
,,,,,,109.0,1010.5,299.5,363.0,,
,,,,,,109.2,1145.7,398.1,289.1,,
,,,,,,109.0,994.5,342.7,275.6,,
,,,,,,101.8,1030.2,296.1,355.2,,
,,,,,,163.4,1016.8,323.4,336.5,,
,,,,,,109.0,1008.5,328.5,265.8,,
,,,,,,77.8,1054.4,352.9,190.7,,
,,,,,,77.8,1053.0,454.5,175.3,,
,,,,,,77.8,1015.9,356.9,111.7,,
,,,,,,87.2,1017.0,334.7,377.2,,
,,,,,,77.9,1041.8,273.2,310.6,,
,,,,,,77.9,1039.1,278.9,274.3,,
,,,,,,109.2,1150.2,306.7,186.1,,
,,,,,,105.3,1102.3,247.6,254.9,,
,,,,,,107.4,1109.9,388.5,115.1,,
,,,,,,120.0,1120.8,286.9,117.1,,
,,,,,,203.3,1126.2,162.6,117.0,,
,,,,,,134.2,1125.5,188.0,148.2,,
,,,,,,166.2,1139.3,307.5,236.2,,
,,,,,,196.8,1115.1,419.7,324.6,,
,,,,,,288.4,1064.0,367.5,293.0,,
,,,,,,242.2,932.9,371.6,344.1,,
,,,,,,144.2,945.1,302.6,256.2,,
,,,,,,171.8,1128.4,213.2,612.9,,
,,,,,,334.8,1001.4,411.7,300.8,,
,,,,,,280.1,1179.2,296.7,257.4,,
,,,,,,319.0,1154.6,356.3,196.6,,
,,,,,,119.6,1148.6,476.1,137.9,,
,,,,,,326.7,1037.0,458.9,234.3,,
,,,,,,176.0,1137.2,373.9,117.3,,
,,,,,,102.7,1098.8,377.8,225.5,,
,,,,,,102.6,1102.2,374.3,366.5,,
,,,,,,102.6,1074.0,279.6,113.3,,
,,,,,,191.8,1232.8,302.7,261.5,,
,,,,,,211.4,1091.4,804.6,293.9,,
,,,,,,255.8,1143.1,764.7,259.5,,
,,,,,,342.5,1154.9,631.4,435.8,,
,,,,,,348.5,1128.2,,239.2,,
,,,,,,343.2,1218.7,,164.2,,
,,,,,,103.5,961.7,,258.0,,
,,,,,,356.2,1159.7,,319.5,,
,,,,,,352.5,1118.3,,205.9,,
,,,,,,409.2,1215.8,,250.1,,
,,,,,,318.8,1106.3,,279.2,,
,,,,,,368.0,1139.4,,362.7,,
,,,,,,79.6,1153.8,,186.0,,
,,,,,,79.6,1139.3,,290.9,,
,,,,,,312.8,1078.3,,236.1,,
,,,,,,396.4,1121.2,,215.2,,
,,,,,,293.7,1033.2,,242.1,,
,,,,,,86.9,1149.5,,313.0,,
,,,,,,729.5,1100.5,,271.6,,
,,,,,,142.2,1142.8,,128.6,,
,,,,,,140.5,1109.8,,177.5,,
,,,,,,362.8,1164.8,,323.7,,
,,,,,,312.8,1133.8,,275.8,,
,,,,,,235.0,1150.0,,269.1,,
,,,,,,497.3,1081.1,,350.6,,
,,,,,,417.0,1097.6,,277.3,,
,,,,,,405.5,1160.8,,167.1,,
,,,,,,342.8,1085.7,,233.9,,
,,,,,,534.3,1198.6,,270.9,,
,,,,,,408.5,1049.2,,282.5,,
,,,,,,795.8,1198.1,,431.9,,
,,,,,,487.6,1155.2,,217.8,,
,,,,,,244.0,1026.3,,445.9,,
,,,,,,263.2,1117.0,,239.9,,
,,,,,,544.6,1194.1,,240.6,,
,,,,,,379.2,1149.8,,145.2,,
,,,,,,331.1,1161.6,,321.0,,
,,,,,,204.9,1007.7,,287.9,,
,,,,,,250.3,1154.5,,303.4,,
,,,,,,327.3,991.2,,212.0,,
,,,,,,303.5,1152.6,,419.6,,
,,,,,,360.4,1106.7,,121.7,,
,,,,,,434.9,1149.8,,239.2,,
,,,,,,250.0,1158.6,,198.4,,
,,,,,,345.2,1092.6,,268.5,,
,,,,,,310.5,1207.8,,167.2,,
,,,,,,329.3,1069.6,,284.5,,
,,,,,,208.6,1121.3,,310.3,,
,,,,,,587.7,1148.9,,296.4,,
,,,,,,102.1,1328.4,,251.5,,
,,,,,,145.0,1158.1,,764.8,,
,,,,,,658.4,1130.5,,179.8,,
,,,,,,834.5,1166.6,,255.6,,
,,,,,,752.4,1050.0,,312.2,,
,,,,,,418.6,1155.9,,138.7,,
,,,,,,675.9,1071.4,,684.4,,
,,,,,,583.9,1100.4,,340.7,,
,,,,,,730.7,1170.3,,500.6,,
,,,,,,526.5,1161.0,,306.9,,
,,,,,,481.1,1145.5,,494.6,,
,,,,,,557.6,1074.2,,381.6,,
,,,,,,487.6,1104.4,,343.6,,
,,,,,,397.3,1146.9,,584.3,,
,,,,,,244.1,1021.7,,695.1,,
,,,,,,374.3,1188.6,,335.6,,
,,,,,,260.7,1315.7,,319.3,,
,,,,,,257.7,928.3,,327.3,,
,,,,,,255.2,1130.2,,482.0,,
,,,,,,369.1,1157.6,,507.3,,
,,,,,,368.9,1310.1,,481.6,,
,,,,,,436.9,1145.5,,328.1,,
,,,,,,540.9,1009.7,,300.0,,
,,,,,,446.6,1199.7,,506.8,,
,,,,,,280.0,1088.8,,425.6,,
,,,,,,274.8,1051.2,,472.0,,
,,,,,,526.9,1108.9,,364.5,,
,,,,,,458.1,1124.4,,342.8,,
,,,,,,210.2,968.2,,318.6,,
,,,,,,506.0,1081.5,,458.7,,
,,,,,,266.9,1134.1,,453.5,,
,,,,,,268.3,982.9,,529.3,,
,,,,,,366.9,1106.4,,410.3,,
,,,,,,119.2,1082.1,,498.0,,
,,,,,,103.4,1105.7,,371.7,,
,,,,,,192.5,975.3,,103.9,,
,,,,,,272.5,1148.5,,82.2,,
,,,,,,221.0,1132.9,,247.2,,
,,,,,,342.5,1056.3,,143.0,,
,,,,,,497.0,1124.3,,104.4,,
,,,,,,445.3,1154.6,,511.9,,
,,,,,,461.6,1136.0,,77.0,,
,,,,,,291.6,1138.6,,90.6,,
,,,,,,592.3,1161.8,,115.6,,
,,,,,,260.5,1161.0,,76.9,,
,,,,,,451.5,1154.9,,231.7,,
,,,,,,422.7,1147.0,,116.0,,
,,,,,,422.8,1127.1,,314.6,,
,,,,,,285.1,1071.2,,349.1,,
,,,,,,250.9,1151.4,,705.2,,
,,,,,,196.6,1155.1,,356.9,,
,,,,,,281.9,1126.8,,491.0,,
,,,,,,203.8,1141.6,,544.7,,
,,,,,,180.0,1090.9,,471.7,,
,,,,,,445.1,1149.5,,551.3,,
,,,,,,247.3,1119.0,,468.8,,
,,,,,,278.4,1105.3,,456.5,,
,,,,,,520.2,1120.4,,600.4,,
,,,,,,290.0,1068.4,,345.7,,
,,,,,,117.3,1154.9,,477.2,,
,,,,,,514.8,1140.9,,305.1,,
,,,,,,344.2,1144.0,,630.2,,
,,,,,,393.1,1145.1,,555.1,,
,,,,,,346.2,1140.4,,428.2,,
,,,,,,375.4,1133.3,,261.9,,
,,,,,,424.6,1139.9,,246.3,,
,,,,,,337.9,1052.2,,94.8,,
,,,,,,390.2,1119.1,,161.1,,
,,,,,,320.0,1114.6,,187.4,,
,,,,,,417.8,1097.6,,90.2,,
,,,,,,348.8,1040.0,,254.9,,
,,,,,,276.5,1108.5,,473.0,,
,,,,,,341.1,1107.9,,276.5,,
,,,,,,331.5,1141.6,,95.5,,
,,,,,,333.7,1155.7,,77.4,,
,,,,,,343.4,1154.9,,86.0,,
,,,,,,467.8,1119.4,,110.8,,
,,,,,,765.8,1150.0,,145.1,,
,,,,,,397.6,1154.5,,240.4,,
,,,,,,506.0,1127.2,,261.3,,
,,,,,,482.3,1086.9,,270.0,,
,,,,,,500.9,1126.5,,67.7,,
,,,,,,566.0,1126.7,,273.5,,
,,,,,,642.1,1093.3,,258.5,,
,,,,,,252.4,1125.5,,242.3,,
,,,,,,445.1,1147.9,,115.4,,
,,,,,,519.1,1116.1,,93.9,,
,,,,,,461.2,1134.8,,330.6,,
,,,,,,438.6,1206.7,,132.4,,
,,,,,,430.3,1146.0,,146.7,,
,,,,,,235.2,1236.4,,251.7,,
,,,,,,352.4,943.6,,202.7,,
,,,,,,280.1,1166.7,,135.2,,
,,,,,,215.2,1047.3,,344.6,,
,,,,,,333.0,1086.8,,122.4,,
,,,,,,558.3,1090.6,,294.5,,
,,,,,,557.9,1116.1,,338.4,,
,,,,,,429.7,1115.8,,227.8,,
,,,,,,443.8,1102.7,,297.3,,
,,,,,,310.8,1153.6,,371.1,,
,,,,,,352.0,985.6,,218.5,,
,,,,,,377.1,1249.3,,427.6,,
,,,,,,340.6,1077.1,,107.4,,
,,,,,,352.7,1006.6,,322.0,,
,,,,,,219.9,1176.2,,138.4,,
,,,,,,359.7,990.9,,152.6,,
,,,,,,265.6,1133.5,,365.9,,
,,,,,,308.5,1091.3,,324.7,,
,,,,,,323.8,1155.0,,544.1,,
,,,,,,228.0,1006.4,,541.9,,
,,,,,,426.8,1048.8,,539.2,,
,,,,,,366.9,938.5,,541.0,,
,,,,,,813.5,975.6,,537.1,,
,,,,,,401.9,851.4,,443.9,,
,,,,,,362.0,1012.0,,890.4,,
,,,,,,314.8,751.4,,354.2,,
,,,,,,442.3,990.6,,324.8,,
,,,,,,219.6,1089.3,,407.0,,
,,,,,,453.6,1017.1,,333.4,,
,,,,,,232.5,1150.3,,278.4,,
,,,,,,251.7,1081.7,,340.8,,
,,,,,,514.0,1146.7,,387.0,,
,,,,,,240.1,1072.9,,319.4,,
,,,,,,283.9,1100.3,,529.0,,
,,,,,,482.4,1145.7,,329.5,,
,,,,,,239.6,1152.3,,647.8,,
,,,,,,93.1,1309.6,,390.2,,
,,,,,,141.0,1220.1,,513.9,,
,,,,,,244.4,1087.6,,744.5,,
,,,,,,399.1,1220.3,,450.4,,
,,,,,,614.6,1123.1,,734.6,,
,,,,,,390.2,1147.9,,301.2,,
,,,,,,559.1,1041.6,,725.1,,
,,,,,,714.7,1102.9,,277.5,,
,,,,,,494.7,1037.0,,659.8,,
,,,,,,519.5,1215.7,,590.0,,
,,,,,,530.6,1069.4,,369.3,,
,,,,,,661.8,1083.4,,451.0,,
,,,,,,385.0,1072.0,,1095.9,,
,,,,,,373.6,1372.6,,390.3,,
,,,,,,483.7,1107.2,,1106.9,,
,,,,,,468.5,1423.0,,351.5,,
,,,,,,662.1,938.9,,401.7,,
,,,,,,490.2,718.7,,978.3,,
,,,,,,438.7,1136.9,,555.4,,
,,,,,,585.0,1083.5,,1229.6,,
,,,,,,434.3,1761.9,,602.1,,
,,,,,,437.0,953.8,,426.4,,
,,,,,,332.3,1041.2,,577.9,,
,,,,,,481.9,1361.1,,491.0,,
,,,,,,281.6,1361.1,,434.3,,
,,,,,,331.9,1157.3,,390.5,,
,,,,,,257.7,690.7,,447.2,,
,,,,,,264.1,1132.3,,398.6,,
,,,,,,261.6,1102.5,,1724.6,,
,,,,,,245.0,1101.4,,695.2,,
,,,,,,237.1,1100.4,,365.3,,
,,,,,,237.3,883.4,,534.6,,
,,,,,,250.8,889.6,,441.2,,
,,,,,,380.2,537.4,,156.4,,
,,,,,,327.9,1140.5,,495.0,,
,,,,,,448.4,824.1,,495.5,,
,,,,,,498.8,866.4,,305.2,,
,,,,,,293.5,1085.2,,296.3,,
,,,,,,301.0,1276.6,,713.5,,
,,,,,,328.2,954.9,,223.8,,
,,,,,,283.2,1078.7,,290.7,,
,,,,,,265.0,916.9,,308.0,,
,,,,,,202.0,972.2,,344.6,,
,,,,,,206.5,666.6,,432.9,,
,,,,,,369.4,1012.6,,1501.8,,
,,,,,,268.8,931.8,,363.5,,
,,,,,,297.5,1062.2,,323.5,,
,,,,,,175.5,1197.7,,325.7,,
,,,,,,300.5,983.3,,309.2,,
,,,,,,337.6,1268.4,,522.1,,
,,,,,,616.5,1164.4,,497.0,,
,,,,,,368.3,1219.6,,311.4,,
,,,,,,441.6,1228.3,,408.4,,
,,,,,,498.1,1138.5,,492.6,,
,,,,,,378.0,1281.4,,346.2,,
,,,,,,269.3,1171.5,,482.1,,
,,,,,,445.2,1102.8,,383.8,,
,,,,,,521.0,948.4,,530.8,,
,,,,,,350.1,1039.8,,524.9,,
,,,,,,345.4,1387.6,,525.6,,
,,,,,,395.7,471.2,,553.4,,
,,,,,,321.9,866.8,,618.2,,
,,,,,,274.3,1185.7,,525.9,,
,,,,,,304.2,1062.2,,553.0,,
,,,,,,161.0,1039.6,,536.9,,
,,,,,,132.2,763.8,,603.7,,
,,,,,,236.2,641.0,,563.6,,
,,,,,,268.4,931.0,,563.7,,
,,,,,,200.4,959.1,,643.4,,
,,,,,,275.3,504.3,,556.8,,
,,,,,,264.3,952.2,,542.9,,
,,,,,,312.9,975.9,,539.2,,
,,,,,,105.8,586.5,,541.3,,
,,,,,,111.7,813.8,,547.2,,
,,,,,,296.2,1145.2,,548.0,,
,,,,,,237.4,987.9,,542.5,,
,,,,,,151.7,995.3,,542.7,,
,,,,,,217.0,965.0,,545.1,,
,,,,,,373.9,655.5,,548.1,,
,,,,,,379.6,1064.0,,553.9,,
,,,,,,325.7,745.5,,550.4,,
,,,,,,219.2,919.7,,584.8,,
,,,,,,212.9,806.9,,540.4,,
,,,,,,327.1,887.0,,540.8,,
,,,,,,541.2,426.0,,467.5,,
,,,,,,562.6,680.4,,510.6,,
,,,,,,499.1,712.6,,542.6,,
,,,,,,418.1,815.7,,558.4,,
,,,,,,807.8,1451.6,,521.9,,
,,,,,,255.3,725.7,,533.4,,
,,,,,,272.6,952.3,,543.8,,
,,,,,,74.5,804.3,,559.9,,
,,,,,,74.7,957.5,,556.0,,
,,,,,,279.5,750.9,,584.9,,
,,,,,,304.1,893.1,,789.5,,
,,,,,,721.2,834.5,,657.2,,
,,,,,,370.6,646.8,,566.8,,
,,,,,,236.2,1022.6,,839.1,,
,,,,,,389.1,963.4,,722.8,,
,,,,,,420.8,1242.4,,801.7,,
,,,,,,386.6,710.3,,720.8,,
,,,,,,382.3,1073.6,,824.5,,
,,,,,,319.6,1035.8,,721.3,,
,,,,,,441.5,867.2,,605.8,,
,,,,,,394.2,975.1,,541.8,,
,,,,,,104.0,1243.4,,758.3,,
,,,,,,436.7,765.9,,679.4,,
,,,,,,522.9,1187.8,,972.0,,
,,,,,,532.9,762.1,,801.8,,
,,,,,,896.1,800.3,,631.3,,
,,,,,,757.1,818.9,,1618.1,,
,,,,,,798.2,1040.0,,895.9,,
,,,,,,676.7,1124.8,,831.0,,
,,,,,,800.5,1137.6,,816.0,,
,,,,,,,379.3,,757.1,,
,,,,,,,326.3,,658.5,,
,,,,,,,509.1,,680.6,,
,,,,,,,416.5,,559.9,,
,,,,,,,563.0,,573.5,,
,,,,,,,654.6,,915.0,,
,,,,,,,460.0,,813.2,,
,,,,,,,1042.9,,638.9,,
,,,,,,,623.9,,648.1,,
,,,,,,,1040.4,,813.0,,
,,,,,,,660.9,,815.0,,
,,,,,,,545.1,,551.2,,
,,,,,,,754.0,,682.8,,
,,,,,,,681.6,,729.6,,
,,,,,,,654.3,,539.4,,
,,,,,,,655.4,,581.4,,
,,,,,,,362.8,,649.5,,
,,,,,,,385.8,,861.2,,
,,,,,,,426.8,,967.2,,
,,,,,,,535.2,,550.6,,
,,,,,,,395.9,,565.5,,
,,,,,,,479.2,,594.8,,
,,,,,,,408.6,,640.6,,
,,,,,,,365.9,,869.4,,
,,,,,,,415.2,,755.8,,
,,,,,,,384.7,,1003.8,,
,,,,,,,486.5,,615.8,,
,,,,,,,474.0,,644.4,,
,,,,,,,683.2,,548.8,,
,,,,,,,584.5,,533.5,,
,,,,,,,663.1,,599.1,,
,,,,,,,357.8,,591.7,,
,,,,,,,1068.7,,661.4,,
,,,,,,,421.4,,694.2,,
,,,,,,,486.6,,806.3,,
,,,,,,,637.1,,846.7,,
,,,,,,,579.0,,658.5,,
,,,,,,,412.0,,628.5,,
,,,,,,,413.2,,776.6,,
,,,,,,,614.7,,639.7,,
,,,,,,,339.3,,635.0,,
,,,,,,,431.4,,616.1,,
,,,,,,,583.6,,737.4,,
,,,,,,,359.4,,890.4,,
,,,,,,,409.9,,685.5,,
,,,,,,,703.8,,653.8,,
,,,,,,,515.3,,578.2,,
,,,,,,,374.8,,665.7,,
,,,,,,,353.8,,548.9,,
,,,,,,,396.0,,722.3,,
,,,,,,,1017.7,,574.2,,
,,,,,,,365.0,,548.8,,
,,,,,,,496.4,,563.8,,
,,,,,,,517.6,,535.4,,
,,,,,,,801.7,,536.3,,
,,,,,,,520.5,,519.9,,
,,,,,,,543.5,,573.3,,
,,,,,,,747.2,,617.2,,
,,,,,,,584.9,,505.6,,
,,,,,,,478.1,,426.0,,
,,,,,,,436.3,,521.9,,
,,,,,,,505.9,,420.1,,
,,,,,,,543.1,,546.1,,
,,,,,,,1005.6,,574.0,,
,,,,,,,742.7,,567.6,,
,,,,,,,880.1,,572.1,,
,,,,,,,860.6,,870.9,,
,,,,,,,472.5,,772.9,,
,,,,,,,519.4,,978.9,,
,,,,,,,389.0,,514.9,,
,,,,,,,549.9,,547.2,,
,,,,,,,484.2,,522.5,,
,,,,,,,403.1,,586.9,,
,,,,,,,334.8,,683.9,,
,,,,,,,295.4,,707.0,,
,,,,,,,627.9,,687.5,,
,,,,,,,876.3,,803.3,,
,,,,,,,1074.1,,824.2,,
,,,,,,,473.9,,510.0,,
,,,,,,,1163.4,,404.7,,
,,,,,,,1139.3,,1024.0,,
,,,,,,,538.1,,341.2,,
,,,,,,,1113.0,,826.5,,
,,,,,,,663.3,,428.0,,
,,,,,,,583.7,,691.9,,
,,,,,,,707.7,,562.7,,
,,,,,,,754.7,,454.1,,
,,,,,,,850.6,,551.0,,
,,,,,,,776.7,,470.6,,
,,,,,,,717.8,,586.2,,
,,,,,,,657.6,,515.4,,
,,,,,,,759.7,,600.2,,
,,,,,,,1053.1,,578.5,,
,,,,,,,1111.8,,645.4,,
,,,,,,,571.0,,582.0,,
,,,,,,,765.9,,657.9,,
,,,,,,,705.7,,715.6,,
,,,,,,,879.6,,612.0,,
,,,,,,,958.2,,652.5,,
,,,,,,,775.9,,499.6,,
,,,,,,,1071.3,,668.7,,
,,,,,,,1127.4,,747.6,,
,,,,,,,1201.0,,420.0,,
,,,,,,,692.4,,526.8,,
,,,,,,,1113.9,,593.5,,
,,,,,,,516.5,,648.9,,
,,,,,,,628.9,,634.7,,
,,,,,,,759.4,,1724.7,,
,,,,,,,755.0,,646.5,,
,,,,,,,897.6,,750.9,,
,,,,,,,810.3,,592.2,,
,,,,,,,775.4,,743.0,,
,,,,,,,894.3,,645.7,,
,,,,,,,1032.3,,624.2,,
,,,,,,,1123.9,,441.8,,
,,,,,,,914.0,,552.3,,
,,,,,,,911.2,,635.4,,
,,,,,,,615.4,,820.2,,
,,,,,,,745.7,,799.1,,
,,,,,,,975.6,,650.1,,
,,,,,,,1044.2,,703.1,,
,,,,,,,915.8,,746.7,,
,,,,,,,841.6,,784.3,,
,,,,,,,1104.2,,810.7,,
,,,,,,,972.9,,888.9,,
,,,,,,,1202.8,,787.3,,
,,,,,,,1037.5,,689.8,,
,,,,,,,1037.2,,672.5,,
,,,,,,,708.7,,460.8,,
,,,,,,,892.0,,734.6,,
,,,,,,,817.6,,881.6,,
,,,,,,,1102.2,,671.3,,
,,,,,,,902.6,,932.7,,
,,,,,,,975.3,,1181.3,,
,,,,,,,1057.1,,817.5,,
,,,,,,,821.9,,989.3,,
,,,,,,,731.9,,939.7,,
,,,,,,,627.5,,963.5,,
,,,,,,,1121.0,,1001.0,,
,,,,,,,762.5,,815.6,,
,,,,,,,847.0,,1084.5,,
,,,,,,,1150.1,,1280.8,,
,,,,,,,1172.6,,670.8,,
,,,,,,,805.7,,668.3,,
,,,,,,,1104.6,,899.4,,
,,,,,,,1075.5,,544.9,,
,,,,,,,1215.2,,420.3,,
,,,,,,,1192.3,,492.9,,
,,,,,,,623.5,,1049.8,,
,,,,,,,605.6,,551.3,,
,,,,,,,863.1,,561.0,,
,,,,,,,730.3,,804.6,,
,,,,,,,1099.7,,467.0,,
,,,,,,,720.2,,510.2,,
,,,,,,,1021.8,,526.0,,
,,,,,,,558.4,,569.7,,
,,,,,,,1281.7,,1357.7,,
,,,,,,,575.8,,644.0,,
,,,,,,,1006.2,,790.1,,
,,,,,,,1104.1,,826.2,,
,,,,,,,841.0,,641.0,,
,,,,,,,439.1,,656.7,,
,,,,,,,443.5,,856.8,,
,,,,,,,851.0,,862.5,,
,,,,,,,572.2,,1152.5,,
,,,,,,,537.5,,1073.0,,
,,,,,,,526.9,,777.4,,
,,,,,,,787.2,,798.6,,
,,,,,,,596.6,,610.5,,
,,,,,,,1002.8,,709.1,,
,,,,,,,592.4,,647.8,,
,,,,,,,473.5,,596.3,,
,,,,,,,558.6,,566.0,,
,,,,,,,581.1,,571.0,,
,,,,,,,399.4,,548.2,,
,,,,,,,404.9,,581.8,,
,,,,,,,461.6,,563.4,,
,,,,,,,1050.6,,773.3,,
,,,,,,,602.6,,571.1,,
,,,,,,,534.2,,539.2,,
,,,,,,,1085.0,,524.0,,
,,,,,,,966.5,,534.1,,
,,,,,,,931.8,,537.3,,
,,,,,,,1098.4,,661.9,,
,,,,,,,1068.5,,527.9,,
,,,,,,,1018.9,,527.1,,
,,,,,,,1027.4,,582.6,,
,,,,,,,1209.0,,725.1,,
,,,,,,,1197.2,,559.1,,
,,,,,,,1180.4,,595.3,,
,,,,,,,1339.7,,534.5,,
,,,,,,,1231.6,,554.1,,
,,,,,,,1252.2,,528.8,,
,,,,,,,1043.7,,526.4,,
,,,,,,,1173.7,,571.1,,
,,,,,,,1058.2,,970.6,,
,,,,,,,993.0,,523.9,,
,,,,,,,1031.3,,552.7,,
,,,,,,,1052.8,,548.8,,
,,,,,,,1100.9,,561.7,,
,,,,,,,1225.7,,577.4,,
,,,,,,,1241.0,,563.1,,
,,,,,,,1089.5,,529.1,,
,,,,,,,1021.5,,557.3,,
,,,,,,,1181.1,,474.0,,
,,,,,,,1115.9,,463.2,,
,,,,,,,970.2,,520.1,,
,,,,,,,1104.1,,564.7,,
,,,,,,,973.1,,588.3,,
,,,,,,,1138.8,,562.5,,
,,,,,,,474.4,,561.0,,
,,,,,,,968.1,,564.5,,
,,,,,,,912.5,,574.3,,
,,,,,,,452.7,,606.1,,
,,,,,,,1188.3,,441.2,,
,,,,,,,566.0,,354.6,,
,,,,,,,512.8,,298.9,,
,,,,,,,405.2,,488.6,,
,,,,,,,523.5,,212.2,,
,,,,,,,467.1,,499.4,,
,,,,,,,665.4,,488.4,,
,,,,,,,502.0,,685.4,,
,,,,,,,1039.1,,676.1,,
,,,,,,,233.6,,429.2,,
,,,,,,,397.5,,485.7,,
,,,,,,,284.7,,420.0,,
,,,,,,,384.0,,622.7,,
,,,,,,,331.9,,479.2,,
,,,,,,,284.3,,384.5,,
,,,,,,,383.4,,408.3,,
,,,,,,,282.1,,407.7,,
,,,,,,,335.2,,431.3,,
,,,,,,,306.7,,477.8,,
,,,,,,,316.9,,425.4,,
,,,,,,,600.9,,477.3,,
,,,,,,,525.2,,484.4,,
,,,,,,,335.8,,472.7,,
,,,,,,,740.6,,479.1,,
,,,,,,,543.0,,480.7,,
,,,,,,,475.1,,546.4,,
,,,,,,,461.2,,402.2,,
,,,,,,,532.8,,456.8,,
,,,,,,,524.0,,551.8,,
,,,,,,,371.2,,640.8,,
,,,,,,,901.4,,439.4,,
,,,,,,,502.2,,450.2,,
,,,,,,,1269.6,,554.1,,
,,,,,,,793.3,,556.4,,
,,,,,,,802.6,,505.1,,
,,,,,,,688.0,,701.7,,
,,,,,,,919.6,,540.5,,
,,,,,,,488.6,,550.9,,
,,,,,,,1569.4,,467.9,,
,,,,,,,871.1,,572.2,,
,,,,,,,690.2,,588.4,,
,,,,,,,842.4,,570.2,,
,,,,,,,990.0,,567.7,,
,,,,,,,988.9,,538.6,,
,,,,,,,846.5,,608.3,,
,,,,,,,914.9,,592.3,,
,,,,,,,1233.8,,557.0,,
,,,,,,,1086.4,,530.1,,
,,,,,,,1160.1,,545.7,,
,,,,,,,1006.7,,548.8,,
,,,,,,,990.7,,535.3,,
,,,,,,,1111.5,,463.0,,
,,,,,,,1290.3,,485.2,,
,,,,,,,1003.5,,546.6,,
,,,,,,,832.3,,507.9,,
,,,,,,,1130.0,,543.6,,
,,,,,,,1538.2,,598.0,,
,,,,,,,1220.4,,564.9,,
,,,,,,,1440.1,,576.3,,
,,,,,,,1479.6,,616.2,,
,,,,,,,1519.8,,488.9,,
,,,,,,,1063.8,,557.8,,
,,,,,,,1061.4,,472.7,,
,,,,,,,930.3,,605.1,,
,,,,,,,1001.5,,536.9,,
,,,,,,,810.2,,569.5,,
,,,,,,,522.3,,574.5,,
,,,,,,,570.2,,627.0,,
,,,,,,,756.7,,540.2,,
,,,,,,,570.2,,527.6,,
,,,,,,,,,559.7,,
,,,,,,,,,491.8,,
,,,,,,,,,556.7,,
,,,,,,,,,528.7,,
,,,,,,,,,481.2,,
,,,,,,,,,541.6,,
,,,,,,,,,615.8,,
,,,,,,,,,721.5,,
,,,,,,,,,731.8,,
,,,,,,,,,686.0,,
,,,,,,,,,697.1,,
,,,,,,,,,687.0,,
,,,,,,,,,586.9,,
,,,,,,,,,608.0,,
,,,,,,,,,805.1,,
,,,,,,,,,660.1,,
,,,,,,,,,549.8,,
,,,,,,,,,527.4,,
,,,,,,,,,655.5,,
,,,,,,,,,658.4,,
,,,,,,,,,625.9,,
,,,,,,,,,620.0,,
,,,,,,,,,631.6,,
,,,,,,,,,572.8,,
,,,,,,,,,557.3,,
,,,,,,,,,392.4,,
,,,,,,,,,897.1,,
,,,,,,,,,808.3,,
,,,,,,,,,816.0,,
,,,,,,,,,811.8,,
,,,,,,,,,823.0,,
,,,,,,,,,821.1,,
,,,,,,,,,826.9,,
,,,,,,,,,806.5,,
,,,,,,,,,909.6,,
,,,,,,,,,824.1,,
,,,,,,,,,822.3,,
,,,,,,,,,825.7,,
,,,,,,,,,735.1,,
,,,,,,,,,829.7,,
,,,,,,,,,748.8,,
,,,,,,,,,757.3,,
,,,,,,,,,726.3,,
,,,,,,,,,726.7,,
,,,,,,,,,722.0,,
,,,,,,,,,730.0,,
,,,,,,,,,756.1,,
,,,,,,,,,1018.7,,
,,,,,,,,,748.9,,
,,,,,,,,,719.0,,
,,,,,,,,,745.7,,
,,,,,,,,,748.8,,
,,,,,,,,,753.7,,
,,,,,,,,,688.8,,
,,,,,,,,,555.0,,
,,,,,,,,,840.2,,
,,,,,,,,,921.9,,
,,,,,,,,,841.7,,
,,,,,,,,,762.4,,
,,,,,,,,,800.9,,
,,,,,,,,,768.4,,
,,,,,,,,,788.0,,
,,,,,,,,,893.5,,
,,,,,,,,,861.4,,
,,,,,,,,,833.9,,
,,,,,,,,,738.0,,
,,,,,,,,,727.6,,
,,,,,,,,,772.7,,
,,,,,,,,,660.3,,
,,,,,,,,,691.7,,
,,,,,,,,,576.1,,
,,,,,,,,,691.4,,
,,,,,,,,,940.2,,
,,,,,,,,,844.3,,
,,,,,,,,,713.0,,
,,,,,,,,,648.2,,
,,,,,,,,,779.3,,
,,,,,,,,,862.1,,
,,,,,,,,,686.7,,
,,,,,,,,,715.4,,
,,,,,,,,,628.2,,
,,,,,,,,,902.2,,
,,,,,,,,,733.4,,
,,,,,,,,,742.6,,
,,,,,,,,,780.1,,
,,,,,,,,,920.4,,
,,,,,,,,,824.3,,
,,,,,,,,,913.8,,
,,,,,,,,,843.4,,
,,,,,,,,,898.7,,
,,,,,,,,,918.6,,
,,,,,,,,,755.0,,
,,,,,,,,,771.1,,
,,,,,,,,,815.5,,
,,,,,,,,,1022.8,,
,,,,,,,,,816.5,,
,,,,,,,,,858.9,,
,,,,,,,,,829.8,,
,,,,,,,,,903.7,,
,,,,,,,,,916.4,,
,,,,,,,,,855.4,,
,,,,,,,,,826.9,,
,,,,,,,,,869.0,,
,,,,,,,,,1013.6,,
,,,,,,,,,896.1,,
,,,,,,,,,1080.8,,
,,,,,,,,,926.7,,
,,,,,,,,,935.6,,
,,,,,,,,,776.3,,
,,,,,,,,,768.6,,
,,,,,,,,,895.4,,
,,,,,,,,,821.3,,
,,,,,,,,,919.3,,
,,,,,,,,,701.4,,
,,,,,,,,,849.4,,
,,,,,,,,,828.0,,
,,,,,,,,,790.9,,
,,,,,,,,,1074.4,,
,,,,,,,,,972.9,,
,,,,,,,,,1162.7,,
,,,,,,,,,978.1,,
,,,,,,,,,1195.4,,
,,,,,,,,,1245.4,,
,,,,,,,,,1244.7,,
,,,,,,,,,1140.4,,
,,,,,,,,,1091.2,,
,,,,,,,,,995.8,,
,,,,,,,,,1072.3,,
,,,,,,,,,1045.0,,
,,,,,,,,,1048.7,,
,,,,,,,,,1061.4,,
,,,,,,,,,897.8,,
,,,,,,,,,842.2,,
,,,,,,,,,996.3,,
,,,,,,,,,950.0,,
,,,,,,,,,928.1,,
,,,,,,,,,1223.8,,
,,,,,,,,,1101.7,,
,,,,,,,,,763.5,,
,,,,,,,,,816.1,,
,,,,,,,,,869.5,,
,,,,,,,,,903.5,,
,,,,,,,,,1332.1,,
,,,,,,,,,1005.4,,
,,,,,,,,,803.1,,
,,,,,,,,,942.3,,
,,,,,,,,,829.6,,
,,,,,,,,,800.9,,
,,,,,,,,,868.1,,
,,,,,,,,,917.4,,
,,,,,,,,,932.5,,
,,,,,,,,,1004.4,,
,,,,,,,,,1020.9,,
,,,,,,,,,1187.5,,
,,,,,,,,,811.6,,
,,,,,,,,,1013.7,,
,,,,,,,,,938.6,,
,,,,,,,,,908.6,,
,,,,,,,,,901.3,,
,,,,,,,,,987.0,,
,,,,,,,,,1123.1,,
,,,,,,,,,1182.1,,
,,,,,,,,,841.4,,
,,,,,,,,,925.8,,
,,,,,,,,,926.5,,
,,,,,,,,,861.8,,
,,,,,,,,,990.7,,
,,,,,,,,,864.5,,
,,,,,,,,,844.9,,
,,,,,,,,,827.2,,
,,,,,,,,,842.0,,
,,,,,,,,,785.4,,
,,,,,,,,,825.9,,
,,,,,,,,,868.4,,
,,,,,,,,,835.6,,
,,,,,,,,,762.7,,
,,,,,,,,,813.1,,
,,,,,,,,,1052.7,,
,,,,,,,,,1033.0,,
,,,,,,,,,902.0,,
,,,,,,,,,1014.8,,
,,,,,,,,,836.2,,
,,,,,,,,,853.9,,
,,,,,,,,,889.6,,
,,,,,,,,,780.9,,
,,,,,,,,,880.7,,
,,,,,,,,,819.6,,
,,,,,,,,,730.2,,
,,,,,,,,,919.1,,
,,,,,,,,,944.5,,
,,,,,,,,,951.3,,
,,,,,,,,,1033.3,,
,,,,,,,,,872.4,,
,,,,,,,,,832.3,,
,,,,,,,,,927.8,,
,,,,,,,,,941.4,,
,,,,,,,,,715.8,,
,,,,,,,,,954.2,,
,,,,,,,,,874.6,,
,,,,,,,,,844.5,,
,,,,,,,,,790.2,,
,,,,,,,,,772.8,,
,,,,,,,,,799.4,,
,,,,,,,,,842.9,,
,,,,,,,,,893.6,,
,,,,,,,,,933.7,,
,,,,,,,,,742.1,,
,,,,,,,,,828.4,,
,,,,,,,,,780.1,,
,,,,,,,,,787.0,,
,,,,,,,,,791.5,,
,,,,,,,,,723.8,,
,,,,,,,,,742.0,,
,,,,,,,,,870.5,,
,,,,,,,,,771.0,,
,,,,,,,,,904.9,,
,,,,,,,,,919.3,,
,,,,,,,,,908.5,,
,,,,,,,,,927.6,,
,,,,,,,,,957.3,,
,,,,,,,,,932.8,,
,,,,,,,,,922.4,,
,,,,,,,,,966.5,,
,,,,,,,,,909.1,,
,,,,,,,,,938.2,,
,,,,,,,,,896.3,,
,,,,,,,,,902.7,,
,,,,,,,,,957.3,,
,,,,,,,,,909.2,,
,,,,,,,,,940.7,,
,,,,,,,,,917.5,,
,,,,,,,,,782.5,,
,,,,,,,,,1016.3,,
,,,,,,,,,781.9,,
,,,,,,,,,753.2,,
,,,,,,,,,835.4,,
,,,,,,,,,693.7,,
,,,,,,,,,782.9,,
,,,,,,,,,712.5,,
,,,,,,,,,620.1,,
,,,,,,,,,764.3,,
,,,,,,,,,708.3,,
,,,,,,,,,492.3,,
,,,,,,,,,739.4,,
,,,,,,,,,569.5,,
,,,,,,,,,879.9,,
,,,,,,,,,1088.8,,
,,,,,,,,,711.2,,
,,,,,,,,,670.1,,
,,,,,,,,,829.5,,
,,,,,,,,,800.7,,
,,,,,,,,,715.0,,
,,,,,,,,,795.6,,
,,,,,,,,,731.2,,
,,,,,,,,,782.2,,
,,,,,,,,,754.4,,
,,,,,,,,,793.4,,
,,,,,,,,,826.1,,
,,,,,,,,,727.9,,
,,,,,,,,,712.0,,
,,,,,,,,,742.1,,
,,,,,,,,,749.9,,
,,,,,,,,,833.8,,
,,,,,,,,,775.8,,
,,,,,,,,,761.9,,
,,,,,,,,,802.9,,
,,,,,,,,,749.6,,
,,,,,,,,,755.5,,
,,,,,,,,,779.9,,
,,,,,,,,,795.0,,
,,,,,,,,,661.9,,
,,,,,,,,,715.2,,
,,,,,,,,,711.6,,
,,,,,,,,,803.0,,
,,,,,,,,,742.9,,
,,,,,,,,,746.9,,
,,,,,,,,,717.2,,
,,,,,,,,,701.6,,
,,,,,,,,,748.9,,
,,,,,,,,,811.1,,
,,,,,,,,,726.3,,
,,,,,,,,,753.5,,
,,,,,,,,,662.5,,
,,,,,,,,,680.6,,
,,,,,,,,,705.9,,
,,,,,,,,,778.9,,
,,,,,,,,,739.7,,
,,,,,,,,,916.0,,
,,,,,,,,,848.3,,
,,,,,,,,,603.0,,
,,,,,,,,,687.0,,
,,,,,,,,,867.8,,
,,,,,,,,,691.7,,
,,,,,,,,,895.4,,
,,,,,,,,,895.1,,
,,,,,,,,,776.6,,
,,,,,,,,,722.7,,
,,,,,,,,,748.9,,
,,,,,,,,,836.1,,
,,,,,,,,,741.3,,
,,,,,,,,,703.0,,
,,,,,,,,,704.4,,
,,,,,,,,,677.4,,
,,,,,,,,,901.9,,
,,,,,,,,,793.0,,
,,,,,,,,,692.3,,
,,,,,,,,,716.3,,
,,,,,,,,,844.9,,
,,,,,,,,,713.3,,
,,,,,,,,,752.4,,
,,,,,,,,,732.1,,
,,,,,,,,,655.2,,
,,,,,,,,,1166.0,,
,,,,,,,,,919.3,,
,,,,,,,,,681.9,,
,,,,,,,,,741.0,,
,,,,,,,,,821.0,,
,,,,,,,,,885.3,,
,,,,,,,,,866.4,,
,,,,,,,,,572.7,,
,,,,,,,,,631.7,,
,,,,,,,,,881.5,,
,,,,,,,,,764.3,,
,,,,,,,,,765.6,,
,,,,,,,,,930.4,,
,,,,,,,,,754.3,,
,,,,,,,,,735.0,,
,,,,,,,,,703.3,,
,,,,,,,,,758.6,,
,,,,,,,,,524.2,,
,,,,,,,,,701.0,,
,,,,,,,,,723.1,,
,,,,,,,,,903.4,,
,,,,,,,,,809.2,,
,,,,,,,,,736.4,,
,,,,,,,,,746.0,,
,,,,,,,,,828.9,,
,,,,,,,,,757.3,,
,,,,,,,,,762.3,,
,,,,,,,,,780.6,,
,,,,,,,,,683.3,,
,,,,,,,,,689.5,,
,,,,,,,,,576.7,,
,,,,,,,,,551.6,,
,,,,,,,,,694.6,,
,,,,,,,,,723.8,,
,,,,,,,,,696.5,,
,,,,,,,,,681.3,,
,,,,,,,,,709.8,,
,,,,,,,,,1867.9,,
,,,,,,,,,12526.4,,
,,,,,,,,,5635.3,,
,,,,,,,,,3654.5,,
,,,,,,,,,8505.0,,
,,,,,,,,,13066.0,,
,,,,,,,,,11691.9,,
,,,,,,,,,14960.7,,
,,,,,,,,,12341.6,,
,,,,,,,,,4342.3,,
,,,,,,,,,1753.7,,
,,,,,,,,,5250.3,,
,,,,,,,,,11363.8,,
,,,,,,,,,11150.4,,
,,,,,,,,,10580.8,,
,,,,,,,,,9740.4,,
,,,,,,,,,11351.8,,
,,,,,,,,,10065.4,,
,,,,,,,,,11451.0,,
,,,,,,,,,9794.2,,
,,,,,,,,,7713.0,,
,,,,,,,,,5163.4,,
,,,,,,,,,2391.2,,
,,,,,,,,,4783.6,,
,,,,,,,,,4919.9,,
,,,,,,,,,3416.9,,
,,,,,,,,,4979.0,,
,,,,,,,,,6669.5,,
,,,,,,,,,4680.9,,
,,,,,,,,,5456.1,,
,,,,,,,,,9109.3,,
,,,,,,,,,7842.5,,
,,,,,,,,,7860.2,,
,,,,,,,,,2458.4,,
,,,,,,,,,8443.8,,
,,,,,,,,,7494.1,,
,,,,,,,,,8888.0,,
,,,,,,,,,7409.4,,
,,,,,,,,,5209.7,,
,,,,,,,,,4426.0,,
,,,,,,,,,8370.7,,
,,,,,,,,,9169.5,,
,,,,,,,,,4281.8,,
,,,,,,,,,8865.8,,
,,,,,,,,,665.5,,
,,,,,,,,,11855.6,,
,,,,,,,,,672.9,,
,,,,,,,,,565.7,,
,,,,,,,,,680.7,,
,,,,,,,,,628.3,,
,,,,,,,,,652.5,,
,,,,,,,,,937.3,,
,,,,,,,,,513.3,,
,,,,,,,,,644.7,,
,,,,,,,,,1151.1,,
,,,,,,,,,660.3,,
,,,,,,,,,633.0,,
,,,,,,,,,741.3,,
,,,,,,,,,806.2,,
,,,,,,,,,543.3,,
,,,,,,,,,847.5,,
,,,,,,,,,746.5,,
,,,,,,,,,896.6,,
,,,,,,,,,706.2,,
,,,,,,,,,733.0,,
,,,,,,,,,803.1,,
,,,,,,,,,616.4,,
,,,,,,,,,582.5,,
,,,,,,,,,918.2,,
,,,,,,,,,514.4,,
,,,,,,,,,569.9,,
,,,,,,,,,876.6,,
,,,,,,,,,903.3,,
,,,,,,,,,1073.8,,
,,,,,,,,,763.6,,
,,,,,,,,,597.6,,
,,,,,,,,,623.8,,
,,,,,,,,,709.3,,
,,,,,,,,,597.6,,
,,,,,,,,,755.5,,
,,,,,,,,,734.1,,
,,,,,,,,,804.9,,
,,,,,,,,,610.3,,
,,,,,,,,,746.0,,
,,,,,,,,,722.9,,
,,,,,,,,,970.4,,
,,,,,,,,,791.6,,
,,,,,,,,,888.6,,
,,,,,,,,,988.2,,
,,,,,,,,,1160.5,,
,,,,,,,,,801.0,,
,,,,,,,,,747.8,,
,,,,,,,,,775.7,,
,,,,,,,,,889.8,,
,,,,,,,,,800.1,,
,,,,,,,,,930.3,,
,,,,,,,,,749.3,,
,,,,,,,,,692.5,,
,,,,,,,,,888.8,,
,,,,,,,,,974.1,,
,,,,,,,,,869.7,,
,,,,,,,,,845.3,,
,,,,,,,,,751.5,,
,,,,,,,,,844.7,,
,,,,,,,,,1036.3,,
,,,,,,,,,1038.0,,
,,,,,,,,,913.5,,
,,,,,,,,,973.6,,
,,,,,,,,,1014.4,,
,,,,,,,,,916.0,,
,,,,,,,,,1073.3,,
,,,,,,,,,854.7,,
,,,,,,,,,807.5,,
,,,,,,,,,1027.7,,
,,,,,,,,,1097.6,,
,,,,,,,,,982.1,,
,,,,,,,,,750.2,,
,,,,,,,,,1232.2,,
,,,,,,,,,930.7,,
,,,,,,,,,987.9,,
,,,,,,,,,1350.1,,
,,,,,,,,,1039.6,,
,,,,,,,,,1220.8,,
,,,,,,,,,941.0,,
,,,,,,,,,1009.8,,
,,,,,,,,,997.0,,
,,,,,,,,,807.3,,
,,,,,,,,,1097.7,,
,,,,,,,,,793.8,,
,,,,,,,,,900.8,,
,,,,,,,,,1115.7,,
,,,,,,,,,1147.5,,
,,,,,,,,,1305.7,,
,,,,,,,,,943.9,,
,,,,,,,,,1182.5,,
,,,,,,,,,368.4,,
,,,,,,,,,730.3,,
,,,,,,,,,366.5,,
,,,,,,,,,261.9,,
,,,,,,,,,557.1,,
,,,,,,,,,311.0,,
,,,,,,,,,1126.6,,
