Rise-Time_Median,Rise-Time_Median.1,Rise-Time_Median.2,Rise-Time_Median.3,Rise-Time_Median.4,Rise-Time_Median.5,Rise-Time_Median.6,Rise-Time_Median.7,Rise-Time_Median.8,Rise-Time_Median.9,Rise-Time_Median.10,Rise-Time_Median
36.0,61.15,39.9,38.65,50.2,39.8,42.8,46.65,39.15,47.7,55.2,41.4
40.55,67.15,29.3,49.2,63.1,51.8,47.5,58.6,38.55,37.9,53.7,68.4
60.4,56.25,18.7,48.6,54.3,39.65,33.15,50.0,52.0,39.516666666666666,42.55,19.15
66.1,55.4125,34.575,55.4,54.45,27.5,43.4,35.6,34.0,41.13333333333333,120.75,27.6
64.9,54.575,50.45,44.85,59.35,32.6,41.28333333333333,31.3,85.0,42.75,54.6,51.0
68.1,53.7375,46.15,55.3,61.766666666666666,37.7,39.16666666666666,18.2,64.55,39.8,54.75,73.75
64.2,52.9,62.93333333333334,63.2,64.18333333333334,33.3,37.05,16.5,79.85,40.92666666666666,54.9,50.8
59.6,52.0625,79.71666666666667,47.1,66.6,70.2,44.6,16.3,51.8,42.053333333333335,80.95,53.3
59.5,51.225,96.5,59.5,68.2,68.5,47.8375,37.2,23.75,43.18,21.2,75.3
63.1,50.3875,30.75,77.0,69.80000000000001,66.8,51.075,13.8,32.775,44.306666666666665,22.6,70.1
65.5,49.55,35.025,52.6,42.05,96.4,54.3125,16.5,41.8,45.43333333333333,73.0,44.7
79.1,48.712500000000006,39.3,36.9,39.6,42.9,57.55,14.1,70.2,46.56,58.9,47.3
49.0,47.875,52.1,26.5,40.65,45.8,39.5,16.1,32.8,47.68666666666667,64.7,47.7
55.2,47.0375,28.8,32.1,39.95,45.7,45.52,14.3,41.9,48.81333333333333,79.3,47.5
53.3,46.2,28.6,39.5,38.11666666666667,72.9,51.54,14.2,49.6,49.94,79.5,53.3
22.0,47.763636363636365,29.557142857142857,46.9,36.28333333333334,66.1,57.56,14.3,41.05,51.06666666666667,30.5,50.7
23.7,49.32727272727273,30.51428571428572,23.45,34.45,59.3,63.58,14.5,43.325,52.193333333333335,79.8,52.4
17.5,50.89090909090909,31.47142857142857,43.7,37.41666666666667,66.2,69.6,14.0,45.6,53.32000000000001,58.0,65.9
29.8,52.45454545454546,32.42857142857143,34.275000000000006,40.38333333333333,55.650000000000006,67.1,14.1,71.35,54.44666666666667,47.4,66.2
32.1,54.01818181818182,33.385714285714286,24.85,43.35,45.1,64.6,22.2,9.0,55.57333333333334,48.2,47.95
33.15,55.581818181818186,34.34285714285714,40.85,44.0,70.15,35.7,71.7,5.8,56.7,45.8,65.6
64.9,57.14545454545455,35.3,47.6,41.075,74.8,49.05,71.8,39.5,51.75,51.1,65.2
55.3,58.70909090909092,34.309999999999995,16.4,38.15,75.5,62.4,71.7,43.0,46.8,72.15,64.3
54.7,60.27272727272728,33.32,52.95,35.224999999999994,56.1,75.85,71.7,48.1,48.43333333333333,52.8,66.1
55.1,61.83636363636364,32.33,41.55,32.3,57.75,89.3,14.6,48.8,50.06666666666666,56.2,64.9
55.2,63.400000000000006,31.34,14.1,17.7,31.5,0.6,52.5,42.65,51.7,54.95,66.0
35.75,66.25,30.35,37.5,41.400000000000006,38.36666666666667,65.45,55.55,51.55,53.333333333333336,48.3,66.6
26.5,65.14736842105263,29.36,14.9,43.3,45.23333333333333,103.95,71.6,50.2,54.96666666666667,64.9,66.6
26.3,64.04473684210527,28.37,53.5,63.1,52.1,60.5,72.1,58.85,56.6,49.5,65.8
39.5,62.94210526315789,27.38,66.1,50.9,45.1,54.9,71.7,34.2,58.23333333333333,84.30000000000001,64.9
61.7,61.839473684210525,26.39,31.15,52.0,99.85,39.8,68.1,45.7,59.86666666666667,35.9,66.2
53.5,60.73684210526316,25.4,55.55,44.2,95.1,17.0,68.1,36.0,61.5,71.1,66.5
61.7,59.63421052631579,23.2,38.4,32.2,74.1,26.75,68.1,47.8,63.13333333333334,40.35,66.3
57.5,58.531578947368416,22.81111111111111,39.1,27.6,74.1,36.5,72.6,54.3,64.76666666666667,33.349999999999994,66.2
52.3,57.42894736842105,22.42222222222222,33.1,75.25,69.35,46.25,76.0,89.9,66.4,26.6,57.6
43.7,56.32631578947368,22.03333333333333,40.9,46.6,55.05,23.175,75.9,52.95,62.150000000000006,10.05,68.8
39.8,55.22368421052632,21.64444444444444,55.45,67.3,77.3,0.1,72.4,65.5,57.900000000000006,15.4,66.4
38.5,54.12105263157895,21.25555555555556,46.85,84.7,66.0,6.466666666666666,72.1,50.55,58.685,15.6,66.3
38.4,53.01842105263158,20.866666666666667,48.3,80.8,45.4,12.833333333333332,76.1,59.55,59.470000000000006,12.3,66.4
38.5,51.91578947368421,20.47777777777777,55.6,84.1,58.2,19.2,72.2,53.4,60.255,36.3,68.9
38.5,50.81315789473684,20.08888888888889,49.85,84.1,75.4,25.566666666666663,66.0,56.25,61.040000000000006,33.3,66.2
38.4,49.710526315789465,19.7,46.3,83.1,97.5,31.933333333333334,70.0,66.1,61.825,42.1,66.1
39.5,48.6078947368421,21.166666666666664,71.8,84.6,49.5,38.3,71.8,137.6,62.61,23.9,64.0
39.6,47.50526315789473,22.633333333333333,49.05,84.7,53.6,38.2125,71.8,138.1,63.395,108.8,66.0
51.3,46.40263157894736,24.1,63.8,84.8,52.5,38.125,72.2,30.6,64.18,40.9,57.1
40.6,45.3,25.566666666666663,53.55,84.5,49.5,38.0375,3.7,11.0,64.965,36.9,58.2
47.7,46.840909090909086,27.03333333333333,70.8,82.0,41.3,37.95,44.4,79.1,65.75,51.2,51.650000000000006
47.8,48.38181818181818,28.5,76.8,83.1,38.5,38.88636363636364,48.45,81.7,85.94999999999999,43.5,56.8
40.7,49.92272727272727,29.96666666666667,71.1,85.0,63.55,39.82272727272728,43.25,81.7,62.0,43.3,66.0
47.5,51.46363636363636,31.433333333333334,87.1,72.7,57.25,40.75909090909091,44.5,79.6,69.1,20.5,59.5
67.1,53.00454545454545,32.9,49.5,72.6,38.650000000000006,41.69545454545455,43.9,37.85,56.425,20.7,65.9
67.0,54.54545454545455,34.36666666666667,72.2,74.8,30.1,42.63181818181818,95.2,53.95,43.75,40.9,69.3
67.0,56.08636363636364,35.83333333333333,81.94999999999999,62.3,42.1,43.56818181818182,46.9,78.6,44.61818181818182,42.9,66.1
65.9,57.627272727272725,37.3,87.5,70.5,41.3,44.50454545454546,44.65,59.8,45.48636363636364,27.8,66.2
65.8,59.16818181818182,38.766666666666666,80.8,70.6,41.5,45.44090909090909,44.475,33.5,46.35454545454545,128.2,66.2
65.8,60.70909090909091,40.23333333333333,81.7,66.2,41.9,46.377272727272725,44.3,78.7,47.22272727272727,15.6,68.9
49.5,62.25,41.7,72.0,66.2,41.8,47.31363636363636,67.3,78.6,48.09090909090909,27.6,66.3
49.4,61.579605263157895,43.16666666666667,54.55,66.3,44.7,48.25,85.9,35.7,48.9590909090909,30.3,66.0
49.4,60.90921052631579,44.63333333333334,54.45,80.9,51.7,52.225,42.9,48.900000000000006,49.82727272727273,34.2,65.8
49.3,60.23881578947368,46.1,71.7,80.8,52.2,56.2,34.2,53.0,50.69545454545455,38.8,65.6
38.1,59.56842105263158,44.83888888888889,77.0,81.1,62.3,60.175,32.3,44.15,51.56363636363636,31.3,62.7
38.1,58.89802631578947,43.577777777777776,87.8,83.6,43.9,64.14999999999999,36.900000000000006,21.15,52.43181818181818,65.7,67.6
47.6,58.22763157894737,42.31666666666667,100.5,81.2,36.4,68.125,47.8,40.55,53.3,67.05,69.5
49.0,57.55723684210526,41.05555555555556,123.5,83.6,44.7,72.1,49.9,47.1,75.35,36.1,77.75
48.9,56.88684210526316,39.79444444444445,107.25,83.7,26.4,72.55,45.85,32.9,67.675,62.5,74.3
48.8,56.21644736842105,38.53333333333333,91.2,83.6,49.0,79.3,41.7,51.55,60.0,64.2,66.4
55.6,55.54605263157895,37.27222222222223,73.9,82.4,49.1,80.2,46.4,32.3,59.9,34.7,63.6
64.2,54.87565789473684,36.01111111111111,52.2,84.6,43.4,80.2,46.2,44.55,59.8,27.5,63.6
47.4,54.205263157894734,34.75,49.8,99.8,48.0,64.825,45.0,56.8,59.7,48.65,64.8
43.75,53.53486842105264,22.3,32.0,102.2,46.9,49.45,45.05,6.35,59.6,29.1,63.6
33.9,52.86447368421052,28.9,45.7,102.3,49.3,65.7,46.150000000000006,33.1,63.725,28.0,66.9
46.0,52.194078947368425,35.5,88.2,105.0,112.4,68.3875,48.9,78.9,67.85,27.7,68.8
31.4,51.52368421052631,35.7,43.2,109.0,117.7,71.07499999999999,41.3,18.7,53.85,27.7,69.7
18.1,50.85328947368421,71.4,89.3,109.1,62.5,73.76249999999999,45.6,48.0,52.8875,27.6,69.3
18.1,50.1828947368421,85.1,107.05,109.3,50.6,76.44999999999999,41.4,64.3,51.925,42.85,69.6
18.1,49.5125,26.65,77.0,109.5,50.6,58.27499999999999,41.4,28.2,50.9625,53.1,69.3
18.0,48.84210526315789,27.6,57.75,109.3,82.0,40.1,41.2,43.05,50.0,15.4,69.7
25.8,48.17171052631579,28.55,117.05,109.4,64.1,200.0,41.3,28.3,74.15,15.4,69.7
25.9,47.501315789473686,29.5,113.7,109.0,62.8,77.0,41.0,29.7,68.0,49.15,69.7
21.3,46.83092105263158,0.5,41.55,83.9,40.4,51.5,58.8,38.1,55.25,71.15,69.8
41.95,46.16052631578948,5.791666666666667,52.3,82.2,40.3,34.2,41.0,38.2,42.5,56.0,71.3
41.9,45.49013157894737,11.083333333333334,95.7,82.4,57.0,16.9,44.1,38.2,62.85,57.3,67.55
41.9,44.819736842105264,16.375,92.5,82.65,60.9,31.083333333333336,39.0,38.2,83.2,25.65,68.35
41.9,44.14934210526316,21.666666666666668,90.1,82.1,108.2,45.266666666666666,38.9,61.6,55.0,33.9,69.8
41.9,43.47894736842105,26.958333333333336,90.25,82.0,34.1,59.45,41.2,61.5,79.3,62.1,66.95
41.0,42.80855263157895,32.25,87.9,81.8,85.4,54.6375,37.5,70.3,64.0,21.9,66.3
41.0,42.13815789473684,31.725,92.5,82.2,61.1,49.825,38.7,72.1,48.7,54.2,66.4
41.0,41.46776315789474,31.2,85.3,82.7,87.45,45.0125,37.6,76.1,56.150000000000006,22.95,66.3
41.0,40.79736842105263,30.675,83.0,82.8,75.1,40.2,41.8,53.1,63.6,43.1,66.2
41.0,40.126973684210526,30.15,73.2,82.8,75.2,38.43,43.8,70.6,59.15,18.2,66.3
36.4,39.45657894736842,29.625,38.150000000000006,82.8,81.0,36.66,43.8,70.6,57.64,40.425,66.1
41.0,38.78618421052632,29.1,68.45,82.6,81.4,34.89,43.8,61.9,56.13,62.650000000000006,66.2
41.2,38.11578947368421,28.575,107.6,82.6,81.3,33.120000000000005,44.9,68.5,54.620000000000005,34.8,63.9
40.4,37.4453947368421,28.05,49.2,82.3,84.95,31.35,45.2,28.7,53.11,32.81666666666666,64.0
35.1,36.775,27.525,28.8,82.1,79.3,40.24166666666667,71.6,69.2,51.6,30.83333333333333,63.8
55.8,36.10460526315789,27.0,90.7,79.0,76.7,49.13333333333334,51.35,32.1,52.56875,28.85,64.0
55.8,35.43421052631579,22.60833333333333,78.9,77.0,134.0,58.025000000000006,44.95,69.2,53.5375,29.325000000000003,63.9
53.8,34.76381578947368,18.21666666666667,74.1,79.1,134.2,66.91666666666667,45.0,70.7,54.50625,29.8,63.9
23.4,34.093421052631584,13.825,,80.3,134.4,75.80833333333334,45.0,74.7,55.475,30.275,63.8
49.9,33.42302631578947,9.433333333333334,,82.3,29.1,84.7,45.1,75.1,56.44375,30.75,66.3
50.650000000000006,32.75263157894737,5.041666666666668,,82.5,121.1,85.1,60.7,75.0,57.4125,37.475,64.0
32.4,32.08223684210526,0.6499999999999999,,82.2,91.7,85.5,45.0,74.8,58.38125,44.2,63.9
32.4,31.41184210526316,15.816666666666666,,80.1,20.5,85.66666666666667,43.9,74.8,59.35,45.7,63.9
23.25,30.741447368421053,30.98333333333333,,62.2,35.8,85.83333333333333,75.1,88.2,60.31875,42.225,63.8
41.75,30.07105263157895,46.15,,57.6,36.0,86.0,71.1,88.3,61.2875,38.75,66.7
16.4,29.400657894736845,17.65,,72.1,36.1,275.4,52.1,88.5,62.25625,44.3,66.2
45.3,28.73026315789474,31.325000000000003,,64.3,68.9,86.0,50.8,88.7,63.225,31.6,66.9
45.35,28.059868421052634,45.0,,64.3,69.1,86.0,50.7,42.8,64.19375,31.5,66.9
33.3,27.38947368421053,58.675,,64.2,69.2,85.108,50.8,17.3,65.1625,39.05,66.8
34.3,26.719078947368423,72.35000000000001,,64.2,69.3,84.216,55.2,12.2,66.13125,39.5,66.9
37.5,26.04868421052632,86.025,,64.2,33.8,83.324,55.9,60.3,67.1,33.7,66.8
37.6,25.37828947368421,99.7,,71.4,69.5,82.432,55.3,89.9,64.45,22.65,66.9
37.7,24.707894736842107,59.35,,72.4,34.2,81.54,59.7,88.8,67.12222222222222,32.0,66.8
37.5,24.0375,50.3,,71.6,34.8,80.648,65.45,79.05,69.79444444444445,30.3,64.2
37.4,23.367105263157896,47.0,,57.7,34.3,79.756,68.6,123.6,72.46666666666667,33.7,64.2
37.7,22.69671052631579,21.0,,72.8,35.0,78.864,72.2,61.0,75.13888888888889,33.0,64.3
41.2,22.026315789473685,30.2,,76.3,34.3,77.97200000000001,68.5,75.35,77.81111111111112,39.8,64.2
41.2,21.35592105263158,27.8,,76.4,34.2,77.08,80.7,35.3,80.48333333333333,33.8,65.6
41.2,20.68552631578948,7.5,,76.6,34.2,76.188,73.0,35.4,83.15555555555557,33.8,64.3
41.2,20.01513157894737,16.666666666666664,,76.6,34.3,75.296,68.9,45.5,85.82777777777778,38.8,67.0
34.9,19.344736842105263,25.83333333333333,,78.1,34.3,74.404,68.8,33.2,88.5,33.4,67.3
34.9,18.67434210526316,35.0,,79.7,34.3,73.512,67.8,35.2,80.7,21.2,68.7
35.0,18.003947368421052,37.0,,78.9,34.3,72.62,64.0,35.3,72.9,33.4,69.2
44.9,17.333552631578947,21.275,,79.2,34.4,71.72800000000001,65.6,41.25,72.96666666666667,35.4,69.3
35.0,16.66315789473684,5.55,,79.1,46.8,70.836,66.1,35.3,73.03333333333333,27.1,69.2
44.8,15.992763157894736,9.05,,79.0,65.5,69.944,69.4,42.3,73.1,27.700000000000003,69.2
44.9,15.32236842105263,11.05,,72.6,65.5,69.052,74.7,42.3,65.1,28.3,69.3
52.6,14.651973684210525,20.083333333333336,,84.2,65.5,68.16,69.2,42.4,8.2,48.6,69.3
59.1,13.98157894736842,29.116666666666667,,80.7,65.6,67.268,66.35,42.3,12.65,31.7,70.7
59.2,13.311184210526314,38.15,,62.4,57.0,66.376,65.8,46.1,42.3,21.2,70.6
59.3,12.640789473684208,43.59166666666667,,65.0,60.9,65.48400000000001,82.9,45.95,5.05,38.65,69.3
33.6,11.970394736842104,49.03333333333333,,57.3,59.4,64.592,83.3,42.2,53.6,35.4,72.8
28.9,11.3,54.475,,,61.0,63.7,54.75,42.4,60.5,26.15,70.5
68.6,15.3,59.91666666666666,,,63.3,55.07,54.4,32.65,60.4,33.5,65.0
23.55,19.3,65.35833333333333,,,63.3,46.44,45.1,25.450000000000003,60.3,32.1,64.5
49.4,72.4,70.8,,,61.1,37.81,43.7,31.1,64.4,29.7,64.3
40.25,54.35,40.65,,,60.5,29.18,45.0,36.75,60.6,31.6,64.3
34.8,36.3,39.175,,,63.2,20.55,45.8,152.7,35.65,7.3,64.2
30.0,33.72857142857143,37.7,,,63.2,21.97954545454545,51.3,136.2,36.975,20.8,64.5
51.9,31.15714285714285,36.225,,,63.2,23.40909090909091,50.25,140.95,38.3,11.7,64.5
30.35,28.58571428571428,34.75,,,65.8,24.838636363636365,46.2,110.9,38.9,38.25,65.65
49.7,26.014285714285712,49.0,,,62.55,26.26818181818182,50.9,44.3,70.9,38.3,63.2
54.5,23.44285714285714,0.3,,,61.4,27.69772727272728,66.4,49.4,68.3,41.2,60.1
53.8,20.871428571428567,43.85,,,61.4,29.127272727272725,58.0,93.1,60.6,36.2,60.45
49.8,18.3,35.425,,,65.9,30.55681818181818,66.8,82.6,60.6,32.0,62.4
32.550000000000004,15.728571428571424,27.0,,,63.4,31.986363636363635,67.8,103.6,63.8,30.0,60.5
75.75,13.157142857142851,49.16666666666667,,,61.5,33.41590909090909,65.4,103.3,68.4,44.45,64.4
46.75,10.585714285714282,71.33333333333334,,,61.5,34.845454545454544,55.2,103.1,68.4,39.45,107.1
48.225,8.014285714285709,93.5,,,61.5,36.275,60.3,115.4,68.4,40.85,55.8
49.7,5.442857142857136,21.1,,,61.5,37.70454545454545,68.0,111.95,68.4,45.3,69.4
55.4,2.8714285714285666,49.6,,,61.5,39.13409090909091,68.0,99.3,43.3,42.4,69.4
49.8,0.3,40.03333333333333,,,60.6,40.56363636363636,68.0,33.2,15.5,48.1,105.9
49.7,0.6410714285714285,30.466666666666665,,,60.4,41.99318181818182,68.1,52.9,16.4,40.650000000000006,55.9
79.7,0.982142857142857,20.9,,,57.0,43.42272727272727,68.1,59.7,20.6,33.2,72.8
79.8,1.3232142857142857,23.4,,,39.0,44.85227272727273,68.2,59.375,35.25,39.3,72.9
79.7,1.664285714285714,27.15,,,61.8,46.28181818181818,68.1,59.05,49.900000000000006,45.400000000000006,72.7
79.9,2.0053571428571426,30.9,,,62.0,47.71136363636364,68.1,58.725,75.1,46.5,66.8
64.8,2.346428571428571,30.69,,,62.0,49.14090909090909,68.1,58.4,38.05,44.1,58.4
79.8,2.6875,30.48,,,62.0,50.57045454545455,68.1,67.1,15.3,53.6,55.1
80.0,3.028571428571428,30.27,,,62.1,52.0,66.8,75.8,82.9,89.25,47.6
79.9,3.3696428571428565,30.06,,,62.1,52.75,66.9,58.7,47.4,20.3,60.9
80.0,3.710714285714285,29.85,,,62.2,53.5,66.9,61.25,44.75,39.35,67.5
80.0,4.051785714285714,63.0,,,67.8,54.25,59.45,63.8,30.05,54.7,75.2
80.0,4.392857142857142,52.9,,,67.7,55.0,55.0,66.35000000000001,36.4,61.5,81.0
79.8,4.733928571428571,0.2,,,62.0,55.75,49.45,68.9,28.450000000000003,60.8,72.5
76.9,5.074999999999999,15.55,,,61.7,56.5,48.1,65.5875,30.03333333333333,69.0,74.6
79.9,5.416071428571428,6.7,,,61.7,57.25,47.9,62.275000000000006,31.61666666666667,68.4,78.3
79.9,5.757142857142856,16.2,,,61.7,52.18,54.0,58.9625,33.2,69.6,67.0
79.9,6.098214285714285,16.1,,,61.7,47.11,59.7,55.65,35.3,69.7,69.7
79.9,6.439285714285713,14.6,,,61.7,42.04,62.55,45.8,38.1875,70.0,64.1
76.8,6.780357142857142,19.9,,,61.7,36.97,55.6,83.9,41.075,70.4,57.8
76.8,7.12142857142857,25.2,,,61.7,31.9,63.9,82.8,43.9625,70.9,47.7
80.0,7.462499999999999,8.4,,,61.8,30.944444444444443,66.6,35.1,46.85,72.8,47.7
76.8,7.803571428571427,0.6,,,61.7,29.988888888888887,66.8,35.1,41.3,72.9,46.2
76.6,8.144642857142856,41.9,,,61.7,29.03333333333333,87.1,82.7,43.8,72.8,54.3
76.6,8.485714285714286,0.55,,,61.9,28.077777777777776,87.1,35.2,56.0,70.9,61.4
76.6,8.826785714285714,5.85,,,61.9,27.12222222222222,61.8,35.0,26.6,70.6,57.8
76.5,9.167857142857144,17.283333333333335,,,61.9,26.166666666666664,60.7,35.1,47.1,70.1,60.6
27.6,9.508928571428571,28.71666666666667,,,61.9,25.21111111111111,60.7,81.6,41.2,71.7,61.4
59.9,9.85,40.150000000000006,,,61.9,24.25555555555556,60.7,81.7,51.0,72.65,64.0
67.3,15.975,49.3,,,61.9,23.3,61.8,35.0,80.7,70.2,64.3
59.7,22.1,2.15,,,61.8,22.34444444444444,61.8,81.8,124.25,68.5,61.3
59.9,44.900000000000006,17.724999999999998,,,61.8,21.38888888888889,61.9,81.8,29.1,70.3,55.1
59.6,67.7,33.3,,,61.9,20.433333333333334,61.9,81.8,64.7,68.0,55.2
59.4,64.3,31.8,,,61.8,19.47777777777777,61.9,42.4,10.0,67.7,53.2
59.4,60.900000000000006,30.3,,,61.8,18.522222222222226,61.9,81.8,54.7,63.7,55.1
57.0,57.5,28.8,,,61.8,17.566666666666666,62.0,81.8,9.3,65.7,60.1
15.8,54.1,27.3,,,62.0,16.61111111111111,61.9,81.8,27.4,58.7,60.1
9.05,50.7,20.25,,,86.55,15.655555555555557,61.9,81.8,45.5,60.25,60.1
15.8,47.3,20.9,,,,14.7,61.8,81.8,60.6,60.7,60.5
14.2,43.9,23.75,,,,13.744444444444444,59.4,45.6,82.0,58.35,60.7
56.4,40.5,39.225,,,,12.788888888888888,61.9,45.5,82.1,54.9,69.8
72.6,37.1,54.7,,,,11.833333333333332,65.95,81.9,59.4,61.6,67.6
72.7,33.7,76.44999999999999,,,,10.877777777777776,67.9,81.9,59.5,61.2,67.5
72.7,30.3,79.6,,,,9.92222222222222,80.75,81.9,82.2,68.4,72.8
72.8,26.9,68.57499999999999,,,,8.966666666666669,65.3,81.9,82.2,72.0,79.7
72.9,23.5,57.55,,,,8.011111111111113,59.95,87.0,82.2,68.5,92.5
72.9,20.099999999999994,46.525,,,,7.055555555555557,65.4,34.2,82.1,65.1,77.95
61.6,16.699999999999996,35.5,,,,6.1,65.4,87.0,82.2,65.1,71.8
58.3,13.3,42.63333333333333,,,,47.73333333333333,65.4,81.9,82.2,67.65,71.9
58.0,40.4,49.76666666666667,,,,89.36666666666666,58.85,39.3,82.2,54.4,72.0
54.0,39.42272727272727,56.900000000000006,,,,131.0,77.7,39.3,8.6,57.2,72.6
39.2,38.44545454545455,64.03333333333335,,,,38.5,67.4,39.4,8.6,55.7,72.7
30.85,37.46818181818182,71.16666666666669,,,,44.05,77.9,39.2,9.6,73.0,73.3
31.0,36.49090909090909,78.30000000000001,,,,44.1,78.2,39.2,9.6,75.1,71.35
87.2,35.513636363636365,18.65,,,,45.6,78.3,39.3,9.6,58.3,72.6
28.0,34.53636363636363,19.015,,,,46.4,77.4,39.2,9.6,58.4,70.5
27.9,33.559090909090905,19.38,,,,48.1,66.9,39.3,9.6,58.4,71.1
23.9,32.58181818181818,19.745,,,,38.4,66.8,39.3,9.7,58.4,70.7
20.2,31.60454545454545,20.11,,,,73.3,78.3,39.2,9.7,54.55,67.7
87.3,30.627272727272725,20.475,,,,233.3,78.7,34.2,9.7,54.5,65.95
87.4,29.65,20.84,,,,69.0,77.5,36.0,9.7,56.45,66.9
87.4,47.775000000000006,21.205,,,,42.2,66.1,35.9,9.7,56.650000000000006,65.6
45.4,65.9,21.57,,,,0.2,66.7,34.2,9.7,54.5,65.0
45.4,52.4,21.935,,,,4.1,78.55,35.9,9.7,54.5,65.7
68.6,48.1,22.3,,,,24.4,67.4,35.9,9.8,54.5,65.5
87.6,42.7,37.325,,,,24.1,67.5,35.9,9.8,54.5,66.45
87.6,41.51666666666667,52.35,,,,24.1,66.2,35.9,9.8,54.5,66.8
45.5,40.333333333333336,53.375,,,,38.8,67.3,41.2,9.8,54.5,66.0
45.5,39.150000000000006,54.4,,,,232.0,59.95,39.5,9.8,54.5,65.9
45.6,18.25,48.2,,,,43.0,66.25,39.5,9.9,60.7,65.2
45.7,26.85,46.9,,,,43.1,77.9,39.4,9.9,,64.3
45.8,27.425,43.05,,,,104.3,62.2,39.5,9.9,,61.6
49.3,28.0,41.6,,,,104.5,68.1,36.0,9.9,,65.6
49.3,21.8,23.15,,,,104.7,71.3,36.0,9.9,,65.9
49.4,22.4,32.35,,,,48.4,69.15,64.4,8.6,,66.2
49.5,22.55,66.5,,,,48.4,66.2,64.6,8.55,,63.3
49.5,29.1,49.55,,,,72.7,72.9,64.5,137.3,,60.35
49.6,20.0,42.2,,,,60.5,63.5,64.5,8.6,,58.3
49.7,26.7,49.3,,,,52.8,66.3,64.5,8.6,,53.7
49.5,26.700000000000003,40.33333333333333,,,,78.3,66.5,64.5,8.6,,53.9
43.1,29.85,31.366666666666664,,,,104.4,62.5,64.5,8.6,,55.9
31.8,33.0,22.4,,,,96.35,62.3,64.4,8.6,,54.9
46.4,29.6,29.2,,,,88.30000000000001,78.2,64.5,8.6,,54.2
25.2,55.7,64.7,,,,80.25,73.6,64.5,9.7,,54.3
28.3,11.55,17.5,,,,72.2,63.5,64.5,9.6,,54.2
46.7,46.95,25.75,,,,64.15,66.2,64.5,8.6,,63.7
46.9,62.9,6.35,,,,56.1,51.3,64.5,8.6,,65.0
25.2,30.3,32.7,,,,48.05,51.3,64.5,8.6,,62.95
25.2,56.3,17.25,,,,40.0,53.650000000000006,64.5,8.7,,62.9
25.2,4.1,27.275,,,,31.950000000000003,62.4,64.5,9.7,,59.4
25.2,16.65,37.3,,,,23.9,68.4,64.6,9.8,,63.5
25.2,29.2,55.25,,,,28.6875,70.5,64.6,9.7,,59.3
25.3,41.75,61.650000000000006,,,,33.474999999999994,72.8,64.6,9.8,,53.6
25.3,54.3,60.2,,,,38.2625,102.6,64.5,9.8,,53.4
25.3,26.65,31.4,,,,43.05,102.5,64.5,9.8,,53.6
25.4,26.5,55.9,,,,55.16666666666666,102.6,64.7,9.7,,53.4
25.5,45.9,64.3,,,,67.28333333333333,102.6,64.7,9.8,,47.5
25.6,3.7,51.5,,,,79.4,67.0,64.7,9.9,,49.95
25.6,7.1,51.7,,,,71.45,66.4,64.6,9.9,,48.1
25.7,35.9,40.05,,,,63.5,62.4,64.7,9.9,,46.8
28.0,33.725,8.5,,,,54.650000000000006,53.8,68.0,9.9,,48.2
50.9,31.55,0.6,,,,79.6,56.2,69.6,9.9,,48.05
50.95,4.1,219.6,,,,66.35,50.5,69.6,9.9,,48.6
51.1,21.6,36.9,,,,53.1,50.1,64.7,9.9,,48.6
53.1,39.1,43.6,,,,73.1,51.8,67.9,10.0,,48.4
51.3,8.649999999999999,67.3,,,,87.23333333333333,52.8,55.0,10.0,,49.6
53.5,8.8,49.4,,,,101.36666666666666,52.9,68.1,10.0,,52.2
68.0,0.4,40.0,,,,115.5,51.5,68.1,10.0,,67.25
70.6,23.15,65.25,,,,115.25,52.1,68.1,10.0,,67.8
68.3,25.6,62.9,,,,110.1875,51.9,68.0,10.0,,70.9
68.2,20.700000000000003,44.6,,,,105.125,51.4,68.1,10.0,,70.15
68.3,15.8,34.9,,,,100.0625,48.5,68.1,10.0,,67.2
68.4,10.9,50.4,,,,95.0,49.2,68.1,10.1,,64.1
68.5,26.2,69.5,,,,89.9375,49.1,68.1,10.1,,64.1
68.6,48.0,67.1,,,,84.875,52.9,68.05,10.1,,64.1
68.7,42.875,59.0,,,,79.8125,57.7,68.1,10.1,,67.2
68.7,37.75,,,,,74.75,54.0,68.1,10.1,,67.1
68.7,23.4,,,,,69.6875,52.5,68.0,10.1,,68.1
66.8,47.05,,,,,64.625,75.8,68.0,10.1,,69.4
66.8,11.55,,,,,59.5625,64.1,52.9,10.0,,70.6
46.7,0.5,,,,,54.5,76.55,68.0,10.1,,70.5
37.9,0.5,,,,,52.5,83.5,68.0,10.0,,66.6
38.0,31.9,,,,,50.5,75.7,52.9,10.1,,66.4
40.3,39.9,,,,,48.5,99.4,68.0,10.1,,66.1
14.9,19.7,,,,,46.5,102.6,68.0,10.1,,66.0
40.4,19.6,,,,,44.5,102.7,68.0,10.1,,62.2
40.5,16.8,,,,,42.5,68.5,68.1,10.1,,58.3
12.7,72.3,,,,,40.5,78.0,72.9,10.1,,59.75
12.7,36.4,,,,,38.5,76.7,68.1,10.1,,60.6
13.75,40.150000000000006,,,,,38.3,69.5,55.0,10.2,,44.6
18.5,11.5,,,,,38.4,69.3,68.1,10.2,,34.6
12.7,58.35,,,,,19.3,60.2,68.1,10.2,,37.9
12.8,23.7,,,,,34.45,69.5,68.1,10.2,,43.4
12.8,35.4,,,,,49.6,69.6,68.0,10.2,,39.5
62.8,29.7,,,,,43.95,68.1,53.0,10.2,,50.8
3.1,26.25,,,,,38.3,69.6,68.0,10.2,,32.6
3.1,47.7,,,,,38.3,69.7,67.8,10.2,,29.85
12.0,48.0,,,,,58.900000000000006,64.3,53.1,10.2,,51.4
3.2,40.5,,,,,109.70000000000002,69.3,68.1,10.2,,51.8
9.6,,,,,,160.5,69.4,53.1,10.2,,53.85
48.6,,,,,,211.3,75.7,39.7,10.2,,53.3
52.5,,,,,,36.85,87.2,73.9,10.2,,59.1
57.4,,,,,,67.5,87.2,53.0,10.2,,59.1
53.1,,,,,,38.9,102.6,51.3,10.2,,53.9
49.4,,,,,,57.6,75.2,51.2,10.2,,53.7
52.2,,,,,,73.3,74.94999999999999,51.2,10.3,,51.5
56.8,,,,,,434.4,77.0,73.7,10.2,,54.5
44.0,,,,,,36.45,71.9,73.8,10.3,,56.1
47.1,,,,,,33.9,76.4,73.8,10.3,,58.9
48.7,,,,,,45.9,76.8,73.8,10.2,,59.2
50.6,,,,,,45.9,76.8,73.8,10.3,,56.3
47.4,,,,,,45.7,78.1,73.8,10.3,,56.6
58.4,,,,,,46.1,74.5,73.8,10.3,,56.3
74.6,,,,,,37.75,74.15,73.9,10.3,,56.3
,,,,,,36.4,78.0,73.9,58.5,,56.3
,,,,,,37.95,75.9,73.9,55.4,,59.3
,,,,,,74.19999999999999,75.95,59.6,57.3,,59.5
,,,,,,56.2,87.3,59.7,43.2,,59.3
,,,,,,38.2,71.0,59.7,43.2,,59.85
,,,,,,73.3,62.2,59.7,43.2,,66.5
,,,,,,73.25,68.75,59.2,10.4,,65.7
,,,,,,73.0,67.9,55.1,10.4,,69.4
,,,,,,80.0,77.6,56.8,10.4,,72.1
,,,,,,72.9,76.8,59.6,10.4,,73.7
,,,,,,71.95,77.80000000000001,59.7,10.4,,73.6
,,,,,,64.3,77.4,59.7,10.3,,72.4
,,,,,,56.65,76.9,59.7,10.3,,73.1
,,,,,,49.0,87.25,59.650000000000006,10.3,,76.8
,,,,,,57.35,102.8,52.0,10.3,,73.6
,,,,,,53.575,102.8,55.0,10.3,,68.6
,,,,,,49.8,102.7,55.0,10.3,,66.0
,,,,,,52.9,76.5,55.1,10.3,,66.0
,,,,,,56.0,75.8,55.1,10.3,,65.7
,,,,,,71.6,76.6,59.8,10.3,,62.3
,,,,,,80.65,76.1,59.8,10.3,,59.6
,,,,,,76.28750000000001,76.4,56.0,10.35,,61.0
,,,,,,71.92500000000001,77.4,59.8,10.4,,76.6
,,,,,,67.5625,76.4,59.9,10.4,,77.0
,,,,,,63.2,76.6,59.8,10.3,,76.9
,,,,,,64.2,75.8,59.8,10.4,,77.0
,,,,,,45.7,78.1,59.9,10.4,,77.0
,,,,,,63.2,75.45,59.9,10.4,,77.2
,,,,,,63.3,76.8,59.9,10.4,,77.2
,,,,,,63.3,84.1,109.2,10.3,,77.3
,,,,,,63.3,78.15,59.9,10.4,,77.35
,,,,,,64.2,90.9,59.9,10.4,,77.1
,,,,,,63.2,96.05,60.0,10.4,,77.4
,,,,,,63.3,101.45,67.7,10.4,,77.4
,,,,,,63.2,97.7,60.0,10.4,,75.3
,,,,,,63.2,76.8,60.0,10.4,,78.69999999999999
,,,,,,63.3,76.5,60.0,10.4,,81.7
,,,,,,63.2,75.4,60.0,10.4,,
,,,,,,63.2,75.3,59.9,10.4,,
,,,,,,20.6,79.7,60.0,10.5,,
,,,,,,20.6,81.55000000000001,62.7,10.5,,
,,,,,,20.5,76.1,38.4,10.5,,
,,,,,,20.6,69.5,37.4,10.5,,
,,,,,,21.4,69.0,37.5,10.6,,
,,,,,,21.5,74.8,87.0,10.6,,
,,,,,,20.6,74.6,60.0,10.6,,
,,,,,,20.6,75.0,87.0,10.7,,
,,,,,,20.6,74.75,60.1,10.7,,
,,,,,,21.5,75.0,37.5,10.5,,
,,,,,,21.5,74.8,37.5,10.4,,
,,,,,,27.4,64.3,37.6,10.5,,
,,,,,,27.3,64.1,37.5,10.5,,
,,,,,,27.4,71.3,37.5,10.4,,
,,,,,,28.2,75.0,37.6,10.5,,
,,,,,,28.2,76.1,37.5,10.5,,
,,,,,,27.3,76.4,51.7,10.5,,
,,,,,,27.3,75.44999999999999,87.0,10.5,,
,,,,,,27.3,76.1,87.1,10.5,,
,,,,,,28.1,76.8,87.1,10.5,,
,,,,,,21.6,77.3,37.5,10.6,,
,,,,,,28.2,76.1,37.5,10.5,,
,,,,,,28.2,77.3,37.4,10.6,,
,,,,,,28.2,77.3,37.4,10.5,,
,,,,,,21.6,77.6,37.4,10.55,,
,,,,,,37.5,76.2,37.4,10.5,,
,,,,,,27.5,76.0,37.5,10.4,,
,,,,,,73.3,74.55,37.5,10.4,,
,,,,,,73.2,74.9,37.5,10.5,,
,,,,,,73.2,74.9,37.4,10.4,,
,,,,,,69.9,66.4,37.4,10.4,,
,,,,,,69.9,68.15,37.4,10.5,,
,,,,,,69.9,68.9,37.5,10.5,,
,,,,,,70.0,66.95,37.4,10.5,,
,,,,,,83.2,66.9,37.5,10.5,,
,,,,,,76.3,68.2,37.5,10.5,,
,,,,,,76.2,73.6,37.4,10.5,,
,,,,,,83.1,74.8,37.4,10.5,,
,,,,,,83.1,73.3,37.4,10.5,,
,,,,,,84.5,64.7,37.5,10.5,,
,,,,,,214.0,66.6,37.6,10.5,,
,,,,,,160.2,66.2,37.6,10.5,,
,,,,,,91.3,59.3,37.6,10.5,,
,,,,,,95.1,65.0,37.7,10.5,,
,,,,,,102.05,60.2,37.6,10.4,,
,,,,,,109.0,73.6,37.7,10.4,,
,,,,,,105.8,73.15,37.7,10.4,,
,,,,,,84.7,64.9,37.7,10.4,,
,,,,,,83.1,67.5,37.7,10.4,,
,,,,,,107.55,68.3,37.6,10.4,,
,,,,,,94.1,70.3,37.6,10.4,,
,,,,,,84.3,74.2,37.6,10.4,,
,,,,,,94.5,74.8,37.6,10.4,,
,,,,,,90.65,74.6,37.6,10.5,,
,,,,,,75.5,75.5,37.7,10.5,,
,,,,,,90.6,74.55,37.6,44.0,,
,,,,,,88.7,65.85,37.7,37.1,,
,,,,,,115.6,73.7,37.6,35.7,,
,,,,,,77.2,68.4,37.7,38.2,,
,,,,,,42.5,62.3,37.7,38.2,,
,,,,,,37.6,59.4,37.6,38.8,,
,,,,,,0.3,59.4,37.7,37.3,,
,,,,,,0.4,59.3,37.7,38.0,,
,,,,,,0.4,59.2,37.7,39.05,,
,,,,,,0.4,59.4,51.7,51.8,,
,,,,,,0.5,60.2,51.7,48.7,,
,,,,,,0.5,70.9,51.6,32.5,,
,,,,,,0.5,59.3,51.6,32.8,,
,,,,,,75.3,59.1,51.5,55.4,,
,,,,,,75.4,57.2,33.95,32.9,,
,,,,,,77.7,59.0,23.7,39.9,,
,,,,,,77.7,59.2,23.7,38.1,,
,,,,,,75.4,57.25,51.7,42.4,,
,,,,,,75.4,57.3,51.7,59.6,,
,,,,,,75.4,59.4,37.6,60.150000000000006,,
,,,,,,77.7,59.4,37.5,61.7,,
,,,,,,77.7,60.3,37.6,62.1,,
,,,,,,77.7,59.4,37.6,32.2,,
,,,,,,77.7,57.2,37.6,34.6,,
,,,,,,77.7,58.95,49.7,55.3,,
,,,,,,77.7,57.1,37.7,30.8,,
,,,,,,77.7,57.1,37.5,31.4,,
,,,,,,77.8,57.0,37.6,33.2,,
,,,,,,77.8,48.8,37.6,34.75,,
,,,,,,77.7,48.8,37.6,60.75,,
,,,,,,43.650000000000006,41.7,37.6,34.2,,
,,,,,,22.7,41.7,52.9,30.4,,
,,,,,,22.7,41.7,37.6,30.25,,
,,,,,,22.7,45.35,51.7,32.0,,
,,,,,,40.9,41.6,51.7,31.4,,
,,,,,,41.0,47.9,51.7,31.8,,
,,,,,,34.4,42.1,51.7,33.0,,
,,,,,,34.4,41.7,53.2,29.45,,
,,,,,,20.5,41.6,58.4,33.55,,
,,,,,,38.6,48.9,59.4,32.6,,
,,,,,,41.1,51.35,59.5,55.1,,
,,,,,,99.0,52.5,82.2,30.4,,
,,,,,,71.55000000000001,50.45,82.2,29.4,,
,,,,,,57.6,59.05,82.2,32.2,,
,,,,,,67.1,48.6,84.2,30.5,,
,,,,,,76.5,48.4,84.4,31.4,,
,,,,,,102.5,49.9,52.4,30.3,,
,,,,,,102.5,55.6,40.75,56.7,,
,,,,,,102.5,53.1,60.7,56.8,,
,,,,,,76.4,59.0,51.05,30.5,,
,,,,,,102.4,59.4,43.400000000000006,32.1,,
,,,,,,40.0,59.6,46.2,55.9,,
,,,,,,102.2,59.4,73.7,30.65,,
,,,,,,102.4,58.05,75.8,55.2,,
,,,,,,102.4,59.3,,27.0,,
,,,,,,102.4,54.9,,29.75,,
,,,,,,102.4,59.2,,25.8,,
,,,,,,102.4,59.150000000000006,,19.8,,
,,,,,,102.5,59.4,,15.6,,
,,,,,,102.5,59.4,,20.4,,
,,,,,,22.8,52.85,,13.85,,
,,,,,,27.5,57.2,,15.6,,
,,,,,,22.5,55.2,,15.2,,
,,,,,,20.6,59.4,,16.15,,
,,,,,,22.3,57.1,,15.7,,
,,,,,,20.4,58.0,,24.0,,
,,,,,,32.85,57.2,,24.0,,
,,,,,,63.650000000000006,53.2,,19.5,,
,,,,,,42.8,57.0,,15.5,,
,,,,,,39.0,57.1,,12.5,,
,,,,,,42.7,59.3,,12.7,,
,,,,,,41.6,59.2,,19.25,,
,,,,,,41.5,57.9,,18.5,,
,,,,,,79.3,59.4,,15.15,,
,,,,,,79.0,59.3,,24.2,,
,,,,,,64.9,59.5,,21.1,,
,,,,,,64.8,59.6,,20.6,,
,,,,,,65.1,60.7,,24.1,,
,,,,,,64.9,59.6,,25.0,,
,,,,,,64.8,61.25,,24.1,,
,,,,,,85.5,59.4,,23.2,,
,,,,,,79.1,59.6,,23.9,,
,,,,,,62.2,59.4,,18.6,,
,,,,,,61.7,54.650000000000006,,14.0,,
,,,,,,79.0,59.5,,13.3,,
,,,,,,81.44999999999999,59.2,,12.5,,
,,,,,,63.1,59.0,,16.35,,
,,,,,,63.6,59.5,,14.6,,
,,,,,,77.7,59.2,,57.7,,
,,,,,,64.2,57.9,,56.9,,
,,,,,,70.2,65.9,,40.5,,
,,,,,,73.5,61.6,,23.8,,
,,,,,,73.5,66.0,,61.3,,
,,,,,,36.7,66.0,,55.55,,
,,,,,,21.4,77.8,,34.3,,
,,,,,,21.2,77.8,,31.7,,
,,,,,,21.1,77.9,,32.3,,
,,,,,,21.2,77.9,,32.7,,
,,,,,,21.2,77.9,,33.3,,
,,,,,,35.1,77.8,,48.0,,
,,,,,,74.8,77.9,,40.7,,
,,,,,,101.4,77.9,,36.9,,
,,,,,,90.6,77.9,,30.9,,
,,,,,,87.7,77.8,,32.1,,
,,,,,,102.5,77.7,,26.3,,
,,,,,,97.5,77.7,,30.0,,
,,,,,,95.75,67.6,,26.3,,
,,,,,,83.1,59.5,,29.9,,
,,,,,,82.9,59.3,,27.75,,
,,,,,,78.8,58.6,,32.8,,
,,,,,,67.3,59.4,,40.35,,
,,,,,,59.3,60.1,,61.4,,
,,,,,,59.4,63.7,,61.5,,
,,,,,,60.2,76.65,,58.1,,
,,,,,,63.9,77.9,,50.15,,
,,,,,,63.4,54.9,,48.0,,
,,,,,,59.4,48.4,,57.2,,
,,,,,,60.4,50.6,,38.75,,
,,,,,,60.5,57.5,,37.5,,
,,,,,,58.4,76.3,,25.55,,
,,,,,,58.5,77.9,,38.1,,
,,,,,,57.3,77.8,,36.7,,
,,,,,,47.55,62.75,,25.95,,
,,,,,,44.6,61.75,,20.6,,
,,,,,,43.9,77.7,,25.35,,
,,,,,,40.6,58.35,,35.7,,
,,,,,,20.0,48.95,,24.3,,
,,,,,,20.0,50.85,,40.0,,
,,,,,,56.7,48.1,,54.7,,
,,,,,,40.4,48.0,,27.85,,
,,,,,,40.7,48.9,,156.95,,
,,,,,,40.3,52.3,,222.7,,
,,,,,,56.8,48.2,,13.7,,
,,,,,,56.8,49.5,,6.1,,
,,,,,,56.6,49.05,,6.0,,
,,,,,,56.8,49.0,,18.45,,
,,,,,,56.5,49.4,,10.2,,
,,,,,,41.0,48.0,,27.85,,
,,,,,,56.5,52.7,,6.1,,
,,,,,,56.9,54.8,,6.1,,
,,,,,,56.9,56.75,,6.1,,
,,,,,,57.2,74.9,,7.6,,
,,,,,,48.8,77.8,,57.2,,
,,,,,,57.2,54.6,,57.3,,
,,,,,,51.9,53.4,,57.3,,
,,,,,,56.2,51.0,,44.2,,
,,,,,,56.0,47.0,,57.3,,
,,,,,,55.9,51.7,,44.2,,
,,,,,,57.0,59.3,,44.3,,
,,,,,,55.0,49.3,,44.4,,
,,,,,,55.0,49.0,,57.3,,
,,,,,,55.8,48.9,,44.4,,
,,,,,,44.6,62.5,,44.5,,
,,,,,,44.6,53.3,,44.5,,
,,,,,,48.0,55.9,,44.6,,
,,,,,,53.55,55.9,,44.6,,
,,,,,,59.8,53.650000000000006,,44.5,,
,,,,,,44.3,52.3,,44.6,,
,,,,,,20.1,52.4,,44.6,,
,,,,,,20.1,47.1,,51.8,,
,,,,,,67.1,48.0,,55.1,,
,,,,,,70.5,46.9,,44.6,,
,,,,,,30.4,46.9,,55.45,,
,,,,,,67.0,46.9,,44.55,,
,,,,,,50.6,48.1,,57.4,,
,,,,,,39.0,48.2,,57.4,,
,,,,,,38.9,47.9,,57.4,,
,,,,,,38.9,50.9,,57.4,,
,,,,,,38.9,48.3,,44.6,,
,,,,,,44.7,50.9,,44.5,,
,,,,,,38.7,51.0,,44.6,,
,,,,,,20.1,48.7,,44.6,,
,,,,,,22.3,48.0,,44.6,,
,,,,,,23.5,46.9,,44.5,,
,,,,,,20.9,47.6,,44.5,,
,,,,,,53.2,47.0,,44.55,,
,,,,,,20.8,47.3,,55.5,,
,,,,,,53.7,49.2,,55.4,,
,,,,,,76.7,47.55,,44.6,,
,,,,,,70.7,52.0,,44.6,,
,,,,,,70.7,54.7,,55.3,,
,,,,,,51.6,50.9,,55.4,,
,,,,,,24.8,50.4,,55.3,,
,,,,,,24.6,51.55,,55.3,,
,,,,,,24.5,49.45,,47.2,,
,,,,,,32.3,46.6,,47.1,,
,,,,,,26.5,46.7,,48.1,,
,,,,,,20.4,48.9,,57.4,,
,,,,,,44.5,49.4,,57.5,,
,,,,,,56.7,52.2,,57.5,,
,,,,,,48.9,52.1,,57.5,,
,,,,,,43.2,52.5,,57.5,,
,,,,,,42.4,52.4,,57.5,,
,,,,,,49.0,52.4,,57.5,,
,,,,,,42.5,51.6,,57.5,,
,,,,,,33.8,53.400000000000006,,57.5,,
,,,,,,42.8,52.7,,62.1,,
,,,,,,33.8,56.0,,62.1,,
,,,,,,33.8,54.4,,57.6,,
,,,,,,44.5,49.3,,57.5,,
,,,,,,35.3,48.8,,57.5,,
,,,,,,33.9,46.8,,62.1,,
,,,,,,33.8,46.8,,62.1,,
,,,,,,48.5,46.8,,57.4,,
,,,,,,47.0,46.8,,62.1,,
,,,,,,44.150000000000006,46.7,,62.2,,
,,,,,,70.05,46.7,,62.2,,
,,,,,,51.5,46.7,,62.2,,
,,,,,,71.5,47.1,,62.2,,
,,,,,,47.7,46.9,,61.6,,
,,,,,,43.0,48.25,,61.6,,
,,,,,,49.0,55.4,,61.6,,
,,,,,,42.9,48.05,,61.6,,
,,,,,,42.7,47.150000000000006,,61.7,,
,,,,,,49.0,48.3,,61.6,,
,,,,,,51.6,46.9,,61.6,,
,,,,,,69.9,47.150000000000006,,61.6,,
,,,,,,67.4,54.25,,61.6,,
,,,,,,51.900000000000006,47.9,,61.6,,
,,,,,,38.6,47.2,,61.6,,
,,,,,,50.3,46.7,,61.6,,
,,,,,,57.8,46.7,,61.6,,
,,,,,,63.3,51.5,,61.7,,
,,,,,,52.8,59.95,,61.7,,
,,,,,,49.3,74.9,,61.8,,
,,,,,,48.1,74.9,,62.1,,
,,,,,,47.1,66.0,,61.7,,
,,,,,,73.8,54.8,,61.6,,
,,,,,,48.3,58.3,,61.6,,
,,,,,,47.0,64.0,,61.0,,
,,,,,,47.4,54.8,,61.7,,
,,,,,,56.2,66.0,,61.6,,
,,,,,,65.0,66.3,,61.6,,
,,,,,,50.7,66.5,,61.7,,
,,,,,,43.9,66.3,,61.6,,
,,,,,,55.45,66.2,,61.6,,
,,,,,,50.1,64.7,,61.6,,
,,,,,,53.8,54.8,,61.7,,
,,,,,,47.8,66.3,,61.7,,
,,,,,,49.7,59.5,,61.6,,
,,,,,,34.0,62.9,,62.2,,
,,,,,,42.8,66.4,,62.2,,
,,,,,,50.2,64.8,,62.3,,
,,,,,,50.2,61.5,,63.1,,
,,,,,,57.9,51.1,,63.2,,
,,,,,,50.0,56.1,,62.2,,
,,,,,,49.8,61.4,,62.3,,
,,,,,,44.9,65.7,,63.1,,
,,,,,,45.6,48.9,,63.1,,
,,,,,,47.3,51.3,,63.1,,
,,,,,,50.2,51.2,,62.6,,
,,,,,,50.2,48.6,,63.1,,
,,,,,,44.7,53.2,,63.1,,
,,,,,,50.3,59.5,,63.1,,
,,,,,,50.3,48.85,,63.1,,
,,,,,,50.0,53.9,,62.5,,
,,,,,,50.2,66.1,,63.0,,
,,,,,,50.2,66.2,,63.1,,
,,,,,,50.2,52.8,,63.1,,
,,,,,,50.2,46.8,,63.1,,
,,,,,,52.0,46.7,,63.1,,
,,,,,,53.6,46.8,,63.1,,
,,,,,,62.1,46.7,,63.1,,
,,,,,,93.2,59.7,,63.1,,
,,,,,,73.3,46.6,,61.7,,
,,,,,,92.7,46.7,,57.7,,
,,,,,,100.05,46.6,,57.6,,
,,,,,,57.3,46.9,,57.6,,
,,,,,,57.8,48.4,,57.6,,
,,,,,,11.6,48.1,,57.6,,
,,,,,,11.5,46.95,,55.5,,
,,,,,,29.3,46.7,,55.5,,
,,,,,,29.4,48.4,,55.6,,
,,,,,,57.7,49.25,,57.6,,
,,,,,,62.2,47.0,,57.6,,
,,,,,,45.3,47.1,,55.5,,
,,,,,,45.4,47.0,,47.3,,
,,,,,,51.2,61.2,,47.3,,
,,,,,,44.4,63.1,,47.3,,
,,,,,,41.5,62.5,,47.3,,
,,,,,,41.1,61.9,,47.3,,
,,,,,,41.1,51.0,,47.3,,
,,,,,,63.95,50.2,,47.3,,
,,,,,,70.9,50.650000000000006,,47.3,,
,,,,,,61.0,44.9,,47.3,,
,,,,,,41.3,42.2,,55.5,,
,,,,,,41.5,51.0,,47.4,,
,,,,,,35.2,50.2,,57.6,,
,,,,,,40.5,52.05,,57.6,,
,,,,,,40.6,64.4,,47.4,,
,,,,,,53.6,54.650000000000006,,57.6,,
,,,,,,74.7,52.7,,57.6,,
,,,,,,74.85,57.2,,57.6,,
,,,,,,62.2,51.4,,57.6,,
,,,,,,24.15,57.0,,57.35,,
,,,,,,78.2,51.2,,57.6,,
,,,,,,74.7,54.85,,57.6,,
,,,,,,66.0,51.1,,57.6,,
,,,,,,74.5,50.8,,51.5,,
,,,,,,74.7,60.95,,47.4,,
,,,,,,74.7,56.05,,57.6,,
,,,,,,75.9,65.7,,47.3,,
,,,,,,75.9,54.4,,48.2,,
,,,,,,74.8,65.4,,57.6,,
,,,,,,74.6,54.3,,57.6,,
,,,,,,46.0,50.6,,47.3,,
,,,,,,14.9,49.650000000000006,,57.5,,
,,,,,,14.9,65.6,,57.6,,
,,,,,,29.8,66.1,,57.6,,
,,,,,,51.0,60.9,,57.6,,
,,,,,,50.7,40.55,,59.9,,
,,,,,,49.35,66.15,,62.0,,
,,,,,,49.25,68.6,,62.0,,
,,,,,,57.9,65.9,,62.0,,
,,,,,,61.1,64.5,,59.9,,
,,,,,,51.3,52.8,,58.3,,
,,,,,,66.6,50.6,,46.6,,
,,,,,,66.75,52.3,,46.4,,
,,,,,,66.8,52.3,,46.4,,
,,,,,,40.25,49.4,,46.4,,
,,,,,,74.65,50.6,,47.2,,
,,,,,,62.4,50.6,,53.1,,
,,,,,,68.3,52.650000000000006,,57.7,,
,,,,,,69.0,55.4,,57.6,,
,,,,,,69.0,68.2,,57.7,,
,,,,,,23.65,66.2,,57.7,,
,,,,,,74.6,66.05,,57.7,,
,,,,,,74.8,66.6,,57.8,,
,,,,,,74.6,50.8,,57.8,,
,,,,,,74.6,50.5,,57.7,,
,,,,,,74.8,49.2,,57.7,,
,,,,,,74.8,51.2,,57.7,,
,,,,,,74.9,51.0,,58.55,,
,,,,,,74.5,50.9,,57.7,,
,,,,,,66.2,50.9,,57.6,,
,,,,,,68.6,50.7,,50.3,,
,,,,,,68.4,51.0,,50.0,,
,,,,,,74.2,50.9,,52.05,,
,,,,,,62.35,50.9,,51.650000000000006,,
,,,,,,,50.8,,57.5,,
,,,,,,,50.8,,55.4,,
,,,,,,,48.6,,57.5,,
,,,,,,,48.7,,48.9,,
,,,,,,,48.8,,49.4,,
,,,,,,,50.7,,49.3,,
,,,,,,,50.8,,49.1,,
,,,,,,,48.5,,49.0,,
,,,,,,,49.5,,48.6,,
,,,,,,,50.3,,48.2,,
,,,,,,,50.8,,50.2,,
,,,,,,,50.8,,56.5,,
,,,,,,,49.8,,57.6,,
,,,,,,,50.8,,55.25,,
,,,,,,,49.55,,57.7,,
,,,,,,,50.7,,57.7,,
,,,,,,,50.8,,57.6,,
,,,,,,,50.8,,59.5,,
,,,,,,,46.8,,64.3,,
,,,,,,,50.2,,64.4,,
,,,,,,,50.9,,62.8,,
,,,,,,,47.0,,57.7,,
,,,,,,,48.85,,58.0,,
,,,,,,,50.9,,64.4,,
,,,,,,,50.9,,64.5,,
,,,,,,,50.9,,65.0,,
,,,,,,,51.0,,62.1,,
,,,,,,,46.7,,62.8,,
,,,,,,,50.8,,62.9,,
,,,,,,,50.9,,64.5,,
,,,,,,,49.6,,64.5,,
,,,,,,,50.9,,64.4,,
,,,,,,,47.5,,64.5,,
,,,,,,,49.5,,64.5,,
,,,,,,,50.9,,64.3,,
,,,,,,,50.9,,65.0,,
,,,,,,,50.8,,65.0,,
,,,,,,,50.8,,65.0,,
,,,,,,,47.650000000000006,,65.5,,
,,,,,,,49.6,,65.1,,
,,,,,,,50.7,,65.3,,
,,,,,,,49.6,,65.45,,
,,,,,,,49.6,,65.6,,
,,,,,,,50.9,,65.0,,
,,,,,,,49.8,,64.9,,
,,,,,,,49.4,,64.5,,
,,,,,,,50.0,,64.5,,
,,,,,,,50.9,,64.5,,
,,,,,,,50.9,,64.9,,
,,,,,,,50.9,,63.3,,
,,,,,,,50.9,,58.3,,
,,,,,,,45.5,,62.35,,
,,,,,,,44.4,,61.4,,
,,,,,,,45.5,,60.8,,
,,,,,,,44.9,,55.5,,
,,,,,,,49.9,,53.75,,
,,,,,,,45.3,,59.7,,
,,,,,,,45.3,,55.45,,
,,,,,,,44.1,,56.25,,
,,,,,,,45.5,,53.9,,
,,,,,,,43.5,,55.05,,
,,,,,,,44.2,,52.7,,
,,,,,,,45.5,,52.9,,
,,,,,,,46.6,,52.0,,
,,,,,,,50.9,,51.8,,
,,,,,,,52.2,,51.7,,
,,,,,,,50.8,,52.0,,
,,,,,,,50.7,,53.9,,
,,,,,,,50.8,,61.4,,
,,,,,,,56.0,,61.4,,
,,,,,,,57.2,,59.6,,
,,,,,,,50.8,,57.8,,
,,,,,,,49.6,,54.8,,
,,,,,,,49.4,,59.7,,
,,,,,,,45.9,,59.650000000000006,,
,,,,,,,49.1,,59.5,,
,,,,,,,45.5,,55.9,,
,,,,,,,49.2,,53.2,,
,,,,,,,49.3,,52.0,,
,,,,,,,49.3,,54.2,,
,,,,,,,45.6,,53.4,,
,,,,,,,45.4,,53.8,,
,,,,,,,45.5,,54.5,,
,,,,,,,45.3,,58.5,,
,,,,,,,45.3,,56.0,,
,,,,,,,45.3,,53.3,,
,,,,,,,48.3,,59.4,,
,,,,,,,49.1,,55.85,,
,,,,,,,49.3,,59.5,,
,,,,,,,50.6,,59.7,,
,,,,,,,57.3,,59.7,,
,,,,,,,49.7,,59.7,,
,,,,,,,57.3,,59.7,,
,,,,,,,50.5,,61.5,,
,,,,,,,49.3,,61.2,,
,,,,,,,49.2,,59.9,,
,,,,,,,61.9,,59.8,,
,,,,,,,49.2,,62.1,,
,,,,,,,61.6,,61.4,,
,,,,,,,52.2,,61.4,,
,,,,,,,61.7,,61.9,,
,,,,,,,58.8,,59.9,,
,,,,,,,53.9,,59.8,,
,,,,,,,49.2,,59.8,,
,,,,,,,61.6,,68.0,,
,,,,,,,65.1,,67.9,,
,,,,,,,64.1,,68.0,,
,,,,,,,65.3,,59.9,,
,,,,,,,67.3,,68.2,,
,,,,,,,67.4,,67.9,,
,,,,,,,66.4,,68.1,,
,,,,,,,65.3,,64.9,,
,,,,,,,65.3,,64.1,,
,,,,,,,65.45,,62.0,,
,,,,,,,65.3,,61.4,,
,,,,,,,64.2,,64.4,,
,,,,,,,64.1,,59.9,,
,,,,,,,64.7,,59.9,,
,,,,,,,50.8,,59.9,,
,,,,,,,50.8,,59.9,,
,,,,,,,50.6,,59.9,,
,,,,,,,49.2,,59.9,,
,,,,,,,49.2,,60.1,,
,,,,,,,49.2,,60.9,,
,,,,,,,50.55,,60.2,,
,,,,,,,49.2,,60.0,,
,,,,,,,49.2,,59.9,,
,,,,,,,49.3,,59.9,,
,,,,,,,49.2,,59.8,,
,,,,,,,49.2,,59.8,,
,,,,,,,49.2,,59.7,,
,,,,,,,49.2,,59.8,,
,,,,,,,64.1,,59.7,,
,,,,,,,64.1,,59.8,,
,,,,,,,64.2,,64.1,,
,,,,,,,66.5,,59.9,,
,,,,,,,66.5,,59.9,,
,,,,,,,65.4,,64.8,,
,,,,,,,67.4,,62.1,,
,,,,,,,67.4,,59.9,,
,,,,,,,67.5,,59.8,,
,,,,,,,67.5,,58.5,,
,,,,,,,67.4,,61.5,,
,,,,,,,50.6,,61.9,,
,,,,,,,67.3,,62.0,,
,,,,,,,67.4,,62.0,,
,,,,,,,67.4,,62.0,,
,,,,,,,65.3,,62.0,,
,,,,,,,64.3,,62.1,,
,,,,,,,67.3,,62.1,,
,,,,,,,66.5,,62.1,,
,,,,,,,67.3,,62.2,,
,,,,,,,49.5,,62.1,,
,,,,,,,64.3,,62.1,,
,,,,,,,64.3,,62.0,,
,,,,,,,64.3,,62.0,,
,,,,,,,67.4,,62.1,,
,,,,,,,67.5,,62.0,,
,,,,,,,67.3,,60.3,,
,,,,,,,67.4,,51.3,,
,,,,,,,67.3,,62.0,,
,,,,,,,64.4,,62.1,,
,,,,,,,55.0,,62.2,,
,,,,,,,49.3,,62.1,,
,,,,,,,55.1,,62.0,,
,,,,,,,67.4,,62.1,,
,,,,,,,67.4,,60.1,,
,,,,,,,67.4,,60.1,,
,,,,,,,67.4,,60.1,,
,,,,,,,67.3,,60.1,,
,,,,,,,67.2,,62.0,,
,,,,,,,66.8,,62.1,,
,,,,,,,64.5,,62.1,,
,,,,,,,49.5,,62.0,,
,,,,,,,49.4,,61.9,,
,,,,,,,49.5,,60.2,,
,,,,,,,49.5,,60.1,,
,,,,,,,64.5,,58.7,,
,,,,,,,64.5,,58.6,,
,,,,,,,64.5,,58.6,,
,,,,,,,64.5,,58.7,,
,,,,,,,64.5,,62.2,,
,,,,,,,66.6,,62.2,,
,,,,,,,64.5,,62.3,,
,,,,,,,64.5,,62.3,,
,,,,,,,64.4,,62.2,,
,,,,,,,64.5,,62.3,,
,,,,,,,64.75,,62.3,,
,,,,,,,64.65,,62.4,,
,,,,,,,65.8,,62.3,,
,,,,,,,67.4,,62.3,,
,,,,,,,65.8,,62.2,,
,,,,,,,65.9,,54.1,,
,,,,,,,68.0,,48.0,,
,,,,,,,65.8,,48.1,,
,,,,,,,64.5,,48.0,,
,,,,,,,64.5,,48.0,,
,,,,,,,67.5,,54.2,,
,,,,,,,65.9,,54.2,,
,,,,,,,67.7,,48.2,,
,,,,,,,67.9,,48.2,,
,,,,,,,67.9,,48.3,,
,,,,,,,67.5,,58.7,,
,,,,,,,67.6,,48.2,,
,,,,,,,67.5,,48.1,,
,,,,,,,67.5,,41.7,,
,,,,,,,67.6,,48.1,,
,,,,,,,68.0,,48.2,,
,,,,,,,68.8,,58.5,,
,,,,,,,68.3,,58.5,,
,,,,,,,68.1,,60.4,,
,,,,,,,68.2,,60.6,,
,,,,,,,68.8,,60.6,,
,,,,,,,68.8,,48.2,,
,,,,,,,65.9,,48.2,,
,,,,,,,64.7,,48.1,,
,,,,,,,64.6,,46.2,,
,,,,,,,64.7,,48.0,,
,,,,,,,64.6,,45.4,,
,,,,,,,55.45,,45.5,,
,,,,,,,64.8,,46.2,,
,,,,,,,67.65,,48.2,,
,,,,,,,67.8,,48.2,,
,,,,,,,67.7,,48.2,,
,,,,,,,68.1,,48.3,,
,,,,,,,66.1,,48.3,,
,,,,,,,64.9,,48.2,,
,,,,,,,66.0,,48.3,,
,,,,,,,66.0,,48.3,,
,,,,,,,67.7,,48.3,,
,,,,,,,67.65,,48.3,,
,,,,,,,66.75,,49.5,,
,,,,,,,67.7,,48.3,,
,,,,,,,64.7,,48.3,,
,,,,,,,50.7,,48.3,,
,,,,,,,52.5,,48.3,,
,,,,,,,50.6,,49.1,,
,,,,,,,60.8,,48.3,,
,,,,,,,50.6,,50.7,,
,,,,,,,50.6,,50.5,,
,,,,,,,64.6,,50.6,,
,,,,,,,64.6,,48.3,,
,,,,,,,51.4,,50.8,,
,,,,,,,64.7,,50.8,,
,,,,,,,64.8,,50.7,,
,,,,,,,64.6,,50.7,,
,,,,,,,64.7,,50.7,,
,,,,,,,50.5,,50.8,,
,,,,,,,50.6,,50.5,,
,,,,,,,49.4,,50.7,,
,,,,,,,50.7,,50.6,,
,,,,,,,53.7,,51.0,,
,,,,,,,64.7,,50.7,,
,,,,,,,50.6,,48.4,,
,,,,,,,53.9,,48.4,,
,,,,,,,64.7,,48.4,,
,,,,,,,53.8,,48.4,,
,,,,,,,53.8,,48.4,,
,,,,,,,59.3,,48.4,,
,,,,,,,57.5,,48.3,,
,,,,,,,64.7,,48.3,,
,,,,,,,67.7,,48.3,,
,,,,,,,64.7,,48.3,,
,,,,,,,57.0,,48.3,,
,,,,,,,65.8,,48.3,,
,,,,,,,64.9,,48.3,,
,,,,,,,57.0,,48.3,,
,,,,,,,64.4,,48.3,,
,,,,,,,57.1,,48.3,,
,,,,,,,64.7,,48.3,,
,,,,,,,67.4,,48.3,,
,,,,,,,67.3,,48.4,,
,,,,,,,67.4,,48.4,,
,,,,,,,67.3,,48.3,,
,,,,,,,78.0,,48.3,,
,,,,,,,57.1,,48.3,,
,,,,,,,64.4,,48.3,,
,,,,,,,64.3,,48.3,,
,,,,,,,64.3,,48.3,,
,,,,,,,64.3,,48.3,,
,,,,,,,50.9,,48.3,,
,,,,,,,47.7,,48.3,,
,,,,,,,47.7,,48.2,,
,,,,,,,64.8,,48.1,,
,,,,,,,,,48.1,,
,,,,,,,,,48.1,,
,,,,,,,,,48.1,,
,,,,,,,,,48.1,,
,,,,,,,,,48.2,,
,,,,,,,,,48.2,,
,,,,,,,,,45.1,,
,,,,,,,,,48.2,,
,,,,,,,,,61.9,,
,,,,,,,,,61.8,,
,,,,,,,,,61.7,,
,,,,,,,,,51.1,,
,,,,,,,,,51.1,,
,,,,,,,,,51.1,,
,,,,,,,,,51.1,,
,,,,,,,,,51.1,,
,,,,,,,,,51.2,,
,,,,,,,,,51.3,,
,,,,,,,,,55.6,,
,,,,,,,,,55.6,,
,,,,,,,,,53.8,,
,,,,,,,,,52.9,,
,,,,,,,,,49.75,,
,,,,,,,,,49.8,,
,,,,,,,,,49.8,,
,,,,,,,,,49.7,,
,,,,,,,,,49.7,,
,,,,,,,,,49.7,,
,,,,,,,,,50.7,,
,,,,,,,,,42.3,,
,,,,,,,,,45.1,,
,,,,,,,,,45.0,,
,,,,,,,,,45.0,,
,,,,,,,,,45.2,,
,,,,,,,,,45.1,,
,,,,,,,,,45.1,,
,,,,,,,,,46.7,,
,,,,,,,,,46.7,,
,,,,,,,,,45.1,,
,,,,,,,,,45.1,,
,,,,,,,,,45.2,,
,,,,,,,,,45.2,,
,,,,,,,,,46.7,,
,,,,,,,,,46.7,,
,,,,,,,,,46.7,,
,,,,,,,,,45.3,,
,,,,,,,,,45.7,,
,,,,,,,,,45.2,,
,,,,,,,,,45.2,,
,,,,,,,,,45.2,,
,,,,,,,,,45.2,,
,,,,,,,,,45.1,,
,,,,,,,,,41.6,,
,,,,,,,,,44.150000000000006,,
,,,,,,,,,41.6,,
,,,,,,,,,50.8,,
,,,,,,,,,48.45,,
,,,,,,,,,51.1,,
,,,,,,,,,51.2,,
,,,,,,,,,51.1,,
,,,,,,,,,51.6,,
,,,,,,,,,51.0,,
,,,,,,,,,51.0,,
,,,,,,,,,51.0,,
,,,,,,,,,51.0,,
,,,,,,,,,48.4,,
,,,,,,,,,50.9,,
,,,,,,,,,51.0,,
,,,,,,,,,51.0,,
,,,,,,,,,51.1,,
,,,,,,,,,51.3,,
,,,,,,,,,51.3,,
,,,,,,,,,51.1,,
,,,,,,,,,51.1,,
,,,,,,,,,51.3,,
,,,,,,,,,51.3,,
,,,,,,,,,51.4,,
,,,,,,,,,51.5,,
,,,,,,,,,51.6,,
,,,,,,,,,53.8,,
,,,,,,,,,59.6,,
,,,,,,,,,60.1,,
,,,,,,,,,58.8,,
,,,,,,,,,58.8,,
,,,,,,,,,53.8,,
,,,,,,,,,53.7,,
,,,,,,,,,57.55,,
,,,,,,,,,53.5,,
,,,,,,,,,51.4,,
,,,,,,,,,52.0,,
,,,,,,,,,51.7,,
,,,,,,,,,53.9,,
,,,,,,,,,58.2,,
,,,,,,,,,58.5,,
,,,,,,,,,58.2,,
,,,,,,,,,53.7,,
,,,,,,,,,63.5,,
,,,,,,,,,61.0,,
,,,,,,,,,53.5,,
,,,,,,,,,53.5,,
,,,,,,,,,51.7,,
,,,,,,,,,53.6,,
,,,,,,,,,61.1,,
,,,,,,,,,61.4,,
,,,,,,,,,61.3,,
,,,,,,,,,59.2,,
,,,,,,,,,61.4,,
,,,,,,,,,61.4,,
,,,,,,,,,64.0,,
,,,,,,,,,62.7,,
,,,,,,,,,61.95,,
,,,,,,,,,60.25,,
,,,,,,,,,63.9,,
,,,,,,,,,55.95,,
,,,,,,,,,53.6,,
,,,,,,,,,53.6,,
,,,,,,,,,53.7,,
,,,,,,,,,53.6,,
,,,,,,,,,53.6,,
,,,,,,,,,53.6,,
,,,,,,,,,53.7,,
,,,,,,,,,51.5,,
,,,,,,,,,53.45,,
,,,,,,,,,51.8,,
,,,,,,,,,53.5,,
,,,,,,,,,53.4,,
,,,,,,,,,53.5,,
,,,,,,,,,51.1,,
,,,,,,,,,51.1,,
,,,,,,,,,51.3,,
,,,,,,,,,53.6,,
,,,,,,,,,53.7,,
,,,,,,,,,53.7,,
,,,,,,,,,53.7,,
,,,,,,,,,53.6,,
,,,,,,,,,53.7,,
,,,,,,,,,53.7,,
,,,,,,,,,58.0,,
,,,,,,,,,60.8,,
,,,,,,,,,58.9,,
,,,,,,,,,58.3,,
,,,,,,,,,53.7,,
,,,,,,,,,53.7,,
,,,,,,,,,51.8,,
,,,,,,,,,51.4,,
,,,,,,,,,51.5,,
,,,,,,,,,51.5,,
,,,,,,,,,51.2,,
,,,,,,,,,51.2,,
,,,,,,,,,47.0,,
,,,,,,,,,51.1,,
,,,,,,,,,51.4,,
,,,,,,,,,51.8,,
,,,,,,,,,51.6,,
,,,,,,,,,51.6,,
,,,,,,,,,53.5,,
,,,,,,,,,53.6,,
,,,,,,,,,53.4,,
,,,,,,,,,51.5,,
,,,,,,,,,51.6,,
,,,,,,,,,51.6,,
,,,,,,,,,53.7,,
,,,,,,,,,51.6,,
,,,,,,,,,53.6,,
,,,,,,,,,58.0,,
,,,,,,,,,60.35,,
,,,,,,,,,58.35,,
,,,,,,,,,63.1,,
,,,,,,,,,60.9,,
,,,,,,,,,63.0,,
,,,,,,,,,63.6,,
,,,,,,,,,64.0,,
,,,,,,,,,57.85,,
,,,,,,,,,51.7,,
,,,,,,,,,52.0,,
,,,,,,,,,53.7,,
,,,,,,,,,61.0,,
,,,,,,,,,62.5,,
,,,,,,,,,64.2,,
,,,,,,,,,63.9,,
,,,,,,,,,64.3,,
,,,,,,,,,64.3,,
,,,,,,,,,66.1,,
,,,,,,,,,64.3,,
,,,,,,,,,64.3,,
,,,,,,,,,64.2,,
,,,,,,,,,64.2,,
,,,,,,,,,64.3,,
,,,,,,,,,64.3,,
,,,,,,,,,59.3,,
,,,,,,,,,53.8,,
,,,,,,,,,66.4,,
,,,,,,,,,67.0,,
,,,,,,,,,66.1,,
,,,,,,,,,64.2,,
,,,,,,,,,66.1,,
,,,,,,,,,66.5,,
,,,,,,,,,66.4,,
,,,,,,,,,65.0,,
,,,,,,,,,64.3,,
,,,,,,,,,64.3,,
,,,,,,,,,65.65,,
,,,,,,,,,66.4,,
,,,,,,,,,66.4,,
,,,,,,,,,64.3,,
,,,,,,,,,66.5,,
,,,,,,,,,66.5,,
,,,,,,,,,66.4,,
,,,,,,,,,66.5,,
,,,,,,,,,66.1,,
,,,,,,,,,66.5,,
,,,,,,,,,64.3,,
,,,,,,,,,64.2,,
,,,,,,,,,64.3,,
,,,,,,,,,66.5,,
,,,,,,,,,66.5,,
,,,,,,,,,66.45,,
,,,,,,,,,66.6,,
,,,,,,,,,66.5,,
,,,,,,,,,64.0,,
,,,,,,,,,64.1,,
,,,,,,,,,66.5,,
,,,,,,,,,66.9,,
,,,,,,,,,68.0,,
,,,,,,,,,68.2,,
,,,,,,,,,68.2,,
,,,,,,,,,68.1,,
,,,,,,,,,68.4,,
,,,,,,,,,66.8,,
,,,,,,,,,67.1,,
,,,,,,,,,66.9,,
,,,,,,,,,67.2,,
,,,,,,,,,66.5,,
,,,,,,,,,66.5,,
,,,,,,,,,64.2,,
,,,,,,,,,64.2,,
,,,,,,,,,66.4,,
,,,,,,,,,64.2,,
,,,,,,,,,66.5,,
,,,,,,,,,66.5,,
,,,,,,,,,66.5,,
,,,,,,,,,66.8,,
,,,,,,,,,66.5,,
,,,,,,,,,64.2,,
,,,,,,,,,62.8,,
,,,,,,,,,67.0,,
,,,,,,,,,64.2,,
,,,,,,,,,63.7,,
,,,,,,,,,64.3,,
,,,,,,,,,64.3,,
,,,,,,,,,64.5,,
,,,,,,,,,64.2,,
,,,,,,,,,62.0,,
,,,,,,,,,63.5,,
,,,,,,,,,62.6,,
,,,,,,,,,55.7,,
,,,,,,,,,62.0,,
,,,,,,,,,59.8,,
,,,,,,,,,62.0,,
,,,,,,,,,58.2,,
,,,,,,,,,62.0,,
,,,,,,,,,62.0,,
,,,,,,,,,63.4,,
,,,,,,,,,64.2,,
,,,,,,,,,64.3,,
,,,,,,,,,66.1,,
,,,,,,,,,64.2,,
,,,,,,,,,64.2,,
,,,,,,,,,64.2,,
,,,,,,,,,66.4,,
,,,,,,,,,66.3,,
,,,,,,,,,64.2,,
,,,,,,,,,63.6,,
,,,,,,,,,66.4,,
,,,,,,,,,66.3,,
,,,,,,,,,63.3,,
,,,,,,,,,63.7,,
,,,,,,,,,62.3,,
,,,,,,,,,62.4,,
,,,,,,,,,63.5,,
,,,,,,,,,62.0,,
,,,,,,,,,62.0,,
,,,,,,,,,61.4,,
,,,,,,,,,62.0,,
,,,,,,,,,62.1,,
,,,,,,,,,62.0,,
,,,,,,,,,62.0,,
,,,,,,,,,62.0,,
,,,,,,,,,62.1,,
,,,,,,,,,62.1,,
,,,,,,,,,62.0,,
,,,,,,,,,66.1,,
,,,,,,,,,66.3,,
,,,,,,,,,66.3,,
,,,,,,,,,63.5,,
,,,,,,,,,62.8,,
,,,,,,,,,65.3,,
,,,,,,,,,66.3,,
,,,,,,,,,66.4,,
,,,,,,,,,56.6,,
,,,,,,,,,53.8,,
,,,,,,,,,55.2,,
,,,,,,,,,55.9,,
,,,,,,,,,61.650000000000006,,
,,,,,,,,,62.0,,
,,,,,,,,,60.85,,
,,,,,,,,,60.1,,
,,,,,,,,,62.1,,
,,,,,,,,,62.1,,
,,,,,,,,,61.2,,
,,,,,,,,,55.3,,
,,,,,,,,,61.0,,
,,,,,,,,,58.6,,
,,,,,,,,,62.0,,
,,,,,,,,,62.1,,
,,,,,,,,,62.1,,
,,,,,,,,,62.1,,
,,,,,,,,,62.1,,
,,,,,,,,,62.1,,
,,,,,,,,,60.0,,
,,,,,,,,,60.25,,
,,,,,,,,,62.1,,
,,,,,,,,,62.2,,
,,,,,,,,,62.2,,
,,,,,,,,,62.2,,
,,,,,,,,,62.2,,
,,,,,,,,,62.2,,
,,,,,,,,,62.2,,
,,,,,,,,,62.2,,
,,,,,,,,,62.2,,
,,,,,,,,,63.6,,
,,,,,,,,,66.5,,
,,,,,,,,,63.2,,
,,,,,,,,,64.3,,
,,,,,,,,,63.0,,
,,,,,,,,,66.6,,
,,,,,,,,,66.4,,
,,,,,,,,,66.5,,
,,,,,,,,,63.4,,
,,,,,,,,,62.2,,
,,,,,,,,,62.2,,
,,,,,,,,,62.2,,
,,,,,,,,,62.2,,
,,,,,,,,,62.2,,
,,,,,,,,,62.2,,
,,,,,,,,,62.2,,
,,,,,,,,,62.2,,
,,,,,,,,,62.2,,
,,,,,,,,,62.2,,
,,,,,,,,,62.2,,
,,,,,,,,,62.2,,
,,,,,,,,,62.3,,
,,,,,,,,,62.2,,
,,,,,,,,,62.2,,
,,,,,,,,,62.2,,
,,,,,,,,,62.2,,
,,,,,,,,,62.1,,
,,,,,,,,,62.1,,
,,,,,,,,,62.2,,
,,,,,,,,,62.2,,
,,,,,,,,,61.75,,
,,,,,,,,,62.3,,
,,,,,,,,,62.2,,
,,,,,,,,,62.1,,
,,,,,,,,,58.5,,
,,,,,,,,,62.1,,
,,,,,,,,,62.2,,
,,,,,,,,,60.5,,
,,,,,,,,,62.1,,
,,,,,,,,,62.2,,
,,,,,,,,,62.2,,
,,,,,,,,,62.2,,
,,,,,,,,,62.2,,
,,,,,,,,,62.1,,
,,,,,,,,,62.2,,
,,,,,,,,,62.2,,
,,,,,,,,,62.2,,
,,,,,,,,,62.2,,
,,,,,,,,,62.2,,
,,,,,,,,,62.2,,
,,,,,,,,,62.3,,
,,,,,,,,,62.3,,
,,,,,,,,,62.3,,
,,,,,,,,,62.3,,
,,,,,,,,,62.3,,
,,,,,,,,,62.3,,
,,,,,,,,,62.2,,
,,,,,,,,,62.2,,
,,,,,,,,,62.2,,
,,,,,,,,,62.2,,
,,,,,,,,,62.2,,
,,,,,,,,,62.2,,
,,,,,,,,,62.2,,
,,,,,,,,,62.2,,
,,,,,,,,,62.2,,
,,,,,,,,,62.2,,
,,,,,,,,,62.2,,
,,,,,,,,,62.2,,
,,,,,,,,,62.2,,
,,,,,,,,,61.7,,
,,,,,,,,,62.2,,
,,,,,,,,,62.2,,
,,,,,,,,,58.2,,
,,,,,,,,,56.9,,
,,,,,,,,,56.9,,
,,,,,,,,,60.4,,
,,,,,,,,,58.4,,
,,,,,,,,,60.5,,
,,,,,,,,,59.3,,
,,,,,,,,,60.9,,
,,,,,,,,,62.2,,
,,,,,,,,,62.2,,
,,,,,,,,,62.1,,
,,,,,,,,,60.9,,
,,,,,,,,,62.1,,
,,,,,,,,,62.1,,
,,,,,,,,,62.1,,
,,,,,,,,,62.05,,
,,,,,,,,,61.9,,
,,,,,,,,,60.9,,
,,,,,,,,,60.9,,
,,,,,,,,,60.9,,
,,,,,,,,,61.4,,
,,,,,,,,,62.0,,
,,,,,,,,,62.1,,
,,,,,,,,,60.4,,
,,,,,,,,,59.7,,
,,,,,,,,,59.7,,
,,,,,,,,,58.7,,
,,,,,,,,,58.6,,
,,,,,,,,,57.4,,
,,,,,,,,,59.0,,
,,,,,,,,,59.1,,
,,,,,,,,,59.7,,
,,,,,,,,,60.9,,
,,,,,,,,,61.0,,
,,,,,,,,,61.0,,
,,,,,,,,,61.45,,
,,,,,,,,,61.6,,
,,,,,,,,,61.4,,
,,,,,,,,,62.2,,
,,,,,,,,,61.4,,
,,,,,,,,,62.2,,
,,,,,,,,,61.6,,
,,,,,,,,,62.0,,
,,,,,,,,,62.2,,
,,,,,,,,,61.5,,
,,,,,,,,,60.95,,
,,,,,,,,,61.3,,
,,,,,,,,,60.8,,
,,,,,,,,,58.8,,
,,,,,,,,,58.9,,
,,,,,,,,,58.8,,
,,,,,,,,,59.2,,
,,,,,,,,,58.8,,
,,,,,,,,,60.1,,
,,,,,,,,,60.7,,
,,,,,,,,,60.9,,
,,,,,,,,,61.6,,
,,,,,,,,,61.6,,
,,,,,,,,,62.2,,
,,,,,,,,,60.0,,
,,,,,,,,,56.3,,
,,,,,,,,,56.4,,
,,,,,,,,,56.3,,
,,,,,,,,,56.3,,
,,,,,,,,,56.3,,
,,,,,,,,,56.3,,
,,,,,,,,,58.6,,
,,,,,,,,,61.5,,
,,,,,,,,,62.2,,
,,,,,,,,,61.5,,
,,,,,,,,,62.2,,
,,,,,,,,,61.8,,
,,,,,,,,,62.3,,
,,,,,,,,,61.4,,
,,,,,,,,,62.5,,
,,,,,,,,,62.4,,
,,,,,,,,,62.9,,
,,,,,,,,,66.3,,
,,,,,,,,,66.1,,
,,,,,,,,,62.4,,
,,,,,,,,,66.1,,
,,,,,,,,,57.0,,
,,,,,,,,,61.2,,
,,,,,,,,,60.3,,
,,,,,,,,,8.9,,
,,,,,,,,,54.6,,
,,,,,,,,,26.5,,
,,,,,,,,,27.0,,
,,,,,,,,,25.2,,
