RMS_Max_Min_difference,RMS_Max_Min_difference.1,RMS_Max_Min_difference.2,RMS_Max_Min_difference.3,RMS_Max_Min_difference.4,RMS_Max_Min_difference.5,RMS_Max_Min_difference.6,RMS_Max_Min_difference.7,RMS_Max_Min_difference.8,RMS_Max_Min_difference.9,RMS_Max_Min_difference.10,RMS_Max_Min_difference
181.2,160.60000000000002,174.0,136.8,151.3,172.3,150.4,143.9,152.20000000000002,125.29999999999998,118.5,129.0
62.50000000000001,31.9,96.2,33.8,9.7,18.700000000000003,19.6,52.0,18.7,8.8,20.7,55.5
83.5,5.100000000000001,18.4,46.4,1.0,11.450000000000005,11.199999999999996,41.1,5.6,12.0,1.400000000000002,43.8
64.1,4.750000000000001,11.15,4.1,8.9,4.200000000000001,4.399999999999999,64.3,5.5,15.2,1.0,36.0
62.1,4.400000000000001,3.899999999999999,2.8999999999999986,9.4,3.249999999999999,10.666666666666668,29.7,1.8000000000000007,18.4,1.1999999999999993,37.4
55.8,4.050000000000001,1.2000000000000028,5.0,8.033333333333333,2.299999999999997,16.933333333333337,12.199999999999996,2.1000000000000014,3.3999999999999986,3.25,50.8
69.7,3.7,3.8333333333333344,12.9,6.666666666666668,7.4,23.200000000000003,8.8,11.7,3.293333333333332,5.300000000000001,34.5
59.1,3.35,6.466666666666666,9.9,5.300000000000001,38.7,16.299999999999997,23.2,20.2,3.1866666666666656,3.099999999999998,56.3
51.7,3.0,9.099999999999998,18.8,3.1000000000000014,35.3,15.9,14.799999999999995,28.7,3.079999999999999,40.9,56.4
47.1,2.6499999999999995,14.299999999999995,5.700000000000003,0.9000000000000021,31.9,15.5,6.899999999999999,55.0,2.9733333333333327,30.3,59.7
49.1,2.2999999999999994,16.599999999999998,32.0,9.0,121.7,15.100000000000003,19.6,81.30000000000001,2.8666666666666663,134.4,64.4
44.49999999999999,1.9499999999999995,18.9,41.6,13.6,45.4,14.700000000000005,31.2,24.9,2.76,38.4,64.5
40.7,1.5999999999999988,21.8,37.900000000000006,5.100000000000001,25.0,15.700000000000005,13.1,7.800000000000001,2.653333333333333,53.8,58.3
19.0,1.249999999999999,5.0,24.6,18.700000000000003,66.4,15.100000000000003,20.7,28.700000000000003,2.5466666666666664,53.8,67.0
18.700000000000003,0.8999999999999986,16.400000000000002,24.55,16.200000000000003,39.5,14.500000000000002,19.7,32.099999999999994,2.44,43.3,54.2
50.7,1.9363636363636347,17.528571428571432,24.5,13.7,29.6,13.900000000000002,27.1,26.4,2.333333333333333,44.3,76.6
60.7,2.972727272727271,18.65714285714286,19.90000000000001,11.2,19.7,13.3,39.6,30.2,2.2266666666666666,62.2,65.0
43.2,4.009090909090907,19.78571428571429,55.400000000000006,9.233333333333333,31.2,12.7,28.2,34.0,2.12,64.60000000000001,71.10000000000001
64.6,5.045454545454543,20.914285714285715,58.8,7.2666666666666675,26.0,9.4,18.0,14.200000000000005,2.0133333333333336,55.3,73.7
65.4,6.081818181818179,22.042857142857144,62.2,5.300000000000001,20.800000000000004,6.099999999999998,42.7,20.1,1.9066666666666672,64.4,71.5
60.7,7.118181818181816,23.17142857142857,23.6,4.899999999999999,11.7,10.800000000000004,42.900000000000006,12.7,1.8000000000000007,15.200000000000005,79.3
48.0,8.154545454545453,24.3,47.7,4.974999999999999,34.0,7.500000000000002,30.700000000000003,12.1,6.6000000000000005,25.90000000000001,50.6
32.5,9.190909090909088,21.98,87.8,5.049999999999999,38.5,4.199999999999999,35.2,28.4,11.4,33.00000000000001,51.3
55.49999999999999,10.227272727272725,19.66,2.1000000000000014,5.124999999999999,19.8,18.5,40.2,20.5,10.466666666666669,33.9,73.0
49.6,11.26363636363636,17.34,54.1,5.199999999999999,41.1,32.800000000000004,34.599999999999994,33.1,9.533333333333331,62.400000000000006,56.2
44.400000000000006,12.299999999999995,15.02,89.89999999999999,15.8,25.800000000000004,23.2,27.6,19.6,8.6,57.7,71.3
53.39999999999999,6.600000000000001,12.7,62.0,0.5,18.86666666666667,19.1,27.4,31.6,7.666666666666666,34.800000000000004,74.8
37.6,6.836842105263159,10.38,83.19999999999999,2.3000000000000043,11.933333333333335,1.0,28.5,39.6,6.733333333333333,46.2,64.9
55.3,7.073684210526317,8.059999999999999,93.3,5.4,5.0,5.599999999999998,42.5,11.400000000000002,5.8,25.0,66.10000000000001
34.2,7.310526315789475,5.739999999999998,52.8,42.7,32.7,3.0,38.400000000000006,8.6,4.866666666666666,37.4,66.5
50.10000000000001,7.547368421052632,3.419999999999998,76.4,7.499999999999998,46.0,12.0,40.8,2.7,3.9333333333333327,65.5,71.60000000000001
73.4,7.784210526315791,1.099999999999998,77.0,15.4,37.2,16.499999999999996,31.0,34.800000000000004,3.0,60.10000000000001,71.60000000000001
81.30000000000001,8.021052631578948,8.0,94.3,26.200000000000003,38.4,22.933333333333334,49.9,38.2,2.0666666666666664,82.39999999999999,68.2
62.2,8.257894736842106,8.1,92.9,27.6,27.5,29.366666666666667,55.3,18.9,1.1333333333333329,56.4,64.1
41.1,8.494736842105263,8.200000000000001,93.70000000000002,6.800000000000001,44.5,35.800000000000004,51.5,13.299999999999995,0.1999999999999993,66.3,65.19999999999999
67.30000000000001,8.731578947368423,8.3,84.19999999999999,7.5,42.0,29.4,36.1,20.8,9.8,30.3,67.2
77.0,8.96842105263158,8.4,80.39999999999999,25.8,53.99999999999999,23.0,50.400000000000006,37.900000000000006,19.4,60.900000000000006,69.6
79.2,9.205263157894738,8.500000000000002,72.50000000000001,32.900000000000006,69.89999999999999,24.183333333333334,47.2,22.6,18.39,74.8,69.4
77.1,9.442105263157895,8.600000000000001,94.7,39.400000000000006,42.0,25.366666666666667,59.4,22.7,17.38,81.8,73.4
76.4,9.678947368421053,8.700000000000001,96.2,43.2,37.50000000000001,26.55,50.3,8.600000000000001,16.369999999999997,35.9,73.7
78.5,9.91578947368421,8.800000000000002,113.6,42.9,58.1,27.73333333333333,46.3,29.500000000000004,15.36,54.2,73.0
83.1,10.152631578947368,8.900000000000002,111.8,32.0,56.2,28.916666666666668,39.1,31.9,14.35,78.5,74.5
63.49999999999999,10.389473684210524,8.52777777777778,149.9,35.8,66.6,30.1,69.7,31.5,13.34,57.0,69.60000000000001
72.6,10.626315789473685,8.155555555555557,146.7,32.5,54.8,23.825000000000003,43.8,39.0,12.33,58.0,69.39999999999999
61.2,10.863157894736842,7.783333333333335,119.4,41.4,60.5,17.55,31.6,18.8,11.32,61.7,72.0
69.2,11.1,7.411111111111113,106.9,37.8,60.400000000000006,11.275,41.5,29.5,10.31,64.1,73.1
70.5,10.645454545454545,7.0388888888888905,138.6,51.1,23.8,5.0,32.1,18.3,9.3,72.5,73.4
65.9,10.19090909090909,6.666666666666668,158.20000000000002,36.1,34.0,4.727272727272728,46.39999999999999,9.9,0.1999999999999993,59.2,77.3
74.4,9.736363636363636,6.294444444444446,161.20000000000002,36.6,35.0,4.454545454545455,45.6,32.2,1.5999999999999996,61.5,71.3
75.8,9.28181818181818,5.922222222222224,148.2,34.1,41.1,4.181818181818182,39.8,36.8,2.0,57.900000000000006,74.2
49.8,8.827272727272726,5.550000000000002,137.29999999999998,42.7,39.0,3.909090909090909,51.1,27.9,8.7,58.00000000000001,80.4
71.9,8.372727272727271,5.177777777777779,152.3,38.400000000000006,56.9,3.6363636363636367,36.4,26.4,15.4,55.6,79.7
71.19999999999999,7.918181818181816,4.805555555555557,154.10000000000002,31.700000000000003,42.50000000000001,3.363636363636364,18.700000000000003,20.4,14.236363636363636,51.900000000000006,80.5
69.80000000000001,7.463636363636362,4.433333333333335,146.29999999999998,40.5,49.8,3.090909090909091,32.800000000000004,30.8,13.072727272727274,63.2,83.8
69.6,7.009090909090907,4.061111111111113,150.0,40.9,59.1,2.8181818181818183,38.7,44.1,11.90909090909091,89.5,84.8
71.0,6.554545454545453,3.68888888888889,154.70000000000002,53.2,48.900000000000006,2.545454545454546,44.6,10.2,10.745454545454546,75.8,83.7
68.39999999999999,6.099999999999998,3.316666666666668,154.5,40.5,36.5,2.272727272727273,43.10000000000001,42.1,9.581818181818182,35.39999999999999,87.69999999999999
68.9,6.239473684210524,2.944444444444445,154.6,53.3,45.4,2.0,58.2,29.4,8.418181818181818,52.6,86.5
68.6,6.37894736842105,2.572222222222223,154.0,52.7,48.39999999999999,4.5,41.7,18.700000000000003,7.254545454545456,46.6,83.60000000000001
73.9,6.518421052631577,2.200000000000001,163.0,47.3,39.3,7.0,58.7,25.5,6.090909090909092,76.5,79.60000000000001
75.3,6.657894736842104,2.722222222222223,156.70000000000002,49.2,72.0,9.5,39.0,51.0,4.927272727272728,48.0,80.8
75.5,6.79736842105263,3.244444444444445,141.7,54.9,59.9,12.0,62.6,35.6,3.763636363636364,34.8,76.2
83.2,6.936842105263156,3.7666666666666666,155.9,52.0,65.5,14.5,29.5,7.300000000000004,2.6000000000000014,41.3,76.3
88.9,7.076315789473682,4.288888888888889,146.9,59.6,68.89999999999999,17.0,32.099999999999994,41.3,7.5,50.900000000000006,74.89999999999999
86.5,7.215789473684208,4.811111111111111,141.2,51.1,50.400000000000006,16.6,0.4000000000000057,36.1,4.0,42.8,75.10000000000001
91.8,7.3552631578947345,5.333333333333332,143.3,53.2,59.400000000000006,0.8999999999999986,59.3,9.8,0.5,50.2,72.4
80.8,7.494736842105262,5.855555555555554,139.5,62.0,58.400000000000006,41.1,45.400000000000006,44.9,1.625,45.10000000000001,74.1
80.7,7.634210526315788,6.377777777777776,138.6,73.9,57.7,5.900000000000002,59.0,26.25,2.75,47.900000000000006,71.89999999999999
78.2,7.773684210526314,6.899999999999999,116.1,57.9,55.900000000000006,4.950000000000001,16.799999999999997,7.600000000000001,3.875,35.800000000000004,72.1
80.5,7.91315789473684,7.5,129.3,57.3,84.1,4.0,14.499999999999991,14.199999999999996,5.0,34.599999999999994,64.4
71.3,8.052631578947366,15.199999999999996,135.0,59.6,38.50000000000001,12.9,63.2,42.6,4.050000000000001,32.800000000000004,70.0
100.2,8.192105263157893,22.89999999999999,104.5,60.8,51.4,10.075,62.4,41.0,3.1000000000000014,30.4,63.39999999999999
81.3,8.331578947368419,24.500000000000007,107.0,54.1,62.1,7.250000000000001,32.2,9.2,1.3000000000000007,38.0,71.5
90.3,8.471052631578946,34.4,108.0,65.3,80.0,4.425000000000001,56.00000000000001,48.6,14.3,46.1,67.0
76.69999999999999,8.610526315789471,18.6,122.70000000000002,66.89999999999999,37.1,1.6000000000000014,13.000000000000009,31.500000000000004,27.3,59.4,57.2
76.2,8.749999999999998,8.700000000000003,96.6,72.0,41.89999999999999,5.649999999999999,60.1,19.4,40.3,46.2,58.9
81.0,8.889473684210525,6.566666666666668,78.3,62.8,45.89999999999999,9.699999999999996,35.599999999999994,62.400000000000006,53.3,17.500000000000007,51.49999999999999
78.6,9.02894736842105,4.433333333333333,77.69999999999999,70.9,38.49999999999999,31.5,59.2,18.8,12.8,32.3,67.4
89.4,9.168421052631578,2.299999999999997,82.1,78.9,46.400000000000006,21.2,67.9,26.0,10.3,37.99999999999999,65.89999999999999
78.9,9.307894736842105,4.100000000000001,110.2,63.7,16.0,17.499999999999996,62.5,37.9,7.35,61.400000000000006,64.8
71.4,9.44736842105263,3.866666666666669,112.9,72.3,18.1,14.749999999999998,57.8,36.6,4.399999999999999,50.6,65.60000000000001
62.39999999999999,9.586842105263155,3.633333333333335,108.7,70.60000000000001,34.599999999999994,12.0,55.49999999999999,14.9,3.849999999999998,52.4,62.60000000000001
49.8,9.726315789473682,3.400000000000002,72.60000000000001,63.8,49.0,13.566666666666668,56.6,34.7,3.299999999999997,59.6,58.7
47.3,9.86578947368421,3.166666666666669,102.6,57.400000000000006,28.4,15.133333333333336,28.7,38.9,2.1000000000000014,26.3,62.5
55.8,10.005263157894737,2.933333333333336,89.7,65.8,7.100000000000001,16.700000000000003,60.7,29.4,12.6,34.2,57.0
46.7,10.144736842105262,2.700000000000003,89.10000000000001,63.39999999999999,9.9,12.775000000000002,57.00000000000001,41.6,11.6,20.0,59.8
54.5,10.284210526315787,3.110000000000003,90.4,61.3,33.6,8.850000000000001,52.6,28.9,10.6,22.40000000000001,58.00000000000001
50.8,10.423684210526314,3.520000000000003,91.7,78.8,44.3,4.925000000000001,56.5,27.9,8.2,32.49999999999999,60.7
49.3,10.56315789473684,3.9300000000000033,71.0,53.8,34.6,1.0,61.0,33.8,5.800000000000001,36.2,61.8
49.2,10.702631578947368,4.340000000000003,99.1,60.2,33.1,1.0,56.3,39.2,1.299999999999999,47.7,61.1
44.9,10.842105263157894,4.750000000000004,108.3,72.2,39.0,1.0,58.0,34.4,2.919999999999999,29.5,61.7
35.7,10.98157894736842,5.160000000000004,99.1,58.2,27.4,1.0,50.3,33.1,4.539999999999999,11.299999999999995,60.0
34.0,11.121052631578946,5.570000000000004,101.9,62.8,26.3,1.0,55.6,37.400000000000006,6.16,16.099999999999994,57.6
41.6,11.260526315789471,5.980000000000004,105.8,58.8,30.8,1.0,41.900000000000006,49.7,7.78,24.43333333333333,55.10000000000001
41.900000000000006,11.4,6.390000000000004,101.7,57.0,38.5,1.033333333333334,60.0,51.7,9.4,32.766666666666666,61.3
41.7,11.539473684210524,6.800000000000004,81.3,58.7,25.7,1.0666666666666675,57.6,68.0,9.55625,41.10000000000001,62.3
42.1,11.678947368421053,5.933333333333337,86.19999999999999,52.4,31.5,1.1000000000000014,41.3,66.5,9.7125,38.35000000000001,61.400000000000006
35.800000000000004,11.818421052631578,5.06666666666667,132.0,49.3,26.200000000000003,1.1333333333333353,51.6,55.900000000000006,9.86875,35.6,59.4
36.0,11.957894736842103,4.200000000000003,,56.5,33.0,1.166666666666669,53.2,40.6,10.025,32.849999999999994,58.3
24.2,12.09736842105263,3.333333333333336,,54.0,29.5,1.2000000000000028,55.4,52.60000000000001,10.18125,30.099999999999994,60.3
30.40000000000001,12.236842105263158,2.466666666666669,,52.99999999999999,35.1,3.3500000000000014,57.1,49.7,10.3375,37.45,62.9
20.9,12.376315789473685,1.6000000000000014,,68.3,29.7,5.5,58.8,56.5,10.49375,44.8,63.2
25.10000000000001,12.515789473684208,2.566666666666668,,54.1,28.500000000000004,4.633333333333336,49.50000000000001,43.2,10.65,21.5,62.3
35.2,12.655263157894735,3.533333333333334,,54.400000000000006,30.5,3.76666666666667,59.1,47.9,10.80625,21.55,62.9
38.400000000000006,12.794736842105262,4.5,,62.6,31.4,2.9000000000000057,50.8,47.89999999999999,10.9625,21.6,59.8
23.2,12.934210526315788,8.200000000000003,,56.50000000000001,29.7,15.0,40.8,54.900000000000006,11.11875,41.5,59.0
13.4,13.073684210526316,7.583333333333337,,59.7,47.2,9.300000000000004,44.5,48.3,11.275,58.89999999999999,60.6
42.5,13.213157894736842,6.96666666666667,,58.1,40.9,7.699999999999996,54.0,52.6,11.43125,28.4,59.00000000000001
39.2,13.352631578947369,6.350000000000003,,60.4,35.0,7.735999999999996,44.2,56.1,11.5875,53.2,60.49999999999999
41.4,13.492105263157892,5.733333333333338,,60.8,46.2,7.771999999999996,42.2,37.3,11.74375,61.9,59.8
35.5,13.63157894736842,5.116666666666671,,66.80000000000001,53.2,7.807999999999996,42.6,48.900000000000006,11.9,28.200000000000003,64.4
37.5,13.771052631578948,4.500000000000004,,66.4,56.1,7.843999999999997,51.4,45.2,18.9,52.0,47.1
41.3,13.910526315789472,10.500000000000004,,62.7,66.7,7.879999999999997,52.2,25.200000000000003,17.288888888888888,30.7,59.9
28.5,14.05,11.799999999999995,,61.60000000000001,65.4,7.915999999999997,54.5,30.5,15.677777777777775,37.89999999999999,59.1
10.1,14.189473684210526,10.400000000000002,,72.8,73.5,7.951999999999997,59.2,26.5,14.066666666666666,43.7,60.8
18.3,14.328947368421051,18.6,,77.10000000000001,66.0,7.987999999999998,41.0,40.6,12.455555555555556,71.1,62.49999999999999
45.1,14.468421052631578,12.7,,103.3,65.39999999999999,8.023999999999997,52.4,30.000000000000004,10.844444444444443,56.1,62.7
48.8,14.607894736842104,22.4,,83.2,77.10000000000001,8.059999999999999,44.6,39.8,9.233333333333334,50.0,61.5
64.7,14.74736842105263,9.800000000000004,,104.6,32.0,8.095999999999998,48.8,43.0,7.622222222222224,65.5,61.50000000000001
58.60000000000001,14.886842105263156,7.16666666666667,,105.7,35.4,8.131999999999998,59.49999999999999,20.0,6.011111111111113,20.6,61.39999999999999
40.7,15.026315789473683,4.533333333333334,,76.19999999999999,76.2,8.168,60.89999999999999,39.2,4.400000000000002,65.0,64.60000000000001
36.5,15.16578947368421,1.8999999999999984,,102.2,53.400000000000006,8.203999999999999,61.2,43.10000000000001,5.300000000000001,50.0,55.99999999999999
49.2,15.305263157894736,1.900000000000002,,93.4,71.9,8.239999999999998,57.6,34.8,6.199999999999999,58.5,60.3
40.6,15.444736842105264,6.049999999999999,,98.4,76.9,8.276,56.2,28.90000000000001,23.2,61.0,53.00000000000001
38.5,15.584210526315788,10.199999999999996,,116.1,77.0,8.312,44.0,33.9,40.2,67.3,61.3
43.0,15.723684210526317,21.8,,115.6,76.89999999999999,8.347999999999999,58.6,34.8,57.2,63.05,66.6
44.2,15.86315789473684,19.5,,136.4,85.2,8.384,59.8,46.0,19.9,58.8,63.9
36.1,16.002631578947366,17.933333333333334,,137.1,94.7,8.42,43.4,30.5,15.2,44.0,61.900000000000006
34.8,16.142105263157895,16.366666666666667,,119.7,80.89999999999999,8.456000000000001,40.5,34.6,5.300000000000001,52.400000000000006,55.0
38.1,16.28157894736842,14.8,,130.2,70.69999999999999,8.492,56.1,36.0,4.199999999999999,46.1,60.8
42.6,16.421052631578945,15.183333333333334,,170.9,82.7,8.528,44.5,46.3,12.2,21.5,65.19999999999999
39.7,16.560526315789474,15.566666666666668,,160.7,89.10000000000001,8.564000000000002,63.50000000000001,21.9,39.900000000000006,67.9,56.9
44.2,16.7,15.95,,,92.1,8.600000000000001,58.99999999999999,13.700000000000005,34.6,55.7,63.9
21.9,17.15,16.333333333333336,,,88.8,13.320000000000002,55.5,20.4,35.0,50.5,64.60000000000001
41.7,17.6,16.71666666666667,,,86.2,18.040000000000003,58.8,5.600000000000001,27.1,56.4,64.6
8.399999999999999,23.5,17.1,,,90.6,22.760000000000005,51.4,4.449999999999999,30.6,54.0,54.0
22.7,13.650000000000002,13.5,,,85.9,27.480000000000004,57.900000000000006,3.299999999999997,24.7,64.5,62.9
12.699999999999996,3.800000000000004,11.225,,,72.80000000000001,32.2,54.6,16.099999999999998,4.899999999999999,63.9,64.3
21.40000000000001,4.121428571428575,8.95,,,83.5,31.9,60.0,24.9,4.35,58.7,64.30000000000001
37.50000000000001,4.442857142857147,6.674999999999999,,,67.3,31.6,61.3,29.3,3.8000000000000007,69.2,68.4
40.0,4.764285714285718,4.399999999999999,,,88.7,31.300000000000004,63.3,32.5,4.399999999999999,69.1,54.0
39.2,5.085714285714289,5.699999999999999,,,49.3,31.000000000000004,66.6,43.3,7.600000000000001,58.5,67.19999999999999
36.9,5.40714285714286,20.4,,,37.4,30.700000000000003,62.900000000000006,31.0,32.900000000000006,67.5,69.0
28.8,5.728571428571431,29.7,,,61.7,30.4,66.9,29.8,36.6,61.6,68.60000000000001
17.7,6.0500000000000025,21.55,,,55.400000000000006,30.1,67.5,35.099999999999994,34.0,54.900000000000006,72.4
13.8,6.371428571428574,13.4,,,40.0,29.800000000000004,70.19999999999999,33.7,34.599999999999994,50.1,63.89999999999999
45.1,6.692857142857145,11.533333333333331,,,50.7,29.500000000000004,70.1,38.6,33.099999999999994,55.7,66.3
16.500000000000004,7.014285714285716,9.666666666666668,,,83.0,29.200000000000003,72.9,33.9,17.200000000000003,30.3,71.4
26.15,7.335714285714287,7.800000000000001,,,65.0,28.9,66.3,40.7,17.6,56.900000000000006,73.89999999999999
35.8,7.657142857142858,10.4,,,89.5,28.6,74.10000000000001,28.500000000000004,18.0,47.1,72.0
36.900000000000006,7.978571428571429,8.799999999999997,,,72.69999999999999,28.300000000000004,69.10000000000001,32.5,10.1,50.8,72.3
50.1,8.3,7.999999999999997,,,88.7,28.0,69.7,13.8,13.2,56.7,71.89999999999999
43.6,8.207142857142857,7.199999999999998,,,91.0,27.700000000000003,73.30000000000001,7.600000000000001,9.2,63.0,76.1
44.5,8.114285714285716,6.399999999999999,,,96.3,27.4,77.8,18.2,16.9,69.3,74.3
37.900000000000006,8.021428571428572,6.800000000000001,,,97.2,27.1,75.1,16.575,14.8,64.1,75.4
39.5,7.928571428571429,9.45,,,100.2,26.800000000000004,69.5,14.95,12.7,58.9,77.1
46.5,7.835714285714286,12.1,,,108.2,26.5,68.2,13.325,24.500000000000004,62.400000000000006,78.1
39.4,7.742857142857144,11.16,,,106.4,26.200000000000003,70.0,11.7,11.3,51.5,77.89999999999999
30.4,7.65,10.22,,,101.6,25.9,80.7,8.6,17.6,55.3,79.3
50.400000000000006,7.557142857142858,9.28,,,110.9,25.6,76.9,5.5,8.3,57.4,60.4
36.10000000000001,7.464285714285714,8.34,,,106.3,23.371428571428574,76.9,12.4,4.099999999999998,60.400000000000006,66.9
37.7,7.371428571428572,7.399999999999999,,,103.3,21.142857142857142,81.5,10.625,11.099999999999998,57.8,84.8
20.300000000000004,7.278571428571428,2.6000000000000014,,,95.1,18.914285714285715,76.2,8.850000000000001,0.5,66.8,72.4
15.900000000000006,7.185714285714286,9.699999999999996,,,102.8,16.685714285714283,75.9,7.075000000000001,3.3000000000000007,84.2,87.8
38.7,7.092857142857143,8.0,,,106.2,14.457142857142856,77.30000000000001,5.300000000000001,8.0,63.9,82.10000000000001
20.0,7.0,2.200000000000003,,,82.6,12.228571428571428,76.3,8.875,8.933333333333334,65.2,75.4
37.8,6.9071428571428575,11.0,,,82.6,9.999999999999996,75.5,12.45,9.866666666666667,87.0,84.30000000000001
39.2,6.814285714285714,29.6,,,95.4,10.899999999999997,71.39999999999999,16.025000000000002,10.8,79.8,84.10000000000001
30.7,6.721428571428572,21.1,,,105.8,11.799999999999995,73.2,19.6,4.0,65.1,86.9
43.2,6.628571428571428,10.0,,,112.4,12.7,78.0,13.8,5.85,76.4,75.69999999999999
36.2,6.535714285714286,6.800000000000001,,,108.7,13.6,74.5,10.1,7.7,79.39999999999999,89.7
38.5,6.442857142857143,3.6000000000000014,,,125.8,14.5,71.6,18.200000000000003,9.55,67.69999999999999,93.2
43.3,6.35,26.5,,,111.0,14.181481481481482,75.8,4.099999999999998,11.4,68.5,73.1
43.6,6.257142857142856,28.7,,,105.8,13.862962962962962,79.9,12.1,3.5,92.0,94.4
40.2,6.164285714285715,11.6,,,113.4,13.544444444444444,75.7,3.8000000000000007,25.3,90.0,96.1
58.0,6.071428571428571,6.800000000000004,,,114.2,13.225925925925926,71.3,11.4,12.8,88.60000000000001,95.6
52.8,5.978571428571428,0.2999999999999971,,,112.4,12.907407407407408,74.8,15.1,13.2,67.2,85.30000000000001
55.900000000000006,5.885714285714285,6.599999999999999,,,102.1,12.588888888888889,66.89999999999999,22.8,10.5,78.9,96.8
54.6,5.792857142857143,12.9,,,114.4,12.270370370370369,58.8,15.8,12.0,66.1,90.1
56.8,5.699999999999999,19.200000000000003,,,113.3,11.95185185185185,62.39999999999999,14.8,7.300000000000001,81.7,102.7
40.7,4.049999999999999,24.0,,,107.0,11.633333333333333,63.6,16.2,15.800000000000004,86.4,104.2
60.3,2.3999999999999986,15.6,,,83.9,11.314814814814811,58.7,15.500000000000002,10.500000000000004,77.3,106.7
62.8,4.800000000000001,16.400000000000002,,,83.9,10.996296296296295,65.0,16.3,20.000000000000004,76.0,106.1
43.7,7.200000000000003,17.200000000000003,,,88.1,10.677777777777775,62.1,18.0,15.2,79.3,101.4
57.0,6.962500000000002,21.425,,,86.49999999999999,10.359259259259256,70.8,17.5,14.300000000000004,76.5,109.7
51.1,6.725000000000002,25.65,,,70.6,10.04074074074074,75.2,16.9,19.200000000000003,83.30000000000001,107.6
36.9,6.4875000000000025,29.875,,,106.4,9.72222222222222,67.89999999999999,16.3,29.8,81.1,107.3
75.9,6.250000000000002,34.099999999999994,,,114.6,9.403703703703702,65.1,18.3,32.1,84.30000000000001,106.0
36.1,6.012500000000001,6.700000000000003,,,137.5,9.085185185185184,67.60000000000001,23.7,34.400000000000006,83.8,106.9
38.9,5.775000000000001,23.700000000000003,,,,8.766666666666666,58.3,24.5,43.6,71.30000000000001,104.8
61.89999999999999,5.537500000000001,26.800000000000004,,,,8.448148148148146,63.3,22.0,14.500000000000004,85.5,102.9
33.0,5.300000000000001,24.450000000000003,,,,8.129629629629628,62.2,22.4,1.8999999999999984,99.3,100.0
57.7,5.0625,22.1,,,,7.81111111111111,61.7,16.4,1.599999999999998,92.5,88.3
56.4,4.825,14.200000000000005,,,,7.492592592592591,59.8,41.6,7.199999999999999,116.2,97.5
54.5,4.5875,26.200000000000003,,,,7.174074074074072,63.2,47.2,8.099999999999998,132.3,96.2
51.8,4.35,23.000000000000004,,,,6.855555555555554,63.39999999999999,16.2,5.0,135.10000000000002,99.6
52.6,4.112499999999999,19.8,,,,6.537037037037035,55.50000000000001,16.2,10.8,127.4,90.4
58.900000000000006,3.874999999999999,16.6,,,,6.218518518518517,53.50000000000001,17.0,38.7,123.3,98.1
53.7,3.637499999999999,13.4,,,,5.899999999999999,62.1,15.4,6.599999999999998,127.1,97.4
60.5,3.3999999999999986,12.183333333333334,,,,5.666666666666664,53.9,19.5,21.5,132.9,98.7
58.10000000000001,9.700000000000005,10.966666666666669,,,,5.43333333333333,62.0,17.599999999999998,3.599999999999998,131.3,97.7
44.2,10.290909090909096,9.75,,,,5.199999999999996,60.7,18.5,15.400000000000002,109.7,94.6
57.9,10.881818181818184,8.533333333333335,,,,25.200000000000003,63.3,19.6,17.3,127.9,94.6
35.2,11.472727272727274,7.316666666666667,,,,13.100000000000009,61.3,27.7,23.4,121.9,94.6
36.3,12.063636363636364,6.100000000000001,,,,17.199999999999996,54.4,17.299999999999997,22.3,106.0,91.9
72.0,12.654545454545454,14.199999999999996,,,,17.500000000000007,71.2,28.9,32.3,123.1,87.9
67.1,13.245454545454546,13.499999999999996,,,,22.2,62.3,25.9,53.4,125.8,97.1
66.8,13.836363636363636,12.799999999999995,,,,13.700000000000005,65.8,14.2,24.3,128.29999999999998,90.9
71.4,14.427272727272726,12.099999999999998,,,,34.7,67.30000000000001,9.1,23.6,131.3,94.3
63.3,15.018181818181816,11.399999999999997,,,,15.6,67.0,18.9,18.7,139.9,96.0
43.7,15.609090909090906,10.699999999999998,,,,23.40000000000001,64.5,27.1,31.300000000000004,136.29999999999998,93.3
38.1,16.199999999999996,9.999999999999998,,,,29.1,65.3,28.8,21.2,147.6,86.0
73.0,9.449999999999998,9.299999999999995,,,,31.6,64.89999999999999,24.8,25.9,144.8,95.1
51.7,2.7,8.599999999999998,,,,31.1,65.3,46.6,24.8,144.1,95.4
49.5,3.0,7.899999999999999,,,,28.9,68.7,27.2,25.3,148.70000000000002,94.0
68.8,8.600000000000001,7.199999999999999,,,,28.700000000000003,70.5,19.500000000000004,20.6,153.4,91.3
73.60000000000001,15.900000000000002,10.95,,,,18.6,67.89999999999999,16.0,47.5,151.7,98.5
50.7,14.933333333333335,14.7,,,,20.6,67.3,9.3,23.9,154.29999999999998,94.2
70.8,13.966666666666669,20.75,,,,16.4,69.6,20.4,20.1,165.6,94.9
61.2,13.0,26.800000000000004,,,,15.5,68.80000000000001,25.4,25.6,182.1,94.4
64.60000000000001,8.5,12.5,,,,17.0,70.3,20.4,20.1,172.1,92.5
66.10000000000001,15.5,51.5,,,,20.300000000000004,66.30000000000001,21.1,23.1,,95.3
63.6,26.25,48.7,,,,32.1,69.4,20.2,37.0,,95.7
72.8,37.0,10.7,,,,26.1,70.4,20.8,36.6,,98.7
66.8,37.4,41.8,,,,30.300000000000004,62.900000000000006,21.0,40.5,,98.6
63.50000000000001,19.0,30.3,,,,30.0,67.9,22.8,17.6,,98.9
67.0,28.8,8.7,,,,29.90000000000001,62.6,28.8,17.599999999999998,,100.0
56.2,11.4,6.100000000000001,,,,33.6,68.9,24.4,37.6,,100.7
57.7,31.8,6.9,,,,28.700000000000003,66.8,13.599999999999998,18.3,,101.8
59.89999999999999,7.600000000000001,11.8,,,,16.400000000000006,68.3,19.9,15.5,,106.5
52.00000000000001,10.700000000000005,11.733333333333333,,,,44.3,64.1,25.5,39.6,,108.0
63.39999999999999,21.300000000000004,11.666666666666664,,,,15.300000000000004,59.400000000000006,17.2,19.0,,106.6
54.89999999999999,31.9,11.599999999999994,,,,14.590000000000003,64.4,14.7,35.9,,106.1
60.3,19.7,33.7,,,,13.880000000000004,65.8,27.5,35.599999999999994,,103.6
48.6,29.9,14.000000000000004,,,,13.170000000000002,67.39999999999999,24.4,37.6,,104.6
63.0,3.700000000000003,23.5,,,,12.46,61.7,25.6,45.5,,105.6
71.0,12.299999999999995,23.700000000000003,,,,11.75,57.400000000000006,13.1,44.5,,113.3
56.7,4.300000000000001,1.3000000000000007,,,,11.04,64.5,18.700000000000003,54.7,,110.1
62.8,20.5,20.4,,,,10.329999999999998,63.5,27.9,44.7,,113.2
72.60000000000001,14.900000000000002,15.9,,,,9.619999999999996,60.2,25.700000000000003,36.7,,114.9
46.99999999999999,11.799999999999995,8.100000000000001,,,,8.909999999999997,64.8,29.1,32.0,,116.1
63.8,14.099999999999996,0.3000000000000007,,,,8.199999999999996,64.5,27.0,20.1,,112.0
58.2,16.4,5.099999999999998,,,,7.624999999999998,67.7,26.7,36.3,,112.5
64.6,18.7,26.200000000000003,,,,7.050000000000001,66.5,15.8,31.9,,108.5
54.6,21.0,35.9,,,,6.475000000000003,67.30000000000001,28.3,13.2,,111.7
68.10000000000001,19.0,13.9,,,,5.900000000000006,66.10000000000001,16.4,23.2,,108.9
61.900000000000006,23.2,48.8,,,,4.433333333333337,65.2,17.6,20.6,,108.4
63.1,16.499999999999996,53.8,,,,2.966666666666669,68.0,22.5,18.9,,109.6
68.89999999999999,18.1,47.3,,,,1.5,62.89999999999999,17.5,42.1,,109.8
67.7,29.0,50.4,,,,2.2,64.39999999999999,34.0,38.6,,108.8
51.3,8.7,33.1,,,,2.8999999999999986,62.400000000000006,19.9,40.1,,112.7
65.0,12.55,67.1,,,,12.5,61.99999999999999,36.5,47.1,,113.8
68.19999999999999,16.4,55.6,,,,0.7999999999999972,62.2,16.400000000000002,52.1,,108.1
70.0,10.199999999999996,50.9,,,,1.999999999999997,67.0,44.2,40.900000000000006,,110.3
66.3,17.799999999999997,47.1,,,,3.199999999999996,63.3,24.200000000000003,14.1,,105.2
66.2,25.4,46.2,,,,2.8999999999999986,64.7,27.7,45.6,,103.2
65.89999999999999,31.6,57.5,,,,4.0666666666666655,62.3,34.2,33.599999999999994,,106.7
67.5,28.8,43.4,,,,5.2333333333333325,63.4,21.2,46.8,,99.0
66.89999999999999,38.4,38.7,,,,6.399999999999999,60.3,37.400000000000006,47.2,,109.8
70.0,4.200000000000003,66.4,,,,44.7,60.9,38.6,48.5,,110.2
62.89999999999999,16.2,54.400000000000006,,,,41.458333333333336,61.8,37.8,41.5,,107.6
67.6,19.7,77.3,,,,38.21666666666667,61.3,40.1,56.5,,110.9
64.4,23.2,71.8,,,,34.975,61.1,46.4,47.1,,110.9
69.9,26.7,64.5,,,,31.73333333333333,61.400000000000006,40.1,46.7,,113.1
64.9,26.0,64.69999999999999,,,,28.49166666666667,59.10000000000001,39.0,33.900000000000006,,110.5
66.5,35.599999999999994,57.9,,,,25.250000000000004,59.60000000000001,39.8,49.2,,107.2
60.5,32.25,102.5,,,,22.008333333333336,61.8,38.7,49.0,,109.6
67.8,28.9,,,,,18.76666666666667,62.9,38.7,46.400000000000006,,111.0
72.30000000000001,25.300000000000004,,,,,15.525000000000002,62.6,38.2,49.1,,114.5
66.1,40.3,,,,,12.28333333333334,63.0,43.7,44.6,,113.6
42.0,37.5,,,,,9.041666666666671,67.5,46.900000000000006,35.4,,107.5
63.3,52.5,,,,,5.800000000000004,66.30000000000001,35.5,46.2,,107.7
64.80000000000001,44.4,,,,,8.587500000000004,66.10000000000001,34.3,13.8,,116.7
72.0,16.6,,,,,11.375000000000004,67.89999999999999,35.9,43.8,,109.9
70.39999999999999,22.9,,,,,14.162500000000003,68.39999999999999,45.400000000000006,44.9,,109.8
74.19999999999999,24.4,,,,,16.950000000000003,66.10000000000001,34.3,46.0,,98.6
71.2,51.7,,,,,19.737500000000004,68.7,33.800000000000004,45.3,,104.1
68.30000000000001,46.7,,,,,22.525,67.2,42.7,47.6,,109.3
70.39999999999999,34.0,,,,,25.3125,55.10000000000001,41.3,44.5,,110.1
55.7,48.2,,,,,28.1,67.7,39.3,33.5,,107.8
67.30000000000001,50.7,,,,,29.3,66.3,37.3,39.8,,112.1
76.2,50.1,,,,,6.399999999999999,66.5,38.4,53.0,,113.2
65.19999999999999,66.19999999999999,,,,,4.0,65.10000000000001,37.2,55.9,,108.2
73.0,60.8,,,,,15.55,64.0,47.6,54.3,,92.9
79.30000000000001,94.6,,,,,27.1,65.5,37.900000000000006,53.9,,102.3
79.69999999999999,61.9,,,,,20.500000000000004,71.8,37.2,53.89999999999999,,91.1
77.9,60.7,,,,,13.900000000000006,68.3,40.6,54.5,,105.5
75.4,56.99999999999999,,,,,32.8,68.5,45.1,58.4,,109.3
84.19999999999999,64.80000000000001,,,,,8.5,71.0,40.0,46.900000000000006,,99.2
84.1,119.2,,,,,6.566666666666667,72.6,48.1,42.9,,105.4
73.0,,,,,,4.633333333333335,72.8,45.0,25.6,,107.9
92.4,,,,,,2.700000000000003,72.4,46.3,44.7,,93.7
87.4,,,,,,23.0,72.89999999999999,47.1,51.0,,112.6
91.9,,,,,,16.300000000000004,63.3,47.5,56.00000000000001,,108.2
88.5,,,,,,24.3,74.0,35.2,48.8,,113.4
86.3,,,,,,21.2,75.5,38.900000000000006,49.7,,113.8
96.4,,,,,,20.8,73.0,30.1,51.9,,113.9
91.2,,,,,,9.699999999999996,74.5,38.6,47.0,,105.4
91.4,,,,,,16.9,74.9,39.4,54.5,,114.7
100.8,,,,,,8.600000000000001,73.39999999999999,29.9,50.8,,98.1
80.5,,,,,,14.800000000000004,61.89999999999999,29.9,42.8,,114.3
109.2,,,,,,20.200000000000003,75.5,23.1,44.5,,111.5
107.3,,,,,,38.1,75.10000000000001,30.2,36.4,,108.7
174.1,,,,,,11.799999999999995,76.60000000000001,28.5,33.8,,120.3
163.5,,,,,,9.4,75.8,44.1,46.0,,118.4
,,,,,,6.600000000000001,79.3,36.9,48.5,,116.6
,,,,,,35.6,76.3,24.3,47.1,,85.39999999999999
,,,,,,32.4,77.5,30.4,39.7,,103.2
,,,,,,41.7,65.8,40.6,48.2,,101.6
,,,,,,51.0,76.3,44.3,12.5,,113.3
,,,,,,6.300000000000004,79.39999999999999,40.6,31.4,,108.9
,,,,,,18.3,76.89999999999999,50.0,47.900000000000006,,113.6
,,,,,,14.299999999999995,78.2,46.6,33.400000000000006,,102.9
,,,,,,14.4,76.6,30.7,13.0,,107.7
,,,,,,33.8,73.0,31.0,35.0,,107.3
,,,,,,16.700000000000003,78.0,31.8,38.7,,97.2
,,,,,,20.633333333333336,74.39999999999999,29.6,41.5,,102.7
,,,,,,24.566666666666663,78.1,26.800000000000004,54.8,,111.2
,,,,,,28.5,75.89999999999999,19.3,38.2,,119.7
,,,,,,5.899999999999999,75.8,29.6,37.7,,111.6
,,,,,,8.149999999999999,77.4,28.9,50.1,,112.0
,,,,,,10.4,75.4,31.6,49.4,,114.6
,,,,,,6.4,67.2,33.9,52.7,,111.0
,,,,,,2.3999999999999986,76.3,31.5,45.0,,113.3
,,,,,,10.6,78.3,29.7,43.6,,118.2
,,,,,,3.5,77.80000000000001,30.3,56.5,,119.1
,,,,,,8.175,78.5,49.5,47.5,,118.7
,,,,,,12.85,76.30000000000001,28.7,48.5,,113.5
,,,,,,17.525000000000002,79.0,25.4,38.9,,106.3
,,,,,,22.200000000000003,79.8,30.0,51.1,,116.5
,,,,,,23.000000000000004,81.69999999999999,30.1,29.200000000000003,,117.8
,,,,,,21.5,79.2,30.2,47.3,,116.1
,,,,,,28.200000000000003,83.10000000000001,28.6,44.3,,120.7
,,,,,,27.8,81.8,31.000000000000004,51.6,,116.7
,,,,,,29.2,78.60000000000001,32.7,48.5,,109.8
,,,,,,28.3,81.19999999999999,31.300000000000004,47.7,,120.7
,,,,,,21.3,79.6,29.700000000000003,39.0,,118.9
,,,,,,23.200000000000003,79.6,29.9,50.5,,123.79999999999998
,,,,,,29.6,76.5,31.3,40.5,,124.4
,,,,,,34.1,81.4,32.9,35.0,,129.2
,,,,,,28.5,79.3,31.6,41.3,,131.5
,,,,,,33.5,81.7,30.3,43.4,,167.2
,,,,,,26.1,81.0,32.5,13.900000000000002,,
,,,,,,28.8,80.89999999999999,19.1,48.1,,
,,,,,,27.3,79.5,30.5,38.0,,
,,,,,,27.1,76.5,30.6,33.6,,
,,,,,,32.5,77.9,29.4,49.4,,
,,,,,,28.7,77.60000000000001,31.200000000000003,14.2,,
,,,,,,31.4,65.80000000000001,28.1,46.0,,
,,,,,,34.4,79.0,24.0,34.400000000000006,,
,,,,,,30.200000000000003,68.2,24.3,48.6,,
,,,,,,32.5,79.69999999999999,30.200000000000003,50.0,,
,,,,,,47.3,67.9,33.3,39.6,,
,,,,,,40.7,83.0,27.8,30.4,,
,,,,,,35.8,79.9,33.6,34.3,,
,,,,,,40.1,86.5,29.8,40.6,,
,,,,,,41.5,80.4,20.1,40.5,,
,,,,,,36.4,80.2,19.5,51.8,,
,,,,,,42.400000000000006,79.1,31.5,45.2,,
,,,,,,38.8,65.80000000000001,16.299999999999997,31.300000000000004,,
,,,,,,32.5,80.69999999999999,29.200000000000003,44.2,,
,,,,,,9.7,80.8,28.6,54.0,,
,,,,,,36.1,82.39999999999999,29.9,40.2,,
,,,,,,26.5,77.8,29.700000000000003,55.1,,
,,,,,,35.8,81.6,59.7,35.900000000000006,,
,,,,,,28.8,78.8,51.1,48.8,,
,,,,,,26.8,73.0,56.0,45.3,,
,,,,,,36.400000000000006,77.4,15.900000000000002,46.7,,
,,,,,,32.4,76.2,20.5,34.599999999999994,,
,,,,,,36.7,78.6,20.6,50.3,,
,,,,,,39.1,77.2,62.7,43.2,,
,,,,,,33.9,75.9,63.8,40.9,,
,,,,,,44.1,78.5,63.3,38.7,,
,,,,,,43.7,72.6,61.8,59.2,,
,,,,,,38.0,75.0,56.8,52.2,,
,,,,,,41.7,73.7,13.0,68.89999999999999,,
,,,,,,32.1,76.1,61.5,57.3,,
,,,,,,37.3,74.8,57.9,46.2,,
,,,,,,34.6,78.8,51.5,52.6,,
,,,,,,39.7,77.0,55.2,47.6,,
,,,,,,31.8,79.0,55.2,47.6,,
,,,,,,46.5,75.39999999999999,48.1,66.3,,
,,,,,,43.9,76.0,63.4,57.4,,
,,,,,,47.0,66.1,59.0,66.89999999999999,,
,,,,,,35.599999999999994,63.2,60.6,61.89999999999999,,
,,,,,,36.6,76.2,59.1,58.9,,
,,,,,,38.8,76.9,63.00000000000001,49.8,,
,,,,,,40.9,75.3,51.6,54.0,,
,,,,,,41.45,77.1,60.900000000000006,54.2,,
,,,,,,42.0,82.89999999999999,57.9,53.9,,
,,,,,,41.4,75.30000000000001,55.6,50.6,,
,,,,,,45.7,73.89999999999999,60.400000000000006,49.0,,
,,,,,,37.8,75.4,49.8,54.2,,
,,,,,,49.8,77.0,54.2,59.400000000000006,,
,,,,,,43.4,75.1,29.700000000000003,60.2,,
,,,,,,47.4,79.2,26.7,58.39999999999999,,
,,,,,,56.5,74.2,56.1,57.8,,
,,,,,,52.8,73.1,59.8,61.7,,
,,,,,,36.3,77.9,52.400000000000006,64.4,,
,,,,,,61.2,74.4,60.3,54.3,,
,,,,,,54.8,76.3,61.7,56.60000000000001,,
,,,,,,49.3,73.6,66.39999999999999,67.0,,
,,,,,,54.0,77.10000000000001,51.6,70.8,,
,,,,,,42.9,75.1,55.8,54.7,,
,,,,,,54.99999999999999,77.0,51.5,54.400000000000006,,
,,,,,,52.7,74.60000000000001,64.8,56.3,,
,,,,,,51.6,79.5,61.2,55.60000000000001,,
,,,,,,44.8,72.89999999999999,51.8,59.49999999999999,,
,,,,,,45.8,77.0,62.900000000000006,71.3,,
,,,,,,43.9,77.10000000000001,62.10000000000001,97.7,,
,,,,,,45.1,78.5,47.89999999999999,65.7,,
,,,,,,41.4,79.10000000000001,49.6,53.3,,
,,,,,,37.3,79.2,59.7,66.10000000000001,,
,,,,,,32.300000000000004,75.2,65.2,58.2,,
,,,,,,38.5,77.60000000000001,63.00000000000001,63.99999999999999,,
,,,,,,44.5,66.1,49.6,73.3,,
,,,,,,26.5,79.3,64.1,61.0,,
,,,,,,35.900000000000006,68.7,63.99999999999999,70.6,,
,,,,,,31.6,79.39999999999999,63.8,64.8,,
,,,,,,57.7,78.2,61.8,63.60000000000001,,
,,,,,,56.2,64.60000000000001,61.2,67.6,,
,,,,,,32.099999999999994,77.60000000000001,61.7,61.4,,
,,,,,,12.099999999999998,74.8,63.49999999999999,64.10000000000001,,
,,,,,,11.0,63.1,65.2,65.2,,
,,,,,,13.4,62.8,50.2,38.9,,
,,,,,,27.4,74.2,62.3,51.2,,
,,,,,,54.3,79.39999999999999,61.1,60.39999999999999,,
,,,,,,41.7,64.4,47.89999999999999,55.7,,
,,,,,,56.8,66.10000000000001,49.7,58.2,,
,,,,,,63.3,71.0,64.6,55.99999999999999,,
,,,,,,56.0,77.0,63.900000000000006,66.2,,
,,,,,,62.0,77.39999999999999,64.39999999999999,73.6,,
,,,,,,61.9,76.2,62.1,60.7,,
,,,,,,71.1,75.10000000000001,62.89999999999999,63.60000000000001,,
,,,,,,62.8,79.10000000000001,64.1,52.8,,
,,,,,,52.99999999999999,73.1,66.8,72.7,,
,,,,,,45.7,73.5,64.3,64.9,,
,,,,,,67.4,74.60000000000001,52.5,55.2,,
,,,,,,50.7,76.2,51.8,58.0,,
,,,,,,43.400000000000006,73.5,63.1,76.8,,
,,,,,,43.1,77.2,61.9,67.6,,
,,,,,,44.5,73.8,53.8,64.1,,
,,,,,,45.5,62.7,61.6,59.8,,
,,,,,,41.4,75.0,67.4,58.00000000000001,,
,,,,,,44.7,71.4,72.0,64.10000000000001,,
,,,,,,40.6,72.0,68.8,65.89999999999999,,
,,,,,,41.400000000000006,75.6,63.2,60.89999999999999,,
,,,,,,45.1,71.89999999999999,86.4,71.10000000000001,,
,,,,,,49.49999999999999,77.5,92.3,59.9,,
,,,,,,43.6,72.6,98.7,69.5,,
,,,,,,47.400000000000006,72.5,93.3,59.8,,
,,,,,,49.5,77.9,102.0,67.7,,
,,,,,,50.5,78.0,97.3,66.7,,
,,,,,,49.2,74.1,,68.1,,
,,,,,,46.9,75.0,,67.2,,
,,,,,,44.3,78.5,,56.900000000000006,,
,,,,,,58.3,64.1,,61.900000000000006,,
,,,,,,52.8,68.6,,56.8,,
,,,,,,63.6,65.1,,63.5,,
,,,,,,42.400000000000006,76.7,,67.39999999999999,,
,,,,,,50.4,76.3,,61.60000000000001,,
,,,,,,59.1,80.0,,64.89999999999999,,
,,,,,,57.7,82.10000000000001,,67.10000000000001,,
,,,,,,58.9,73.8,,50.8,,
,,,,,,59.60000000000001,74.30000000000001,,61.900000000000006,,
,,,,,,65.19999999999999,63.2,,66.5,,
,,,,,,37.5,75.8,,64.8,,
,,,,,,61.9,66.39999999999999,,57.9,,
,,,,,,63.2,74.10000000000001,,51.8,,
,,,,,,55.50000000000001,79.39999999999999,,54.3,,
,,,,,,43.8,72.5,,66.7,,
,,,,,,42.1,74.5,,53.8,,
,,,,,,63.60000000000001,77.5,,59.6,,
,,,,,,66.60000000000001,77.7,,63.60000000000001,,
,,,,,,76.2,77.3,,58.1,,
,,,,,,75.3,78.1,,51.6,,
,,,,,,72.39999999999999,76.3,,57.0,,
,,,,,,70.8,70.8,,70.1,,
,,,,,,76.3,73.39999999999999,,69.0,,
,,,,,,76.1,76.0,,59.0,,
,,,,,,74.0,75.60000000000001,,54.9,,
,,,,,,80.8,75.6,,60.9,,
,,,,,,76.8,69.8,,60.2,,
,,,,,,85.7,70.80000000000001,,65.10000000000001,,
,,,,,,84.0,68.7,,68.6,,
,,,,,,84.9,64.5,,68.6,,
,,,,,,86.60000000000001,70.3,,68.5,,
,,,,,,76.19999999999999,75.2,,54.3,,
,,,,,,74.1,75.4,,68.6,,
,,,,,,81.2,74.0,,63.400000000000006,,
,,,,,,70.6,73.4,,50.5,,
,,,,,,79.2,74.0,,68.1,,
,,,,,,83.7,75.7,,52.900000000000006,,
,,,,,,79.1,61.9,,51.400000000000006,,
,,,,,,82.80000000000001,74.7,,63.9,,
,,,,,,82.0,75.6,,48.5,,
,,,,,,87.7,72.2,,63.89999999999999,,
,,,,,,81.5,71.4,,65.89999999999999,,
,,,,,,78.0,73.2,,55.6,,
,,,,,,79.69999999999999,78.9,,56.9,,
,,,,,,104.9,65.4,,56.4,,
,,,,,,101.8,66.6,,57.8,,
,,,,,,98.7,76.2,,59.400000000000006,,
,,,,,,97.0,80.89999999999999,,54.2,,
,,,,,,97.5,74.89999999999999,,63.7,,
,,,,,,96.0,77.89999999999999,,62.10000000000001,,
,,,,,,85.60000000000001,75.60000000000001,,70.0,,
,,,,,,90.6,77.7,,58.6,,
,,,,,,91.0,65.5,,67.7,,
,,,,,,96.4,68.60000000000001,,72.7,,
,,,,,,93.9,74.0,,66.60000000000001,,
,,,,,,97.2,79.19999999999999,,66.1,,
,,,,,,89.5,76.3,,77.6,,
,,,,,,91.1,75.7,,72.30000000000001,,
,,,,,,100.0,75.8,,64.9,,
,,,,,,89.7,76.10000000000001,,73.60000000000001,,
,,,,,,89.10000000000001,63.400000000000006,,72.0,,
,,,,,,98.1,77.3,,58.2,,
,,,,,,84.19999999999999,80.2,,67.3,,
,,,,,,96.9,76.8,,64.3,,
,,,,,,93.1,78.10000000000001,,60.1,,
,,,,,,84.5,81.1,,57.6,,
,,,,,,87.6,85.6,,62.5,,
,,,,,,92.4,70.0,,60.6,,
,,,,,,79.9,82.5,,49.89999999999999,,
,,,,,,60.60000000000001,81.2,,54.2,,
,,,,,,60.49999999999999,85.2,,62.2,,
,,,,,,84.9,79.19999999999999,,55.4,,
,,,,,,84.30000000000001,71.3,,47.5,,
,,,,,,87.4,83.0,,46.2,,
,,,,,,84.9,70.7,,46.0,,
,,,,,,91.6,82.89999999999999,,50.49999999999999,,
,,,,,,95.2,80.89999999999999,,62.4,,
,,,,,,95.6,84.8,,37.0,,
,,,,,,95.4,82.7,,57.8,,
,,,,,,101.4,81.2,,50.7,,
,,,,,,95.8,80.5,,54.2,,
,,,,,,97.5,79.5,,64.8,,
,,,,,,94.6,65.30000000000001,,59.0,,
,,,,,,93.9,83.1,,67.9,,
,,,,,,115.3,80.3,,55.00000000000001,,
,,,,,,117.0,75.7,,55.8,,
,,,,,,124.1,78.6,,66.2,,
,,,,,,122.7,83.5,,57.0,,
,,,,,,122.0,86.5,,59.900000000000006,,
,,,,,,110.4,83.9,,66.7,,
,,,,,,109.3,87.89999999999999,,61.7,,
,,,,,,111.7,81.69999999999999,,50.2,,
,,,,,,110.1,83.6,,71.8,,
,,,,,,117.6,80.19999999999999,,69.7,,
,,,,,,117.3,85.69999999999999,,68.5,,
,,,,,,113.2,81.7,,61.900000000000006,,
,,,,,,123.3,88.10000000000001,,55.900000000000006,,
,,,,,,109.4,84.0,,57.9,,
,,,,,,110.5,83.3,,64.5,,
,,,,,,107.1,84.2,,56.3,,
,,,,,,83.8,85.5,,44.8,,
,,,,,,90.4,82.2,,59.1,,
,,,,,,92.0,84.8,,55.8,,
,,,,,,96.0,80.9,,57.7,,
,,,,,,95.7,81.39999999999999,,59.39999999999999,,
,,,,,,96.6,79.5,,54.6,,
,,,,,,97.2,83.3,,61.9,,
,,,,,,96.6,84.3,,61.400000000000006,,
,,,,,,92.1,78.2,,66.19999999999999,,
,,,,,,98.3,77.2,,59.3,,
,,,,,,100.3,74.69999999999999,,63.0,,
,,,,,,104.7,66.2,,56.8,,
,,,,,,103.3,71.6,,57.0,,
,,,,,,107.3,80.7,,25.7,,
,,,,,,90.7,77.6,,54.3,,
,,,,,,99.8,79.5,,55.3,,
,,,,,,94.1,78.39999999999999,,54.8,,
,,,,,,97.3,74.6,,65.0,,
,,,,,,93.8,75.39999999999999,,53.3,,
,,,,,,93.5,77.8,,57.4,,
,,,,,,79.1,75.5,,61.8,,
,,,,,,68.8,63.8,,53.6,,
,,,,,,95.1,76.4,,53.6,,
,,,,,,104.7,64.1,,46.2,,
,,,,,,100.7,73.3,,60.9,,
,,,,,,98.2,73.6,,60.2,,
,,,,,,102.7,73.3,,52.6,,
,,,,,,104.3,73.9,,58.99999999999999,,
,,,,,,105.9,73.9,,47.7,,
,,,,,,102.4,72.0,,48.3,,
,,,,,,98.9,67.1,,44.9,,
,,,,,,74.10000000000001,74.8,,54.2,,
,,,,,,67.80000000000001,71.19999999999999,,51.7,,
,,,,,,84.1,73.7,,65.8,,
,,,,,,85.4,69.0,,52.6,,
,,,,,,82.2,79.19999999999999,,63.2,,
,,,,,,88.0,73.9,,62.8,,
,,,,,,86.0,75.3,,65.2,,
,,,,,,89.4,74.39999999999999,,59.1,,
,,,,,,84.8,79.60000000000001,,59.99999999999999,,
,,,,,,89.0,80.6,,55.39999999999999,,
,,,,,,88.1,70.0,,63.400000000000006,,
,,,,,,89.69999999999999,78.9,,56.900000000000006,,
,,,,,,84.5,78.9,,53.8,,
,,,,,,82.5,81.7,,43.7,,
,,,,,,78.7,79.6,,55.10000000000001,,
,,,,,,79.69999999999999,79.7,,53.8,,
,,,,,,82.7,86.19999999999999,,50.9,,
,,,,,,98.7,83.1,,60.7,,
,,,,,,76.8,85.6,,54.2,,
,,,,,,77.6,69.9,,54.7,,
,,,,,,76.6,77.1,,55.4,,
,,,,,,84.69999999999999,68.6,,49.60000000000001,,
,,,,,,96.1,67.4,,62.5,,
,,,,,,83.0,73.2,,57.2,,
,,,,,,91.7,78.3,,74.9,,
,,,,,,82.7,72.9,,61.3,,
,,,,,,79.60000000000001,73.9,,62.6,,
,,,,,,91.2,73.5,,72.5,,
,,,,,,82.8,72.0,,64.3,,
,,,,,,91.6,73.3,,62.1,,
,,,,,,86.7,73.3,,63.8,,
,,,,,,83.7,71.5,,58.5,,
,,,,,,80.9,73.1,,60.6,,
,,,,,,84.3,66.4,,56.3,,
,,,,,,88.0,75.80000000000001,,56.6,,
,,,,,,84.2,74.9,,57.7,,
,,,,,,64.30000000000001,71.3,,69.4,,
,,,,,,60.5,68.2,,56.9,,
,,,,,,80.7,71.2,,60.0,,
,,,,,,82.8,74.2,,62.0,,
,,,,,,87.8,72.39999999999999,,64.4,,
,,,,,,86.0,67.2,,55.6,,
,,,,,,101.6,73.3,,63.1,,
,,,,,,110.0,74.6,,59.60000000000001,,
,,,,,,99.5,72.2,,58.60000000000001,,
,,,,,,98.0,66.2,,59.6,,
,,,,,,97.3,67.2,,56.2,,
,,,,,,95.0,70.80000000000001,,57.89999999999999,,
,,,,,,78.3,68.0,,54.9,,
,,,,,,85.0,73.39999999999999,,54.50000000000001,,
,,,,,,94.0,68.8,,56.6,,
,,,,,,96.2,71.1,,56.60000000000001,,
,,,,,,89.3,69.1,,55.3,,
,,,,,,95.4,69.2,,56.89999999999999,,
,,,,,,95.1,72.2,,58.1,,
,,,,,,91.1,70.5,,58.60000000000001,,
,,,,,,93.8,68.3,,61.3,,
,,,,,,95.3,69.8,,73.2,,
,,,,,,95.0,70.3,,60.0,,
,,,,,,94.1,65.0,,60.8,,
,,,,,,92.3,68.8,,61.8,,
,,,,,,94.8,72.7,,64.8,,
,,,,,,90.6,69.9,,66.4,,
,,,,,,90.7,67.0,,57.2,,
,,,,,,93.3,68.0,,71.3,,
,,,,,,89.60000000000001,74.9,,64.6,,
,,,,,,77.30000000000001,67.3,,56.400000000000006,,
,,,,,,92.9,67.19999999999999,,60.7,,
,,,,,,92.8,63.7,,63.400000000000006,,
,,,,,,95.2,63.99999999999999,,57.2,,
,,,,,,85.9,62.7,,55.49999999999999,,
,,,,,,88.5,72.0,,70.1,,
,,,,,,94.5,77.4,,63.400000000000006,,
,,,,,,92.0,71.9,,61.400000000000006,,
,,,,,,88.4,75.1,,59.400000000000006,,
,,,,,,65.89999999999999,78.5,,62.6,,
,,,,,,81.2,65.0,,61.400000000000006,,
,,,,,,96.7,74.2,,58.7,,
,,,,,,104.6,77.1,,58.8,,
,,,,,,75.0,77.89999999999999,,62.50000000000001,,
,,,,,,100.4,75.69999999999999,,67.39999999999999,,
,,,,,,70.0,78.4,,53.9,,
,,,,,,91.6,78.0,,54.900000000000006,,
,,,,,,66.39999999999999,72.7,,66.2,,
,,,,,,98.0,62.9,,59.0,,
,,,,,,86.19999999999999,62.8,,61.8,,
,,,,,,105.6,68.5,,57.2,,
,,,,,,92.1,73.4,,62.900000000000006,,
,,,,,,58.1,72.8,,57.3,,
,,,,,,69.1,75.0,,55.2,,
,,,,,,78.1,70.5,,66.8,,
,,,,,,79.2,71.60000000000001,,53.900000000000006,,
,,,,,,96.2,71.6,,63.1,,
,,,,,,84.8,109.4,,63.2,,
,,,,,,90.0,94.6,,59.1,,
,,,,,,97.2,104.7,,56.0,,
,,,,,,102.1,102.8,,58.1,,
,,,,,,98.4,111.0,,57.0,,
,,,,,,84.39999999999999,114.0,,58.400000000000006,,
,,,,,,94.3,107.3,,62.1,,
,,,,,,72.6,104.0,,58.7,,
,,,,,,66.2,97.6,,59.900000000000006,,
,,,,,,71.7,106.4,,55.9,,
,,,,,,70.4,98.3,,55.4,,
,,,,,,71.6,93.1,,59.5,,
,,,,,,77.0,100.3,,58.6,,
,,,,,,79.8,104.5,,51.0,,
,,,,,,63.5,103.1,,63.10000000000001,,
,,,,,,71.89999999999999,95.1,,64.2,,
,,,,,,83.0,103.5,,58.9,,
,,,,,,95.9,94.2,,56.0,,
,,,,,,90.7,90.0,,64.2,,
,,,,,,80.4,94.1,,67.7,,
,,,,,,88.5,93.7,,66.6,,
,,,,,,91.9,98.6,,60.2,,
,,,,,,97.0,100.0,,64.9,,
,,,,,,96.3,93.6,,61.10000000000001,,
,,,,,,105.2,101.5,,65.6,,
,,,,,,85.6,100.8,,55.5,,
,,,,,,86.8,80.10000000000001,,56.1,,
,,,,,,125.1,80.19999999999999,,60.3,,
,,,,,,80.7,104.0,,54.6,,
,,,,,,73.1,95.5,,54.8,,
,,,,,,85.7,89.3,,62.8,,
,,,,,,91.0,97.2,,52.400000000000006,,
,,,,,,71.1,101.1,,56.900000000000006,,
,,,,,,85.5,104.3,,58.6,,
,,,,,,80.80000000000001,110.0,,59.1,,
,,,,,,85.9,103.0,,60.4,,
,,,,,,83.89999999999999,91.5,,55.400000000000006,,
,,,,,,70.1,90.3,,60.8,,
,,,,,,93.2,106.1,,55.8,,
,,,,,,90.00000000000001,97.9,,57.0,,
,,,,,,83.0,102.3,,56.8,,
,,,,,,92.6,97.4,,56.9,,
,,,,,,110.2,90.5,,56.7,,
,,,,,,88.0,93.0,,56.4,,
,,,,,,78.9,102.2,,58.400000000000006,,
,,,,,,89.9,106.8,,59.49999999999999,,
,,,,,,117.9,104.3,,60.4,,
,,,,,,95.5,103.8,,56.00000000000001,,
,,,,,,109.9,113.4,,60.2,,
,,,,,,85.5,108.8,,60.3,,
,,,,,,84.9,103.2,,59.7,,
,,,,,,111.8,110.8,,58.4,,
,,,,,,150.9,100.4,,65.60000000000001,,
,,,,,,118.7,92.5,,57.7,,
,,,,,,125.8,107.2,,56.6,,
,,,,,,111.4,102.0,,58.6,,
,,,,,,155.9,98.7,,59.400000000000006,,
,,,,,,180.9,105.3,,59.8,,
,,,,,,,102.7,,59.0,,
,,,,,,,103.1,,56.3,,
,,,,,,,102.3,,69.3,,
,,,,,,,107.7,,62.4,,
,,,,,,,117.8,,65.6,,
,,,,,,,102.2,,55.2,,
,,,,,,,99.8,,59.400000000000006,,
,,,,,,,106.4,,60.6,,
,,,,,,,105.8,,57.6,,
,,,,,,,112.0,,58.2,,
,,,,,,,105.7,,58.5,,
,,,,,,,107.2,,57.8,,
,,,,,,,112.0,,59.49999999999999,,
,,,,,,,110.6,,62.8,,
,,,,,,,111.7,,62.6,,
,,,,,,,112.0,,65.4,,
,,,,,,,103.9,,58.7,,
,,,,,,,119.2,,64.7,,
,,,,,,,110.5,,67.5,,
,,,,,,,100.5,,62.0,,
,,,,,,,104.1,,61.0,,
,,,,,,,96.9,,59.7,,
,,,,,,,92.4,,59.1,,
,,,,,,,106.7,,64.4,,
,,,,,,,105.0,,64.5,,
,,,,,,,105.2,,62.900000000000006,,
,,,,,,,103.3,,61.99999999999999,,
,,,,,,,100.7,,60.1,,
,,,,,,,95.8,,61.3,,
,,,,,,,104.7,,68.8,,
,,,,,,,105.8,,61.5,,
,,,,,,,93.4,,67.6,,
,,,,,,,103.6,,65.0,,
,,,,,,,90.9,,64.80000000000001,,
,,,,,,,106.2,,61.0,,
,,,,,,,104.1,,65.1,,
,,,,,,,106.4,,62.0,,
,,,,,,,100.2,,72.7,,
,,,,,,,106.7,,68.30000000000001,,
,,,,,,,103.9,,61.89999999999999,,
,,,,,,,100.0,,70.19999999999999,,
,,,,,,,105.6,,67.89999999999999,,
,,,,,,,105.7,,63.6,,
,,,,,,,97.8,,61.50000000000001,,
,,,,,,,98.1,,62.0,,
,,,,,,,99.4,,61.99999999999999,,
,,,,,,,97.2,,72.1,,
,,,,,,,93.8,,70.60000000000001,,
,,,,,,,97.8,,63.4,,
,,,,,,,92.7,,66.5,,
,,,,,,,98.4,,64.1,,
,,,,,,,86.6,,73.3,,
,,,,,,,96.3,,73.9,,
,,,,,,,97.8,,69.60000000000001,,
,,,,,,,101.5,,63.0,,
,,,,,,,96.3,,69.0,,
,,,,,,,99.4,,71.2,,
,,,,,,,102.3,,64.1,,
,,,,,,,103.4,,65.19999999999999,,
,,,,,,,100.7,,68.0,,
,,,,,,,105.2,,69.0,,
,,,,,,,98.9,,58.60000000000001,,
,,,,,,,80.30000000000001,,53.3,,
,,,,,,,88.80000000000001,,52.10000000000001,,
,,,,,,,100.2,,63.6,,
,,,,,,,97.5,,53.3,,
,,,,,,,100.2,,63.5,,
,,,,,,,97.2,,57.6,,
,,,,,,,97.0,,76.7,,
,,,,,,,98.3,,63.6,,
,,,,,,,103.0,,61.9,,
,,,,,,,97.9,,60.4,,
,,,,,,,97.3,,60.8,,
,,,,,,,97.3,,62.9,,
,,,,,,,99.0,,74.1,,
,,,,,,,80.3,,70.9,,
,,,,,,,100.5,,65.0,,
,,,,,,,102.9,,58.1,,
,,,,,,,100.5,,62.3,,
,,,,,,,103.3,,60.8,,
,,,,,,,98.5,,60.00000000000001,,
,,,,,,,99.8,,59.60000000000001,,
,,,,,,,101.6,,62.7,,
,,,,,,,100.7,,65.5,,
,,,,,,,86.1,,63.39999999999999,,
,,,,,,,102.2,,63.8,,
,,,,,,,104.0,,63.60000000000001,,
,,,,,,,94.7,,64.8,,
,,,,,,,102.7,,66.4,,
,,,,,,,105.6,,62.99999999999999,,
,,,,,,,101.5,,61.99999999999999,,
,,,,,,,87.7,,63.0,,
,,,,,,,105.9,,65.4,,
,,,,,,,109.3,,65.4,,
,,,,,,,102.5,,66.1,,
,,,,,,,103.1,,65.8,,
,,,,,,,102.3,,62.1,,
,,,,,,,99.3,,65.39999999999999,,
,,,,,,,104.8,,63.8,,
,,,,,,,104.1,,64.5,,
,,,,,,,97.0,,73.8,,
,,,,,,,95.7,,66.4,,
,,,,,,,96.0,,62.5,,
,,,,,,,100.3,,73.39999999999999,,
,,,,,,,99.1,,73.2,,
,,,,,,,96.4,,66.7,,
,,,,,,,88.7,,67.9,,
,,,,,,,92.1,,65.39999999999999,,
,,,,,,,87.1,,70.0,,
,,,,,,,98.6,,69.80000000000001,,
,,,,,,,101.0,,75.2,,
,,,,,,,105.3,,81.1,,
,,,,,,,100.2,,61.2,,
,,,,,,,98.8,,65.4,,
,,,,,,,99.7,,64.19999999999999,,
,,,,,,,97.9,,65.0,,
,,,,,,,98.0,,63.6,,
,,,,,,,100.9,,63.1,,
,,,,,,,101.0,,59.10000000000001,,
,,,,,,,100.2,,73.4,,
,,,,,,,103.7,,66.5,,
,,,,,,,101.2,,63.6,,
,,,,,,,83.8,,61.7,,
,,,,,,,95.1,,64.3,,
,,,,,,,103.2,,60.6,,
,,,,,,,103.1,,62.3,,
,,,,,,,98.3,,63.6,,
,,,,,,,97.8,,63.3,,
,,,,,,,103.7,,63.89999999999999,,
,,,,,,,102.8,,65.0,,
,,,,,,,99.0,,66.1,,
,,,,,,,97.0,,65.4,,
,,,,,,,94.0,,60.7,,
,,,,,,,93.3,,61.89999999999999,,
,,,,,,,93.3,,59.1,,
,,,,,,,92.1,,69.1,,
,,,,,,,90.1,,63.6,,
,,,,,,,86.7,,61.7,,
,,,,,,,78.19999999999999,,63.2,,
,,,,,,,81.89999999999999,,60.1,,
,,,,,,,82.5,,59.1,,
,,,,,,,78.3,,72.2,,
,,,,,,,81.7,,61.2,,
,,,,,,,79.9,,59.2,,
,,,,,,,81.19999999999999,,58.7,,
,,,,,,,82.60000000000001,,64.80000000000001,,
,,,,,,,82.8,,58.1,,
,,,,,,,80.8,,62.3,,
,,,,,,,80.2,,67.1,,
,,,,,,,78.0,,64.80000000000001,,
,,,,,,,80.5,,65.1,,
,,,,,,,77.5,,61.3,,
,,,,,,,74.6,,63.5,,
,,,,,,,75.9,,60.3,,
,,,,,,,74.1,,62.7,,
,,,,,,,73.1,,63.0,,
,,,,,,,61.8,,63.39999999999999,,
,,,,,,,72.2,,65.60000000000001,,
,,,,,,,67.8,,62.5,,
,,,,,,,68.3,,64.10000000000001,,
,,,,,,,69.4,,62.400000000000006,,
,,,,,,,71.7,,63.5,,
,,,,,,,74.60000000000001,,65.8,,
,,,,,,,70.8,,67.30000000000001,,
,,,,,,,60.2,,82.5,,
,,,,,,,72.7,,62.8,,
,,,,,,,75.0,,64.9,,
,,,,,,,77.3,,65.5,,
,,,,,,,77.3,,80.39999999999999,,
,,,,,,,74.3,,63.5,,
,,,,,,,75.1,,67.3,,
,,,,,,,76.1,,64.5,,
,,,,,,,72.3,,61.2,,
,,,,,,,72.0,,61.6,,
,,,,,,,72.9,,66.0,,
,,,,,,,73.10000000000001,,79.5,,
,,,,,,,68.0,,61.49999999999999,,
,,,,,,,72.5,,79.3,,
,,,,,,,70.1,,63.5,,
,,,,,,,68.3,,59.3,,
,,,,,,,57.7,,79.9,,
,,,,,,,68.89999999999999,,61.0,,
,,,,,,,69.39999999999999,,56.6,,
,,,,,,,71.7,,61.7,,
,,,,,,,70.3,,65.0,,
,,,,,,,69.4,,64.8,,
,,,,,,,68.5,,54.900000000000006,,
,,,,,,,59.6,,58.00000000000001,,
,,,,,,,69.8,,62.49999999999999,,
,,,,,,,73.2,,58.9,,
,,,,,,,72.39999999999999,,59.5,,
,,,,,,,69.19999999999999,,75.60000000000001,,
,,,,,,,72.3,,62.7,,
,,,,,,,61.900000000000006,,61.1,,
,,,,,,,72.0,,64.4,,
,,,,,,,69.2,,62.8,,
,,,,,,,70.10000000000001,,63.900000000000006,,
,,,,,,,71.8,,61.1,,
,,,,,,,72.0,,66.19999999999999,,
,,,,,,,61.9,,62.3,,
,,,,,,,74.4,,68.3,,
,,,,,,,77.5,,63.5,,
,,,,,,,70.39999999999999,,61.8,,
,,,,,,,73.6,,67.1,,
,,,,,,,71.8,,61.3,,
,,,,,,,63.900000000000006,,63.8,,
,,,,,,,71.4,,58.6,,
,,,,,,,76.89999999999999,,60.900000000000006,,
,,,,,,,63.0,,66.2,,
,,,,,,,61.900000000000006,,60.2,,
,,,,,,,74.0,,72.6,,
,,,,,,,76.7,,62.5,,
,,,,,,,79.7,,60.4,,
,,,,,,,91.4,,64.8,,
,,,,,,,77.7,,58.0,,
,,,,,,,86.89999999999999,,77.60000000000001,,
,,,,,,,83.5,,61.8,,
,,,,,,,81.6,,62.3,,
,,,,,,,79.5,,71.6,,
,,,,,,,74.9,,61.0,,
,,,,,,,78.3,,81.2,,
,,,,,,,77.7,,81.80000000000001,,
,,,,,,,86.5,,64.4,,
,,,,,,,80.1,,62.7,,
,,,,,,,78.5,,67.5,,
,,,,,,,73.0,,72.3,,
,,,,,,,80.0,,72.39999999999999,,
,,,,,,,79.39999999999999,,71.39999999999999,,
,,,,,,,80.0,,66.7,,
,,,,,,,77.60000000000001,,65.6,,
,,,,,,,79.8,,75.1,,
,,,,,,,76.1,,65.5,,
,,,,,,,80.6,,85.89999999999999,,
,,,,,,,78.5,,66.0,,
,,,,,,,89.89999999999999,,67.7,,
,,,,,,,81.19999999999999,,66.4,,
,,,,,,,76.8,,65.0,,
,,,,,,,84.4,,67.2,,
,,,,,,,81.69999999999999,,64.80000000000001,,
,,,,,,,85.69999999999999,,64.19999999999999,,
,,,,,,,89.2,,65.5,,
,,,,,,,87.0,,62.10000000000001,,
,,,,,,,100.8,,66.1,,
,,,,,,,97.2,,62.3,,
,,,,,,,80.5,,61.6,,
,,,,,,,77.8,,63.400000000000006,,
,,,,,,,84.8,,63.6,,
,,,,,,,94.8,,68.89999999999999,,
,,,,,,,86.30000000000001,,66.80000000000001,,
,,,,,,,90.4,,67.8,,
,,,,,,,88.8,,75.9,,
,,,,,,,94.6,,67.1,,
,,,,,,,116.8,,69.5,,
,,,,,,,110.4,,64.0,,
,,,,,,,101.0,,65.39999999999999,,
,,,,,,,88.3,,65.10000000000001,,
,,,,,,,107.9,,59.7,,
,,,,,,,112.9,,64.4,,
,,,,,,,125.7,,65.6,,
,,,,,,,120.9,,71.7,,
,,,,,,,127.0,,69.6,,
,,,,,,,147.79999999999998,,68.10000000000001,,
,,,,,,,122.1,,66.3,,
,,,,,,,112.6,,70.69999999999999,,
,,,,,,,125.0,,69.2,,
,,,,,,,128.4,,70.1,,
,,,,,,,128.0,,69.19999999999999,,
,,,,,,,134.79999999999998,,68.1,,
,,,,,,,133.8,,67.69999999999999,,
,,,,,,,146.4,,70.19999999999999,,
,,,,,,,133.5,,73.69999999999999,,
,,,,,,,125.29999999999998,,70.8,,
,,,,,,,143.1,,76.0,,
,,,,,,,137.20000000000002,,73.39999999999999,,
,,,,,,,142.39999999999998,,68.6,,
,,,,,,,159.1,,72.30000000000001,,
,,,,,,,125.9,,69.3,,
,,,,,,,150.3,,71.10000000000001,,
,,,,,,,148.29999999999998,,78.3,,
,,,,,,,128.5,,79.7,,
,,,,,,,136.4,,68.5,,
,,,,,,,151.2,,79.5,,
,,,,,,,147.29999999999998,,75.5,,
,,,,,,,171.7,,66.4,,
,,,,,,,,,70.4,,
,,,,,,,,,67.0,,
,,,,,,,,,66.60000000000001,,
,,,,,,,,,67.30000000000001,,
,,,,,,,,,70.5,,
,,,,,,,,,68.1,,
,,,,,,,,,67.69999999999999,,
,,,,,,,,,74.2,,
,,,,,,,,,67.9,,
,,,,,,,,,66.39999999999999,,
,,,,,,,,,68.3,,
,,,,,,,,,65.2,,
,,,,,,,,,69.2,,
,,,,,,,,,64.69999999999999,,
,,,,,,,,,75.1,,
,,,,,,,,,68.5,,
,,,,,,,,,69.8,,
,,,,,,,,,70.1,,
,,,,,,,,,75.6,,
,,,,,,,,,70.10000000000001,,
,,,,,,,,,77.9,,
,,,,,,,,,72.30000000000001,,
,,,,,,,,,72.6,,
,,,,,,,,,72.30000000000001,,
,,,,,,,,,70.6,,
,,,,,,,,,89.4,,
,,,,,,,,,72.30000000000001,,
,,,,,,,,,76.2,,
,,,,,,,,,68.7,,
,,,,,,,,,74.0,,
,,,,,,,,,73.39999999999999,,
,,,,,,,,,72.0,,
,,,,,,,,,79.0,,
,,,,,,,,,69.5,,
,,,,,,,,,75.1,,
,,,,,,,,,68.1,,
,,,,,,,,,75.8,,
,,,,,,,,,73.39999999999999,,
,,,,,,,,,68.3,,
,,,,,,,,,65.1,,
,,,,,,,,,75.1,,
,,,,,,,,,64.69999999999999,,
,,,,,,,,,69.5,,
,,,,,,,,,76.0,,
,,,,,,,,,62.9,,
,,,,,,,,,68.2,,
,,,,,,,,,76.0,,
,,,,,,,,,66.80000000000001,,
,,,,,,,,,65.3,,
,,,,,,,,,70.8,,
,,,,,,,,,78.60000000000001,,
,,,,,,,,,78.89999999999999,,
,,,,,,,,,77.0,,
,,,,,,,,,68.0,,
,,,,,,,,,67.5,,
,,,,,,,,,69.0,,
,,,,,,,,,67.3,,
,,,,,,,,,79.69999999999999,,
,,,,,,,,,78.8,,
,,,,,,,,,77.10000000000001,,
,,,,,,,,,75.10000000000001,,
,,,,,,,,,77.0,,
,,,,,,,,,72.9,,
,,,,,,,,,63.4,,
,,,,,,,,,78.8,,
,,,,,,,,,66.0,,
,,,,,,,,,64.0,,
,,,,,,,,,71.7,,
,,,,,,,,,63.0,,
,,,,,,,,,85.0,,
,,,,,,,,,80.5,,
,,,,,,,,,82.8,,
,,,,,,,,,75.19999999999999,,
,,,,,,,,,68.9,,
,,,,,,,,,73.60000000000001,,
,,,,,,,,,69.69999999999999,,
,,,,,,,,,70.9,,
,,,,,,,,,70.8,,
,,,,,,,,,71.4,,
,,,,,,,,,78.3,,
,,,,,,,,,75.4,,
,,,,,,,,,68.7,,
,,,,,,,,,73.5,,
,,,,,,,,,80.60000000000001,,
,,,,,,,,,80.60000000000001,,
,,,,,,,,,71.5,,
,,,,,,,,,78.5,,
,,,,,,,,,70.4,,
,,,,,,,,,67.8,,
,,,,,,,,,74.5,,
,,,,,,,,,69.6,,
,,,,,,,,,68.4,,
,,,,,,,,,86.2,,
,,,,,,,,,80.5,,
,,,,,,,,,78.39999999999999,,
,,,,,,,,,73.5,,
,,,,,,,,,76.19999999999999,,
,,,,,,,,,71.89999999999999,,
,,,,,,,,,72.0,,
,,,,,,,,,79.1,,
,,,,,,,,,70.6,,
,,,,,,,,,69.80000000000001,,
,,,,,,,,,81.0,,
,,,,,,,,,67.1,,
,,,,,,,,,78.10000000000001,,
,,,,,,,,,65.19999999999999,,
,,,,,,,,,63.400000000000006,,
,,,,,,,,,77.9,,
,,,,,,,,,65.8,,
,,,,,,,,,65.2,,
,,,,,,,,,70.39999999999999,,
,,,,,,,,,75.89999999999999,,
,,,,,,,,,67.0,,
,,,,,,,,,79.4,,
,,,,,,,,,77.39999999999999,,
,,,,,,,,,78.0,,
,,,,,,,,,75.69999999999999,,
,,,,,,,,,66.8,,
,,,,,,,,,79.5,,
,,,,,,,,,78.10000000000001,,
,,,,,,,,,68.7,,
,,,,,,,,,82.1,,
,,,,,,,,,80.5,,
,,,,,,,,,78.9,,
,,,,,,,,,71.8,,
,,,,,,,,,78.9,,
,,,,,,,,,70.1,,
,,,,,,,,,79.10000000000001,,
,,,,,,,,,68.9,,
,,,,,,,,,67.39999999999999,,
,,,,,,,,,77.8,,
,,,,,,,,,85.8,,
,,,,,,,,,85.10000000000001,,
,,,,,,,,,71.39999999999999,,
,,,,,,,,,83.1,,
,,,,,,,,,74.4,,
,,,,,,,,,77.0,,
,,,,,,,,,75.2,,
,,,,,,,,,79.3,,
,,,,,,,,,64.1,,
,,,,,,,,,80.8,,
,,,,,,,,,78.3,,
,,,,,,,,,79.30000000000001,,
,,,,,,,,,82.0,,
,,,,,,,,,79.6,,
,,,,,,,,,61.2,,
,,,,,,,,,76.2,,
,,,,,,,,,65.3,,
,,,,,,,,,78.1,,
,,,,,,,,,75.39999999999999,,
,,,,,,,,,81.0,,
,,,,,,,,,78.4,,
,,,,,,,,,80.3,,
,,,,,,,,,79.3,,
,,,,,,,,,66.1,,
,,,,,,,,,79.7,,
,,,,,,,,,77.3,,
,,,,,,,,,76.1,,
,,,,,,,,,80.5,,
,,,,,,,,,76.1,,
,,,,,,,,,65.2,,
,,,,,,,,,66.69999999999999,,
,,,,,,,,,77.4,,
,,,,,,,,,76.7,,
,,,,,,,,,80.89999999999999,,
,,,,,,,,,83.6,,
,,,,,,,,,74.2,,
,,,,,,,,,69.1,,
,,,,,,,,,63.60000000000001,,
,,,,,,,,,76.3,,
,,,,,,,,,73.10000000000001,,
,,,,,,,,,74.5,,
,,,,,,,,,79.3,,
,,,,,,,,,76.89999999999999,,
,,,,,,,,,79.7,,
,,,,,,,,,75.7,,
,,,,,,,,,62.1,,
,,,,,,,,,73.2,,
,,,,,,,,,74.7,,
,,,,,,,,,63.49999999999999,,
,,,,,,,,,61.8,,
,,,,,,,,,67.69999999999999,,
,,,,,,,,,74.30000000000001,,
,,,,,,,,,79.8,,
,,,,,,,,,74.2,,
,,,,,,,,,59.3,,
,,,,,,,,,80.60000000000001,,
,,,,,,,,,76.4,,
,,,,,,,,,77.0,,
,,,,,,,,,78.6,,
,,,,,,,,,75.10000000000001,,
,,,,,,,,,75.2,,
,,,,,,,,,75.4,,
,,,,,,,,,80.0,,
,,,,,,,,,76.39999999999999,,
,,,,,,,,,76.0,,
,,,,,,,,,81.0,,
,,,,,,,,,81.39999999999999,,
,,,,,,,,,77.2,,
,,,,,,,,,79.0,,
,,,,,,,,,71.8,,
,,,,,,,,,61.7,,
,,,,,,,,,65.80000000000001,,
,,,,,,,,,65.5,,
,,,,,,,,,76.0,,
,,,,,,,,,70.1,,
,,,,,,,,,71.0,,
,,,,,,,,,75.6,,
,,,,,,,,,77.4,,
,,,,,,,,,76.3,,
,,,,,,,,,60.10000000000001,,
,,,,,,,,,78.8,,
,,,,,,,,,77.3,,
,,,,,,,,,81.89999999999999,,
,,,,,,,,,79.3,,
,,,,,,,,,79.60000000000001,,
,,,,,,,,,63.2,,
,,,,,,,,,78.7,,
,,,,,,,,,80.9,,
,,,,,,,,,80.69999999999999,,
,,,,,,,,,80.7,,
,,,,,,,,,81.9,,
,,,,,,,,,64.5,,
,,,,,,,,,84.60000000000001,,
,,,,,,,,,80.89999999999999,,
,,,,,,,,,84.69999999999999,,
,,,,,,,,,84.4,,
,,,,,,,,,82.7,,
,,,,,,,,,81.5,,
,,,,,,,,,84.5,,
,,,,,,,,,84.6,,
,,,,,,,,,84.4,,
,,,,,,,,,83.1,,
,,,,,,,,,82.69999999999999,,
,,,,,,,,,81.8,,
,,,,,,,,,85.0,,
,,,,,,,,,65.9,,
,,,,,,,,,82.9,,
,,,,,,,,,87.1,,
,,,,,,,,,85.5,,
,,,,,,,,,90.7,,
,,,,,,,,,83.4,,
,,,,,,,,,83.6,,
,,,,,,,,,80.69999999999999,,
,,,,,,,,,89.0,,
,,,,,,,,,86.10000000000001,,
,,,,,,,,,84.5,,
,,,,,,,,,82.5,,
,,,,,,,,,85.0,,
,,,,,,,,,84.89999999999999,,
,,,,,,,,,63.8,,
,,,,,,,,,65.5,,
,,,,,,,,,82.7,,
,,,,,,,,,71.0,,
,,,,,,,,,82.8,,
,,,,,,,,,65.19999999999999,,
,,,,,,,,,79.10000000000001,,
,,,,,,,,,78.19999999999999,,
,,,,,,,,,81.9,,
,,,,,,,,,81.0,,
,,,,,,,,,78.2,,
,,,,,,,,,81.0,,
,,,,,,,,,81.0,,
,,,,,,,,,60.3,,
,,,,,,,,,78.6,,
,,,,,,,,,80.9,,
,,,,,,,,,78.9,,
,,,,,,,,,62.89999999999999,,
,,,,,,,,,70.89999999999999,,
,,,,,,,,,77.9,,
,,,,,,,,,77.2,,
,,,,,,,,,77.10000000000001,,
,,,,,,,,,80.0,,
,,,,,,,,,59.0,,
,,,,,,,,,58.1,,
,,,,,,,,,63.400000000000006,,
,,,,,,,,,78.9,,
,,,,,,,,,78.60000000000001,,
,,,,,,,,,59.7,,
,,,,,,,,,63.8,,
,,,,,,,,,65.6,,
,,,,,,,,,79.6,,
,,,,,,,,,81.5,,
,,,,,,,,,63.900000000000006,,
,,,,,,,,,82.3,,
,,,,,,,,,78.8,,
,,,,,,,,,64.30000000000001,,
,,,,,,,,,82.5,,
,,,,,,,,,81.9,,
,,,,,,,,,79.3,,
,,,,,,,,,62.0,,
,,,,,,,,,79.4,,
,,,,,,,,,79.19999999999999,,
,,,,,,,,,80.1,,
,,,,,,,,,58.2,,
,,,,,,,,,64.80000000000001,,
,,,,,,,,,71.39999999999999,,
,,,,,,,,,78.0,,
,,,,,,,,,61.3,,
,,,,,,,,,65.6,,
,,,,,,,,,66.6,,
,,,,,,,,,64.0,,
,,,,,,,,,58.400000000000006,,
,,,,,,,,,80.5,,
,,,,,,,,,65.0,,
,,,,,,,,,79.8,,
,,,,,,,,,78.69999999999999,,
,,,,,,,,,81.2,,
,,,,,,,,,58.5,,
,,,,,,,,,81.0,,
,,,,,,,,,73.8,,
,,,,,,,,,80.60000000000001,,
,,,,,,,,,82.3,,
,,,,,,,,,81.3,,
,,,,,,,,,60.400000000000006,,
,,,,,,,,,80.2,,
,,,,,,,,,81.2,,
,,,,,,,,,70.0,,
,,,,,,,,,82.5,,
,,,,,,,,,85.1,,
,,,,,,,,,62.1,,
,,,,,,,,,83.4,,
,,,,,,,,,83.39999999999999,,
,,,,,,,,,80.2,,
,,,,,,,,,83.9,,
,,,,,,,,,82.19999999999999,,
,,,,,,,,,80.9,,
,,,,,,,,,73.7,,
,,,,,,,,,76.0,,
,,,,,,,,,85.39999999999999,,
,,,,,,,,,82.4,,
,,,,,,,,,66.89999999999999,,
,,,,,,,,,83.7,,
,,,,,,,,,77.19999999999999,,
,,,,,,,,,71.5,,
,,,,,,,,,76.4,,
,,,,,,,,,73.0,,
,,,,,,,,,83.0,,
,,,,,,,,,89.3,,
,,,,,,,,,87.89999999999999,,
,,,,,,,,,69.19999999999999,,
,,,,,,,,,89.2,,
,,,,,,,,,75.2,,
,,,,,,,,,92.5,,
,,,,,,,,,89.6,,
,,,,,,,,,80.89999999999999,,
,,,,,,,,,74.39999999999999,,
,,,,,,,,,76.1,,
,,,,,,,,,85.0,,
,,,,,,,,,75.4,,
,,,,,,,,,101.2,,
,,,,,,,,,71.5,,
,,,,,,,,,78.6,,
,,,,,,,,,93.1,,
,,,,,,,,,67.80000000000001,,
,,,,,,,,,82.10000000000001,,
,,,,,,,,,66.30000000000001,,
,,,,,,,,,83.30000000000001,,
,,,,,,,,,82.30000000000001,,
,,,,,,,,,69.19999999999999,,
,,,,,,,,,79.69999999999999,,
,,,,,,,,,73.8,,
,,,,,,,,,76.3,,
,,,,,,,,,82.60000000000001,,
,,,,,,,,,81.5,,
,,,,,,,,,77.0,,
,,,,,,,,,80.39999999999999,,
,,,,,,,,,83.2,,
,,,,,,,,,79.8,,
,,,,,,,,,83.4,,
,,,,,,,,,67.2,,
,,,,,,,,,68.19999999999999,,
,,,,,,,,,70.5,,
,,,,,,,,,80.0,,
,,,,,,,,,72.5,,
,,,,,,,,,67.7,,
,,,,,,,,,80.5,,
,,,,,,,,,80.9,,
,,,,,,,,,69.0,,
,,,,,,,,,79.9,,
,,,,,,,,,79.3,,
,,,,,,,,,79.2,,
,,,,,,,,,78.3,,
,,,,,,,,,79.3,,
,,,,,,,,,83.4,,
,,,,,,,,,72.1,,
,,,,,,,,,87.60000000000001,,
,,,,,,,,,81.9,,
,,,,,,,,,83.2,,
,,,,,,,,,82.0,,
,,,,,,,,,75.19999999999999,,
,,,,,,,,,86.3,,
,,,,,,,,,86.4,,
,,,,,,,,,82.10000000000001,,
,,,,,,,,,85.7,,
,,,,,,,,,71.0,,
,,,,,,,,,78.10000000000001,,
,,,,,,,,,74.5,,
,,,,,,,,,70.5,,
,,,,,,,,,82.89999999999999,,
,,,,,,,,,74.69999999999999,,
,,,,,,,,,71.39999999999999,,
,,,,,,,,,78.2,,
,,,,,,,,,64.8,,
,,,,,,,,,84.1,,
,,,,,,,,,82.2,,
,,,,,,,,,83.8,,
,,,,,,,,,81.0,,
,,,,,,,,,72.9,,
,,,,,,,,,67.3,,
,,,,,,,,,82.5,,
,,,,,,,,,80.6,,
,,,,,,,,,84.1,,
,,,,,,,,,82.1,,
,,,,,,,,,71.4,,
,,,,,,,,,84.5,,
,,,,,,,,,88.7,,
,,,,,,,,,85.5,,
,,,,,,,,,84.5,,
,,,,,,,,,84.0,,
,,,,,,,,,83.4,,
,,,,,,,,,73.4,,
,,,,,,,,,73.9,,
,,,,,,,,,86.5,,
,,,,,,,,,84.9,,
,,,,,,,,,86.0,,
,,,,,,,,,92.1,,
,,,,,,,,,71.4,,
,,,,,,,,,64.30000000000001,,
,,,,,,,,,73.3,,
,,,,,,,,,87.10000000000001,,
,,,,,,,,,89.7,,
,,,,,,,,,83.0,,
,,,,,,,,,86.5,,
,,,,,,,,,82.19999999999999,,
,,,,,,,,,85.3,,
,,,,,,,,,86.3,,
,,,,,,,,,84.1,,
,,,,,,,,,90.0,,
,,,,,,,,,86.1,,
,,,,,,,,,85.9,,
,,,,,,,,,84.0,,
,,,,,,,,,85.3,,
,,,,,,,,,87.8,,
,,,,,,,,,89.30000000000001,,
,,,,,,,,,70.4,,
,,,,,,,,,75.10000000000001,,
,,,,,,,,,86.7,,
,,,,,,,,,81.0,,
,,,,,,,,,80.8,,
,,,,,,,,,83.2,,
,,,,,,,,,85.8,,
,,,,,,,,,71.89999999999999,,
,,,,,,,,,84.60000000000001,,
,,,,,,,,,66.8,,
,,,,,,,,,80.10000000000001,,
,,,,,,,,,81.39999999999999,,
,,,,,,,,,84.10000000000001,,
,,,,,,,,,81.5,,
,,,,,,,,,83.7,,
,,,,,,,,,83.7,,
,,,,,,,,,83.3,,
,,,,,,,,,76.8,,
,,,,,,,,,80.3,,
,,,,,,,,,69.5,,
,,,,,,,,,82.6,,
,,,,,,,,,86.5,,
,,,,,,,,,77.6,,
,,,,,,,,,79.3,,
,,,,,,,,,87.3,,
,,,,,,,,,89.0,,
,,,,,,,,,83.5,,
,,,,,,,,,77.4,,
,,,,,,,,,90.4,,
,,,,,,,,,88.5,,
,,,,,,,,,89.3,,
,,,,,,,,,87.39999999999999,,
,,,,,,,,,82.6,,
,,,,,,,,,79.7,,
,,,,,,,,,90.2,,
,,,,,,,,,88.2,,
,,,,,,,,,86.0,,
,,,,,,,,,109.3,,
,,,,,,,,,130.7,,
,,,,,,,,,124.3,,
,,,,,,,,,129.0,,
,,,,,,,,,126.3,,
,,,,,,,,,133.7,,
,,,,,,,,,139.10000000000002,,
,,,,,,,,,135.0,,
,,,,,,,,,142.4,,
