Time (cycle),Amplitude_Mean,Amplitude_Standard_deviation,Amplitude_Skewness,Amplitude_Kurtosis,Rise-Time_Mean,Rise-Time_Standard_deviation,Rise-Time_Skewness,Rise-Time_Kurtosis,Energy_Mean,Energy_Standard_deviation,Energy_Skewness,Energy_Kurtosis,Counts_Mean,Counts_Standard_deviation,Counts_Skewness,Counts_Kurtosis,Duration_Mean,Duration_Standard_deviation,Duration_Skewness,Duration_Kurtosis,RMS_Mean,RMS_Standard_deviation,RMS_Skewness,RMS_Kurtosis
500.0,3.9007013453750554,2.206752164438317,-0.2246783243520524,-1.1238150065908827,3.409448676815737,3.128560662226493,1.127419013143153,0.6013200768370153,2259000.7559949914,1351910.329953024,0.1181720276799995,-0.9168181859217904,13.523359776776068,7.757566564644924,-0.4058506208866523,-1.2898484727542374,73.20113395729302,40.903906908378886,-0.431221787212806,-1.2404179944848592,24.43519186793964,11.832599058913452,-0.6120451208497397,-0.9804355996481328
1000.0,22.391493503385608,4.274124322200266,-1.3353645698127754,1.494058595897901,15.371604715150015,7.251834946275878,0.4180526425593951,-0.1022282099190827,2757301.3258466395,1440120.759826355,-0.294438860008761,-0.8910214594043908,22.058555936079163,9.99522228228269,-0.7818105557319308,-0.6606118789760957,142.5702273404876,53.884503932696894,-0.7890789289173678,-0.4845529591252302,16.41820098851196,7.554607649457145,-0.4221604249791263,-1.1486714266366196
1500.0,24.573150973012076,5.499998437078119,-1.391580796584273,1.6153941415139288,16.44722320317681,7.386839873395993,0.1453499655797747,0.09457614816399958,2877340.4295793036,1478972.2489023951,-0.3139105610829055,-0.8572709067557269,23.82908410549414,10.233907754252506,-0.8971779800360373,-0.3549970950964975,155.28622087776108,57.50268549095021,-0.9100621763117782,-0.1769217595661814,14.872596282366107,7.053205470386564,-0.3380828368960701,-1.17396029905292
2000.0,26.754808442638545,6.725872551955973,-1.4477970233557707,1.7367296871299567,17.522841691203606,7.521844800516109,-0.12735271139984572,0.29138050624708184,2997379.533311968,1517823.7379784354,-0.33338226215704997,-0.823520354107063,25.599612274909113,10.472593226222322,-1.0125454043401438,-0.04938231121689929,168.00221441503456,61.120867049203525,-1.0310454237061888,0.13070943999286744,13.326991576220255,6.551803291315983,-0.2540052488130139,-1.1992491714692208
2500.0,28.936465912265014,7.951746666833827,-1.5040132501272683,1.8580652327459846,18.5984601792304,7.656849727636224,-0.4000553883794662,0.4881848643301641,3117418.637044633,1556675.2270544756,-0.35285396323119445,-0.7897698014583991,27.370140444324086,10.711278698192139,-1.1279128286442504,0.256232472662699,180.71820795230803,64.73904860745684,-1.1520286711005991,0.43834063955191627,11.781386870074403,6.050401112245402,-0.16992766072995774,-1.2245380438855213
3000.0,31.11812338189148,9.177620781711681,-1.5602294768987661,1.9794007783620127,19.674078667257195,7.79185465475634,-0.6727580653590866,0.6849892224132464,3237457.740777297,1595526.7161305158,-0.3723256643053389,-0.7560192488097353,29.140668613739063,10.949964170161957,-1.2432802529483569,0.5618472565422972,193.43420148958154,68.35723016571015,-1.2730119184950097,0.7459718391109651,10.235782163928551,5.548998933174822,-0.08585007264690153,-1.2498269163018219
3500.0,33.29978085151795,10.403494896589535,-1.6164457036702637,2.1007363239780403,20.74969715528399,7.926859581876456,-0.9454607423387069,0.8817935804963287,3357496.844509961,1634378.205206556,-0.3917973653794834,-0.7222686961610714,30.91119678315404,11.188649642131773,-1.3586476772524634,0.8674620404218953,206.15019502685502,71.97541172396348,-1.3939951658894203,1.053603038670014,8.6901774577827,5.047596754104241,-0.0017724845638453224,-1.2751157887181226
4000.0,35.48143832114442,11.629369011467388,-1.6726619304417614,2.2220718695940684,21.825315643310784,8.061864508996571,-1.2181634193183273,1.0785979385794109,3477535.9482426257,1673229.6942825962,-0.4112690664536279,-0.6885181435124075,32.68172495256901,11.42733511410159,-1.47401510155657,1.1730768243014935,218.8661885641285,75.59359328221679,-1.5149784132838306,1.3612342382290628,7.144572751636848,4.54619457503366,0.0823051035192108,-1.300404661134423
4500.0,36.54346880828204,12.326855068267593,-1.6411782860686537,2.004906445360987,22.29744205491593,8.323351088909419,-1.1339420626528938,0.851455934255559,3607454.0889165006,1695858.8292740586,-0.4303699609700254,-0.7021336747994628,33.441059551245125,11.799290182176886,-1.4649871523109568,1.1362199620150244,224.54332925829337,78.72078833428937,-1.4966026095162885,1.2851928535425474,7.009561887581569,4.526834589225527,0.22717289704223037,-1.068372789017235
5000.0,37.60549929541967,13.024341125067796,-1.6096946416955458,1.7877410211279048,22.769568466521076,8.584837668822265,-1.04972070598746,0.6243139299317071,3737372.2295903754,1718487.9642655207,-0.4494708554864229,-0.715749206086518,34.20039414992124,12.17124525025218,-1.4559592030653439,1.0993630997285555,230.22046995245825,81.84798338636193,-1.4782268057487467,1.2091514688560319,6.874551023526289,4.5074746034173945,0.3720406905652499,-0.8363409169000469
5500.0,38.667529782557295,13.721827181868,-1.578210997322438,1.5705755968948232,23.24169487812622,8.846324248735113,-0.9654993493220265,0.3971719256078553,3867290.37026425,1741117.099256983,-0.4685717500028204,-0.7293647373735733,34.95972874859735,12.543200318327477,-1.4469312538197308,1.0625062374420864,235.89761064662315,84.97517843843451,-1.4598510019812045,1.1331100841695165,6.73954015947101,4.488114617609262,0.5169084840882695,-0.6043090447828589
6000.0,39.729560269694915,14.419313238668204,-1.5467273529493304,1.3534101726617411,23.713821289731364,9.10781082864796,-0.881277992656593,0.1700299212840034,3997208.5109381247,1763746.2342484451,-0.4876726445192179,-0.7429802686606285,35.71906334727347,12.915155386402773,-1.4379033045741176,1.0256493751556175,241.57475134078803,88.10237349050708,-1.4414751982136624,1.057068699483001,6.6045292954157295,4.46875463180113,0.6617762776112891,-0.37227717266567073
6500.0,40.79159075683254,15.11679929546841,-1.5152437085762227,1.1362447484286595,24.18594770133651,9.369297408560808,-0.7970566359911594,-0.05711208303984838,4127126.6516119996,1786375.3692399075,-0.5067735390356154,-0.7565957999476838,36.47839794594958,13.28711045447807,-1.4288753553285045,0.9887925128691484,247.2518920349529,91.22956854257966,-1.4230993944461203,0.9810273147964856,6.46951843136045,4.449394645992998,0.8066440711343087,-0.14024530054848272
7000.0,41.85362124397017,15.814285352268612,-1.4837600642031148,0.9190793241955777,24.658074112941655,9.630783988473654,-0.7128352793257258,-0.2842540873637003,4257044.7922858745,1809004.5042313696,-0.5258744335520129,-0.7702113312347391,37.23773254462569,13.659065522553364,-1.4198474060828916,0.9519356505826794,252.92903272911778,94.35676359465222,-1.4047235906785784,0.9049859301099702,6.33450756730517,4.430034660184865,0.9515118646573282,0.0917865715687054
7500.0,42.91565173110779,16.511771409068817,-1.452276419830007,0.7019138999624959,25.1302005245468,9.892270568386502,-0.6286139226602923,-0.5113960916875522,4386962.932959749,1831633.639222832,-0.5449753280684104,-0.7838268625217943,37.997067143301805,14.03102059062866,-1.4108194568372785,0.9150787882962104,258.60617342328266,97.4839586467248,-1.3863477869110363,0.8289445454234547,6.199496703249891,4.410674674376732,1.0963796581803478,0.3238184436858935
8000.0,43.14387830745707,17.033314140169328,-1.4189749631710018,0.5928592612803785,25.32636044864577,10.244656633804222,-0.6237668360566584,-0.5636147620414862,4436444.423371451,1841554.6482300314,-0.5658776974618717,-0.7453502756266872,37.96066634043629,14.286122915503919,-1.3840724296283353,0.8175900980406825,258.71337708534554,99.65048631393839,-1.361523109274918,0.7329511449692574,7.039709035136264,4.6951383534618945,0.9632231156962421,0.2902285069543477
8500.0,43.37210488380635,17.554856871269838,-1.3856735065119967,0.4838046225982612,25.52252037274474,10.59704269922194,-0.6189197494530245,-0.6158334323954202,4485925.913783153,1851475.6572372308,-0.5867800668553328,-0.7068736887315801,37.924265537570776,14.541225240379179,-1.3573254024193921,0.7201014077851546,258.8205807474084,101.81701398115197,-1.3366984316387998,0.6369577445150602,7.879921367022636,4.9796020325470565,0.8300665732121364,0.25663857022280195
9000.0,43.60033146015563,18.076399602370344,-1.3523720498529914,0.3747499839161438,25.718680296843708,10.949428764639661,-0.6140726628493908,-0.6680521027493542,4535407.404194853,1861396.6662444302,-0.607682436248794,-0.6683971018364728,37.88786473470525,14.796327565254437,-1.330578375210449,0.6226127175296268,258.92778440947126,103.98354164836556,-1.3118737540026812,0.5409643440608628,8.720133698909008,5.2640657116322185,0.6969100307280308,0.22304863349125614
9500.0,43.82855803650491,18.597942333470854,-1.3190705931939863,0.26569534523402644,25.91484022094268,11.301814830057381,-0.6092255762457569,-0.7202707731032882,4584888.894606555,1871317.6752516297,-0.6285848056422552,-0.6299205149413657,37.85146393183974,15.051429890129695,-1.3038313480015058,0.5251240272740989,259.03498807153414,106.15006931557915,-1.287049076366563,0.4449709436066655,9.56034603079538,5.5485293907173805,0.5637534882439251,0.18945869675971036
10000.0,44.05678461285419,19.119485064571364,-1.285769136534981,0.1566407065519091,26.111000145041647,11.654200895475102,-0.604378489642123,-0.7724894434572223,4634370.3850182565,1881238.684258829,-0.6494871750357164,-0.5914439280462586,37.815063128974224,15.306532215004953,-1.2770843207925626,0.4276353370185711,259.14219173359703,108.31659698279273,-1.2622243987304447,0.3489775431524682,10.400558362681753,5.8329930698025425,0.43059694575981944,0.15586876002816458
10500.0,44.28501118920347,19.641027795671874,-1.252467679875976,0.04758606786979169,26.307160069140618,12.00658696089282,-0.5995314030384892,-0.8247081138111563,4683851.875429958,1891159.6932660288,-0.6703895444291776,-0.5529673411511513,37.77866232610871,15.561634539880213,-1.2503372935836194,0.3301466467630433,259.2493953956599,110.48312465000632,-1.2373997210943264,0.25298414269827085,11.240770694568125,6.1174567488877045,0.29744040327571386,0.12227882329661877
11000.0,44.51323776555275,20.162570526772384,-1.2191662232169707,-0.061468570812325596,26.503319993239586,12.35897302631054,-0.5946843164348553,-0.8769267841650903,4733333.36584166,1901080.7022732282,-0.6912919138226388,-0.5144907542560442,37.742261523243194,15.816736864755471,-1.2235902663746763,0.23265795650751542,259.3565990577228,112.64965231721989,-1.212575043458208,0.1569907422440736,12.080983026454497,6.4019204279728665,0.16428386079160817,0.08868888656507298
11500.0,44.74146434190203,20.684113257872895,-1.1858647665579656,-0.170523209494443,26.699479917338557,12.71135909172826,-0.5898372298312214,-0.9291454545190243,4782814.856253361,1911001.7112804276,-0.7121942832161,-0.47601416736093705,37.70586072037768,16.07183918963073,-1.196843239165733,0.13516926625198755,259.4638027197857,114.81617998443348,-1.1877503658220898,0.06099734178987626,12.92119535834087,6.6863841070580285,0.031127318307502483,0.0550989498335272
12000.0,44.96969091825131,21.2056559889734,-1.1525633098989603,-0.2795778481765604,26.895639841437525,13.06374515714598,-0.5849901432275877,-0.9813641248729583,4832296.346665062,1920922.720287627,-0.7330966526095613,-0.4375375804658299,37.66945991751216,16.32694151450599,-1.17009621195679,0.037680575996459686,259.5710063818485,116.98270765164706,-1.1629256881859713,-0.034996058664321095,13.76140769022724,6.970847786143191,-0.1020292241766032,0.02150901310198139
12500.0,45.19791749460059,21.72719872007391,-1.1192618532399552,-0.3886324868586777,27.091799765536493,13.416131222563699,-0.5801430566239538,-1.0335827952268923,4881777.837076764,1930843.7292948265,-0.7539990220030224,-0.3990609935707227,37.63305911464664,16.582043839381246,-1.1433491847478467,-0.05980811425906818,259.6782100439114,119.14923531886065,-1.138101010549853,-0.13098945911851834,14.601620022113615,7.255311465228353,-0.2351857666607089,-0.012080923629564366
13000.0,45.42614407094987,22.24874145117442,-1.08596039658095,-0.4976871255407951,27.287959689635464,13.76851728798142,-0.57529597002032,-1.0858014655808264,4931259.327488465,1940764.738302026,-0.7749013913964836,-0.3605844066756156,37.59665831178113,16.837146164256506,-1.1166021575389036,-0.1572968045145959,259.7854137059743,121.31576298607423,-1.1132763329137347,-0.2269828595727157,15.441832353999988,7.5397751443135155,-0.3683423091448145,-0.0456708603611102
13500.0,45.56497510662349,22.792497899136265,-1.025574002246429,-0.6159938107777267,27.67461419325806,13.95884458121522,-0.5950714325376969,-1.0121858545985827,4919530.844466811,1859919.4648045548,-0.7393497485932561,-0.4018694716883072,37.04073782016023,17.08740428833886,-1.0541400840306008,-0.3078124923906011,257.0654971831319,123.4351428104469,-1.0549382030604073,-0.3652096834895088,16.844235123287696,8.21486317796014,-0.3928470342631909,-0.15706082839371527
14000.0,45.703806142297125,23.336254347098112,-0.9651876079119082,-0.7343004960146583,28.06126869688065,14.149171874449024,-0.6148468950550738,-0.9385702436163389,4907802.361445157,1779074.1913070835,-0.7037981057900285,-0.44315453670099886,36.484817328539336,17.337662412421217,-0.991678010522298,-0.45832818026660627,254.34558066028958,125.55452263481956,-0.9966000732070801,-0.5034365074063019,18.2466378925754,8.889951211606764,-0.4173517593815673,-0.26845079642632036
14500.0,45.84263717797076,23.88001079505996,-0.9048012135773873,-0.85260718125159,28.44792320050324,14.339499167682826,-0.6346223575724508,-0.8649546326340951,4896073.878423503,1698228.9178096124,-0.668246462986801,-0.4844396017136905,35.92889683691844,17.587920536503574,-0.9292159370139952,-0.6088438681426115,251.62566413744725,127.67390245919222,-0.9382619433537527,-0.6416633313230948,19.649040661863104,9.565039245253388,-0.44185648449994375,-0.3798407644589254
15000.0,45.98146821364438,24.423767243021803,-0.8444148192428663,-0.9709138664885215,28.834577704125834,14.529826460916627,-0.6543978200898276,-0.7913390216518514,4884345.395401849,1617383.6443121412,-0.6326948201835736,-0.5257246667263821,35.37297634529754,17.83817866058593,-0.8667538635056924,-0.7593595560186167,248.9057476146049,129.7932822835649,-0.8799238135004254,-0.7798901552398879,21.051443431150812,10.240127278900012,-0.46636120961832017,-0.4912307324915305
15500.0,46.12029924931801,24.967523690983647,-0.7840284249083455,-1.0892205517254532,29.22123220774843,14.72015375415043,-0.6741732826072045,-0.7177234106696077,4872616.912380195,1536538.3708146699,-0.5971431773803461,-0.5670097317390738,34.81705585367664,18.088436784668282,-0.8042917899973896,-0.9098752438946219,246.18583109176254,131.91266210793756,-0.821585683647098,-0.918116979156681,22.45384620043852,10.915215312546636,-0.4908659347366966,-0.6026207005241356
16000.0,46.25913028499164,25.511280138945494,-0.7236420305738246,-1.2075272369623848,29.60788671137102,14.910481047384232,-0.6939487451245815,-0.6441077996873639,4860888.429358541,1455693.0973171988,-0.5615915345771185,-0.6082947967517653,34.26113536205575,18.33869490875064,-0.7418297164890868,-1.060390931770627,243.4659145689202,134.03204193231022,-0.7632475537937707,-1.056343803073474,23.856248969726224,11.59030334619326,-0.515370659855073,-0.7140106685567407
16500.0,45.570257818732905,27.65036264536197,-0.4698421289177718,-1.4522286410502894,29.507945598713068,15.14260698278344,-0.4288115223642029,-1.1737606314491384,3605234.702185619,1749410.8327975292,-0.2984677013550556,-0.9749714523915204,31.285350075092925,17.01029375319699,-0.5969055369098039,-1.2767007725781472,229.1544463272777,127.44685927219618,-0.5925635072699248,-1.3103490158433404,30.26159655728718,16.982234330211494,-0.3631791081463161,-1.216084748808139
17000.0,36.25312703400779,28.515964499341955,0.2590586145354796,-1.3851919852846717,21.901428251024708,14.7646456240425,0.1281040223168623,-1.4658632507586555,2712320.4383747485,1825694.9228659112,0.3120762349902186,-0.944956889523942,20.89007174648992,13.989016132485752,0.0141775383541171,-1.3633827620581511,162.05468458752915,111.11746493020289,0.0817027278543221,-1.3659217050865036,35.71552710864996,28.296581109778373,0.1068975633091253,-1.519720822825415
17500.0,23.48418494801046,20.09895280586329,0.5541734603926075,-0.6987814960737091,13.98226431500744,9.76719942798356,0.4033461401127127,-0.8390850030717818,3105038.3485459685,2173692.0852261884,0.1879652566347913,-1.0979765281171556,17.208896228455874,13.838550064250985,0.5542073365983334,-0.946580844768548,122.87244321894126,93.10710750086254,0.3724840299219785,-1.117235496354008,26.18144329040341,27.181184110735053,0.7262775797542538,-1.087829772363294
18000.0,16.646408973293152,15.812073489382776,0.690544057808027,-0.9544262066899014,15.557211032255305,12.182804436828286,0.6303128281576145,-0.871620164882426,1842831.711018717,1840862.9058265623,1.1989680083379406,0.5032957361199437,16.317015557387226,13.48501708481257,0.6799462013666011,-0.7651083879375773,103.03204890614312,92.76016299875594,0.7776052825584712,-0.6723466528041344,15.208690500418092,13.692359717019576,0.7305501109778102,-0.4218074638513163
18500.0,16.040973002290265,14.49304544371685,0.4866498680865894,-1.2933151627848658,15.756637466269062,11.585234675332684,0.3957211158061292,-1.0460043564525243,1288825.6432176984,986360.377672374,0.5936804544002929,-0.6142022284285815,14.581885246512757,10.100096888205874,-0.0349684406286559,-1.4813414044567863,99.32287125596186,67.7865687395537,0.0171029392351316,-1.4289605590017287,10.745889238492731,10.149185936427894,0.8198937839317777,-0.7706021509598275
19000.0,16.983534164280364,15.390467651397188,0.4488478014888114,-1.3787217674256202,11.502441862007048,10.702942326195508,0.5587970539195609,-1.194829422362285,1555521.2863201546,1101507.7528504934,0.4108272015658503,-1.0243045375336468,13.42701885075369,10.128826781836116,0.5489388796135762,-1.0935494551077596,92.33092806576938,71.16918336171307,0.549430516964051,-1.150942594469931,15.11043228036837,11.34041404836898,0.0164483753191424,-1.6746668848926567
19500.0,18.09033655909658,17.540319226602477,0.5915692143553855,-1.2672366790201828,10.887717397562568,7.487035510804421,0.1867477546535434,-1.3372128898460052,2410568.5711417072,1740009.747360795,0.648475553752772,-0.6610690628365798,14.337219032192644,10.346064053181674,0.556094834130265,-0.9465037168207346,103.06599912676562,73.90728418790206,0.5442272726326615,-1.0009858185446383,19.20173866791014,17.472654037240467,0.3886013135076016,-1.512033833858775
20000.0,18.965615908721187,19.777742447279493,0.7336657913733161,-1.0178918791074782,11.991300604996333,8.143323632316278,0.1272431962287271,-1.317215003860977,3060322.832775138,2694618.409039999,0.6334795739812857,-1.025329182740491,14.890346119567168,11.910188449974482,0.3766003078394223,-1.4797822961821605,104.53332778745624,87.57623766534691,0.3747816537622509,-1.4748030498541993,22.738563983690323,24.704776692293365,0.683982452419335,-1.2681158668732695
20500.0,18.81434897807853,20.578280743502905,0.8127186548981294,-0.830620497044992,12.100909022361016,6.917546371633226,-0.1307788894167902,-1.163332273922825,3373176.7744116834,2922473.9440910565,0.5300670802579953,-1.2059127218121777,15.467034698379557,11.794450840359422,0.4145346276450652,-1.2847348600932502,109.15626556611556,85.48731671134826,0.3330578150480794,-1.4910695241693208,25.57611217617868,27.82432128705308,0.8114419133636491,-1.0811647942238032
21000.0,16.000283402747996,18.66621317590108,1.1671218327225528,0.0610799094343148,14.242497134573677,7.966807800453087,0.0206127152563841,-0.9771467197856868,3260881.7279575868,2716485.44231275,0.5379145293794366,-0.9488824914675108,12.302478005529684,9.186163548139842,0.7415274766487896,-0.364079114620742,89.65511923878806,66.63154637632266,0.5745806836893551,-0.8007047780081984,25.01786581217198,28.14138688878956,0.9698199346046612,-0.755817652756551
21500.0,9.524680773570498,13.525021549122084,1.842819820322628,2.189730993365389,14.708474327187064,8.491161526899301,0.1207259631880401,-1.123218735686955,2963350.222671984,2377653.8110543317,0.4186731435956523,-1.1080219637285664,5.588536435297865,4.1347443440842495,1.050854236697569,0.7947580090235302,42.595211804084,33.83439718512576,1.0174809580916415,0.1388674128651574,17.817278444991068,23.41679171313692,1.17917773086096,-0.2610797280979664
22000.0,7.5388267573349586,8.790911409637319,2.029929996092958,3.9037081372964346,8.53070438519938,6.40822653796946,0.5461126079338379,-0.5807952017673657,3832677.305111737,2622286.077178605,-0.2487398701869065,-1.5360478703876594,8.326072421374189,7.072962070608778,0.9186782833278532,-0.2568877917887482,57.79104025456114,48.61467154686459,0.879541925828222,-0.3490417632640823,12.821767845155382,15.37071319068226,1.3658449162900796,0.4770233336316685
22500.0,7.800609917991252,6.428827296095052,0.6476055810585131,-0.6431126149874009,8.484910555936342,7.578058076353342,1.2109888985179873,0.5837679681293007,4611576.783149831,3464905.2653962914,0.2702933813034066,-1.140398081018276,13.34837596052818,9.507900413915454,0.6351868546768323,-0.6054701392216035,83.76096662298548,63.1068351147589,0.6128365571813649,-0.640713679363373,6.569396255106058,6.099747818952235,1.6827569800460027,3.2467996919733224
23000.0,9.72377210028574,7.180783506010624,0.2071572270052968,-1.1476236295942943,12.571152381106833,8.036605603612053,0.5802207490506064,-0.2867511705570402,4504936.973810447,3602785.6134702894,0.334579679989556,-1.3236869939455749,15.886040866023809,10.71599416033942,0.1866468956120458,-1.1217290852443036,105.9292929701727,69.785704842633,0.0679642101835033,-1.124182772519457,12.155043070952823,11.141068958216678,1.166832724740242,0.3881755308675383
23500.0,10.708587402010057,9.462224590019789,0.7821115766658555,-0.6507217676065684,12.186701664348393,8.52371030771707,0.5387776645344,-0.7006555975690976,4518343.345375223,3460813.771643232,0.6703959080436888,-0.493576555842234,13.923473596796898,10.31352042013756,0.6212972202129796,-0.3345014236129571,93.90458870876957,63.67769310051593,0.406493230161489,-0.6208000716975146,19.32596040940212,22.09459489594582,1.0046782531423064,-0.5494475040519751
24000.0,13.284286055223369,9.22508446288379,0.6917077712331896,-0.3293939130449179,14.475956018009487,8.126064114890744,0.104521639966026,-0.9594788173735612,6324516.23438026,3010750.3704114365,-0.3618810756501027,-0.628660616200317,16.502760059952955,9.677446218525375,0.3538314829526843,-0.4207009139398137,115.05996051638849,65.4060710009094,0.1059492066621855,-0.4814874135036171,24.78034713517292,26.0643527672845,1.084360401202062,-0.3858736766076562
24500.0,15.476930783347765,6.97627063522533,-0.0838884832839793,-0.0940455854384265,9.465058390453644,6.292126252708695,1.1925192011556414,1.5990946322783044,10036729.005412262,3484786.745772688,-1.2879547571436518,1.2136354890430106,21.95697245608008,15.6564339296983,0.0631894933603925,-1.519914855131604,139.8734675793068,95.7396711049547,0.0206928194338397,-1.46611652745249,24.435197052887546,23.412265775452763,1.1588765875794305,0.0162428136032644
25000.0,12.758712530594496,6.366673199283547,0.3255243661195914,0.3061414454788867,10.38105288904307,6.610887496425247,0.6559945104961192,0.26679009031497225,8988860.561965998,3278980.5600164053,-1.2768982727726468,0.8506319776383151,17.187492883025367,12.090188085644176,0.08480808931604991,-1.5704980715842058,105.0991001159467,73.24841175722902,0.0969048288144639,-1.4612042840628345,22.033587774955585,21.826967602056662,1.1872823950860028,0.1885405983810193
25500.0,10.040494277841226,5.757075763341764,0.734937215523162,0.7063284763961999,11.297047387632498,6.929648740141798,0.119469819836597,-1.0655144516483597,7940992.118519736,3073174.3742601224,-1.2658417884016415,0.4876284662336196,12.418013309970654,8.523942241590053,0.1064266852717073,-1.6210812880368075,70.32473265258659,50.75715240950335,0.1731168381950881,-1.4562920406731787,19.631978497023628,20.24166942866056,1.2156882025925753,0.3608383831587742
26000.0,6.848346124090515,5.233002383105794,1.3846727027726944,1.8909684803636484,13.869457066030147,9.01885984940399,0.1037072905640979,-1.3714097211131315,6633084.797268197,2676828.933212249,-0.8229969739770007,-0.4808496229044823,9.297453398951706,4.390836428292217,0.1810887828254734,-0.1809163520953909,60.34307392951816,31.109717662856717,0.7194981044099037,0.6429275717099165,17.36402203055486,16.515981874696678,1.3980510223245814,0.8732461157160389
26500.0,5.895660209743435,5.036887656943419,0.9496684404247174,0.1629040839811599,15.291383491365249,9.68605686609498,-0.0443759042505202,-1.3366836929469008,5530443.70126213,2976398.9476387054,0.1242597587482336,-0.2000532684447642,11.543391494896763,9.411520827588152,0.8041555315815263,-0.6244499307879492,80.49814144495846,66.49777743065593,0.7015230933513893,-0.8472959008296734,14.17293672761693,12.672898144591258,1.6503298472888503,1.8577004520405571
27000.0,8.591925884961832,5.703304942779285,-0.0292790987892103,-1.3487424025590575,14.2607785885299,10.007953257921884,0.5495224515600344,-0.7189962439696087,4510513.946852976,3480054.965094828,0.4323519289153071,-0.9608990840955962,17.901492157108144,10.96375140675921,0.0480083878063969,-0.7492821861530143,118.8230637347521,69.6944497902237,-0.1540999352281441,-0.8892792997605863,10.575554888820356,10.396804072189504,1.481241167181408,1.6271471363522396
27500.0,5.420980036872454,4.671237182445475,0.54234496302308,-0.9330228363696214,18.03595282193882,13.552905169479208,0.5485404881954066,-0.7493601592933472,3383955.428607041,2865776.677232714,0.3244945459789646,-1.2511821410436408,9.738895747628264,7.550111051761869,0.4220394108155169,-1.1701360136083083,67.08094416198183,51.03626533569582,0.4647789993169203,-1.058638445218965,16.88175981296026,20.107377211950787,1.382090267592563,0.7087069397632773
28000.0,2.897309005091077,2.779182547009445,0.7981646418151173,-0.6600323250989573,25.56081199861848,14.597936921361557,-0.0792520634012576,-1.0246709493594683,1589240.0987302463,1698139.8674818354,0.8282938302254308,-0.7171887497307798,7.491651706503116,7.365320538417065,1.202429197220351,0.2285979565506379,52.459837875353394,53.22720262554736,1.3334464591557458,0.6044416961923806,10.00604166510537,8.742445885749383,1.542352481121949,2.8917939289953862
28500.0,1.646921282902296,1.3480696098119516,0.8969259375134594,-0.0437995783383455,19.16895037188019,14.341492648126325,0.3870734691155417,-1.0389108408835237,761014.2856417869,943938.741644874,1.4813409306968062,1.5653018528709666,8.41961379011435,7.520567868583316,0.6930896040759115,-0.9430568591352616,69.83894548553243,60.566465514770165,0.6818894141063008,-1.0104625629887851,11.207401438904707,12.986706982478172,1.6315815176180533,1.984169453963764
29000.0,1.2948560745093816,1.0264799179799202,0.8302075985088191,-0.3738190208161889,14.618889901185096,10.70495730695555,0.7120465072644304,-0.4120404790061296,430574.3756633711,533095.652875243,1.6333136671469624,1.4867912778475765,4.613520127458079,4.401070636036334,1.2098523346109131,0.5681189814040684,48.6328850212975,41.33010613504596,1.001701988571935,0.2430954831299696,6.029080543405105,5.160795701810973,1.5794554867529664,3.200749787799934
29500.0,1.2767966160659707,0.9620790037117356,0.7728884038553531,-0.1329054749467735,16.69020870937064,11.245284665205295,0.1871942805651613,-1.2430467481145206,272732.4605217246,224262.13972249103,1.3344453031705876,1.956203063921525,5.142636108531774,4.461086182028304,1.1944865191429268,0.6035483233140182,56.28122123221942,39.56650700995009,0.4932747481466542,-0.5842439675992375,10.402642427101416,7.414248237911535,0.9145264189288648,0.6782693067085779
30000.0,1.0541442564223995,1.0071618429459734,1.251150393093308,0.7047004015241667,14.153146041933631,9.745335580005293,0.4472653689453025,-0.8584944850912923,201717.76516131056,137043.01872841638,0.1397530542086588,-1.1795442348287144,3.564814378025756,2.9755518932544254,0.7960754263011189,-0.5492828905902023,41.48004557403167,31.43678130916801,0.8625306122792887,0.058426588209504,8.51003390818043,5.354457295608108,0.1664282834497629,-0.9295004281910272
30500.0,1.1008038725460048,0.8772329353840697,1.037344382677083,0.5960664472770216,10.504991748905528,7.83989452123217,0.8806431254955672,0.1279736817933687,187871.6390177668,115437.2466694553,0.138368239394919,-1.1093914652106602,2.9646648428616627,2.380522929386299,0.6883178932300242,-0.5245182106058532,33.49039802173444,26.856705873507128,0.9083991946648728,0.0222923267974013,6.349167635638969,4.744506703077351,0.6096143545670174,-0.6256865443839059
31000.0,0.8025888934563977,0.7354526213635467,1.384259895362184,1.4055081428358918,11.464486116922206,7.721343534790363,0.3720282741919706,-0.9772337876999156,125012.86459130528,92310.06519053625,0.4328466081988105,-1.0596982798256542,2.8191920994742543,2.5122205781480598,1.145205917538752,0.5324308019601367,31.661880295899365,30.755645235757655,1.3150323415683205,0.8380970838102186,5.955390646233731,3.795289289297069,0.4525166937632392,-0.6669259092530173
31500.0,0.8836296863205686,0.6731931820412943,0.6689094403014678,-0.6408940668570349,10.825764371114223,8.533729196544167,0.8315534109120675,-0.1369280418274194,89514.00307631877,73976.82833870802,0.9305642803870388,0.0706330865626707,4.253528541394848,4.795876313701774,1.3536593464226665,0.5132892438512808,44.76900546577553,46.26652024870178,1.3755567540537557,0.7844178611387775,5.268774850987277,4.334892353974792,0.7475012394781204,-0.5760484829579742
32000.0,1.3225060182660326,0.9477218911651236,0.8011088428907189,0.268180295696109,10.837102632002493,9.883232022084966,1.2519212739113783,0.7784521866701954,128915.28270510276,99196.84081110664,0.9128161579882338,0.1674209425152377,6.672516708186299,6.511479125777701,1.440643119277547,1.3568188530622214,63.736991972008745,62.70308710080607,1.3946569043564547,1.0647202163892917,4.908482844828031,4.401540514034401,0.9002801412254372,-0.2373891445137657
32500.0,2.3899945823043,1.67799093738916,0.509843632444454,-0.3048173112490766,16.01601436143279,13.968958681881196,0.7846924119358417,-0.5246826856996836,230497.12417321283,168830.89868599756,0.2607020890776872,-1.3185813589563786,10.58859100352653,8.423617971759702,0.5069147099529918,-1.050393934023487,91.59379116049269,76.94914919626362,0.6618287812738588,-0.7533010410365106,9.544863760728049,7.335675388610355,0.5350474541800291,-0.6279527178721325
33000.0,3.203658631348178,2.282802450023588,0.3109222871271155,-0.9614340951411022,20.47688705552784,15.75967782151812,0.6691790616998744,-0.6479172657921985,261126.5638349561,193899.1717015533,0.3321822848727524,-1.110599870218715,18.93473162295605,12.054758086653749,-0.1994225608192683,-1.4048079401758815,159.0804295433514,109.9479772793769,-0.0792855621288717,-1.5047507970585945,16.36099948039981,11.96057577151458,0.6160922281676506,-0.1465418683243284
33500.0,4.222446994137004,2.5881369716839657,0.0585235061692521,-0.8526602875300804,21.948001680328087,14.668507164311045,0.2386129020129903,-0.982869038757916,444795.0751548976,212199.2419287144,-0.684254891962817,-0.8488076595623948,17.697890197454186,12.059290426553954,0.1671532633263609,-1.0993181157121228,136.5829858914308,95.58737832791611,0.0869038831784298,-1.33446696387415,24.428550310306218,13.771164906339507,-0.3411000102018365,-0.9117228272086167
34000.0,2.6341137805345283,1.8511806902918824,0.3840125855297113,-0.863730633324653,9.441858914050991,8.066948565579812,1.0999480789812837,0.7305577755426431,254513.74442567883,160260.13784869955,-0.0438619237358091,-1.279080520268302,12.374422857213183,8.059106115057439,0.3035432208425996,-0.9260784401778102,94.312504485998,62.35424251197709,0.1909819006831453,-1.0129270608490524,30.316009029598977,19.361049825415027,0.3639595709522667,-0.7706179669824778
34500.0,3.423829694333675,2.9542472917576577,0.5968475199508427,-1.139084018092651,18.082444609623,16.374001473925954,0.7908520804222314,-0.7229546966199143,231483.01892465723,174688.95098109488,0.5367704559314741,-0.8711191323558936,19.26466156366045,14.781320966272844,0.1758058258118703,-1.4466637020829451,149.96971805836944,105.0378256251828,0.0041622485780191,-1.4211733029272433,23.512683681839217,17.773443119329826,0.8266320195863512,-0.323589491198569
35000.0,3.371603466835301,2.985180492866242,0.6349315525364067,-0.973501240504401,27.567993761311843,18.57299856678113,0.2146530690813095,-1.3016687090502186,207370.2261020368,193757.74012370195,0.7636941064229293,-0.8042659697557797,20.35964228772546,14.182685362864415,0.1001414474219564,-1.3389834354753427,167.4699620006933,103.84952008525454,-0.2193213260003306,-1.340464546305184,9.90500810818317,8.215959955247156,1.1724277655824598,0.807682664758369
35500.0,3.039813733722905,2.4173781819428366,1.06117072316021,0.8106645389143776,23.391763137857502,14.663232523749617,-0.0109955793595887,-1.3756521385857643,254687.1468978937,182759.1862373774,0.1044585158157956,-1.0180033912886124,14.50423282196771,10.328042381753068,-0.0014457248375287,-1.3243690476008354,129.02477749413228,92.7896655276443,0.0485795907258716,-1.4170144569510823,29.83752772169835,17.79529055247743,0.3161306648736333,-0.5051144123785702
36000.0,3.479506597300285,3.335705948389671,0.9083643308133634,-0.4151204687331056,23.589522398021263,15.001140974977083,0.0949704616979997,-1.093469035858137,261625.67226345383,257784.76827665372,0.7671970926882333,-0.7835479353123262,13.786516633263624,11.988527558602586,0.5905117788833721,-0.945036871159794,105.68391137675894,93.07600257701137,0.6255106620586002,-0.7890607978043493,22.85136385613583,15.922770825082464,0.0816626876978414,-1.226850170875752
36500.0,2.7173203237834427,2.4666077641145594,1.2337325005553796,1.5271274574870135,15.950014233036638,12.307870611318272,0.7481379180245102,-0.4895636756139763,130524.54478388902,124766.17079277904,1.7535760529866216,3.342767899420907,8.898277214277297,7.421046680102629,0.7599559065042066,-0.4380293450547183,61.66153168090729,50.73690108366524,0.6765788804053311,-0.708246558560842,14.16467973281352,11.874644236012536,1.0826589254416017,0.7011348290403112
37000.0,3.734503188254096,5.118733469077784,2.175374193978862,4.065020738967311,17.117286803543642,10.746478708405515,0.4737373271863221,-0.4912825740289879,158398.6185404612,107865.92718044344,0.9819995411799268,0.7647101472617908,6.8207630740556375,4.559975334328947,0.3368093154425827,-0.96751210321271,50.76741054303758,37.87766222135136,1.1452899421327452,1.44205950005135,17.16320553325307,13.913948240932928,0.6564802571397517,-0.7475638383057852
37500.0,6.080777395086896,7.388858854769057,1.5387550085183834,0.9703839276184594,17.790602624617275,13.748764759214485,0.5834384013207087,-0.8735922109915317,203473.6168002818,208755.08140286093,1.2078246991746535,0.100963464544133,10.242088913316325,7.40495161609739,0.9547509999406988,0.7799735231025018,74.29547431527936,66.30674729857901,1.294445029013377,1.1732423760995383,18.2775225873924,17.312922015304103,1.01337729791752,-0.3622400829921237
38000.0,6.667617326097003,7.941916483480773,1.2109427316551526,-0.0918593346609717,13.38819928088887,12.55078184790072,0.9931271101451924,-0.2146132838428243,220442.9142904401,226443.50336436968,1.3081516933995707,0.3776600787613997,9.381243047117565,10.210595004305958,1.6951259577549265,1.9257025898008,66.27843453727448,77.94266022016852,1.677100673801331,1.7475673751028982,15.92867001255144,15.090450707800962,0.922554696621744,-0.4429755492442417
38500.0,6.3182350678991925,7.600581630359098,1.1197364605077706,-0.2644322311231293,12.61926112779499,8.801494898897635,0.1686845829360425,-1.1513395848060524,180891.60326901975,205333.4450141325,1.3799360770594185,0.5750495073265425,10.371738370974104,11.131758162898212,1.467869477441552,0.8595011452084282,65.57539265736703,73.75182894468611,1.5416929255426477,1.0262142406094332,11.6541106037567,10.300114196566458,0.8097300849029353,-0.5704186034250567
39000.0,6.390814147689722,7.324265890067121,1.1158905987691374,-0.1509815992586367,13.476032653400518,7.515661188597931,-0.1556403688357746,-0.9872690823678312,153419.3982570947,171202.334157321,1.4220981189366264,0.7280074227629072,12.414260435404517,10.781691106317544,1.1080884878062387,-0.0711387714846489,73.12855529315463,66.50124233802332,1.097082652315497,-0.1716476499419212,8.943787830718627,6.6604566938871415,0.7931824941590886,-0.5122707842594347
39500.0,6.547397634922141,7.19635449656614,1.0573881777767469,-0.2237355740362674,11.959537500088757,7.677821630456712,0.11568886654575644,-1.0173632250206999,155015.28275681235,150602.23832583346,1.2271065400783407,0.43648778437239993,12.586580768305934,10.715181535495491,0.9306250816790008,-0.46634781163149985,73.81276040526957,64.22338304784957,0.8746617618049339,-0.6230894273018588,8.390553061445493,6.454656548724097,0.6918647581561097,-0.696480994703431
40000.0,6.70398112215456,7.068443103065158,0.9988857567843562,-0.2964895488138981,10.443042346776997,7.839982072315493,0.3870181019272875,-1.0474573676735686,156611.16725652997,130002.14249434596,1.0321149612200553,0.1449681459818927,12.758901101207352,10.648671964673438,0.7531616755517629,-0.8615568517783507,74.49696551738451,61.94552375767581,0.6522408712943708,-1.0745312046617963,7.83731829217236,6.248856403561054,0.5905470221531309,-0.8806912051474272
40500.0,6.932207420812838,7.08373320236004,0.9104014615379576,-0.47836596144932786,10.53042503025265,7.538797579289169,0.2963131765231333,-1.2212755956895234,150409.13620201254,116092.89466706956,0.9918506866014514,0.1871327677426741,12.90475410385275,10.899666583545015,0.6495719652272853,-1.1087563184095535,75.18690571174226,62.47211419856181,0.5483470545042016,-1.287133975171331,8.352456231990956,6.9337727857150995,0.7176832140845589,-0.5838571841923359
41000.0,7.160433719471116,7.099023301654922,0.8219171662915592,-0.6602423740847576,10.617807713728302,7.237613086262845,0.2056082511189792,-1.395093823705478,144207.10514749514,102183.64683979316,0.9515864119828474,0.2292973895034555,13.050607106498148,11.150661202416591,0.5459822549028078,-1.3559557850407562,75.8768459061,62.998704639447816,0.4444532377140324,-1.499736745680866,8.867594171809552,7.618689167869146,0.8448194060159869,-0.2870231632372446
41500.0,7.473252527029499,7.399385664220819,0.8188559418888879,-0.6590146056077295,10.40872672872705,6.686348229654986,0.13782697112480047,-1.2259660894742295,128371.95240230195,88618.71328026988,0.9242403920075464,0.1546235424932642,13.342367075639228,10.809139963794914,0.47790591266650484,-1.374613883757436,76.25374614426667,62.49050458310399,0.5234974182908818,-1.274920357732226,9.626005187788728,9.204464764286296,0.9510287278924359,0.07997627942579238
42000.0,7.786071334587882,7.699748026786717,0.8157947174862166,-0.6577868371307014,10.199645743725796,6.135083373047127,0.0700456911306217,-1.0568383552429812,112536.79965710876,75053.77972074659,0.8968943720322454,0.0799496954830729,13.634127044780309,10.467618725173237,0.4098295704302018,-1.3932719824741158,76.63064638243335,61.98230452676017,0.6025415988677313,-1.0501039697835857,10.384416203767902,10.790240360703445,1.0572380497688847,0.4469757220888293
42500.0,8.21547124140225,8.61521569780649,0.8925138444549743,-0.3752510827240427,8.037129536862174,5.90877526528718,0.4684919974522237,-1.1945736437071877,81372.0079343266,56068.93734534809,1.2759174656296808,2.166079208680205,13.354318660053062,10.115014679968375,0.558762532166143,-1.0702207817510692,73.99187941844814,62.617503135514085,0.9511992363144408,-0.3076745202118394,14.067647940249554,13.24039431001128,1.1945645065302837,0.636315020314997
43000.0,8.923785237448,9.557022092202056,1.110064442954263,0.2719542584778684,8.819646535189708,7.070846541184947,1.076969629776519,0.7840521888732135,58486.31626469215,56313.74835685615,0.8236335161339369,-0.8035225905499956,11.460104568828934,10.62749290826419,0.7466606963084346,-0.9722855922424802,65.11905352922626,67.63617658047283,1.1353761954712145,-0.2418205207107844,16.59283156822157,16.19814541801103,1.207867568878517,0.5473062729364018
43500.0,10.96049923797874,12.891705740919734,1.2594009593496205,0.575611230950769,13.386820091244491,11.801792092212954,0.9288310209231724,-0.3623079661177701,94336.00891420653,71987.66056307025,1.006501629389785,1.079238486403816,10.163776613716482,9.733445175027034,0.9589907401019458,-0.5382904440157055,65.31322259179787,65.02565648374407,1.030505876172343,-0.3119472179835929,20.009228191960908,22.570259842772305,1.3056342418372366,0.3813901050028709
44000.0,15.687832510495554,17.517537274657517,0.8583812476106109,-0.7081384867795228,18.35141328368602,16.023317612295187,0.6055995176221884,-1.0104023062864451,147523.37863406155,164249.2916910804,1.2857137005864678,0.3981835040859356,10.19665773302517,8.758177320015438,0.5183931958802632,-1.2106060480652665,78.86997677211323,70.00589116093803,0.6765200854181409,-0.8309707189261024,25.579111228668207,27.573579188217487,0.9771087962559162,-0.6875203662805989
44500.0,19.09255034676844,18.83952384300093,0.4863369327569246,-1.372360251934037,23.93971290368689,14.170040053909895,0.0151857915681969,-1.37200296926765,192447.07724911807,208487.52839308028,1.054180319249624,-0.2105317689411885,13.85467263566678,13.265065496282071,0.6166717151089007,-1.1124698372236577,107.3293412441292,100.19571151927956,0.6809801652615589,-1.0926644735839643,29.33020437180866,23.80373912579699,0.349064557615975,-1.402461631394302
45000.0,19.07169770238461,18.384095478816388,0.4523720411416048,-1.3800957916635264,23.47142547385746,14.896089352546824,0.0358597035472901,-1.1348520444149806,212765.7436530411,193106.9140284389,0.8069126901515663,-0.5739355447965755,17.01036807768139,16.461827476612257,0.4794326759144365,-1.5484132846711849,125.8186620160858,116.78615692927691,0.4502541252446996,-1.5672700708152945,27.75249083689,19.253703362135663,0.2572877566682615,-1.3235318768288142
45500.0,18.111522497807098,18.005181889351757,0.5334653703013388,-1.310131102745981,22.882113699335733,13.848690767292528,0.3394486154619073,-0.6350318043392162,202554.26761052932,174184.3324801773,0.6460372568902025,-0.6787019983326186,19.70186632867323,17.71526583802161,0.2940701637100358,-1.7006309714614942,143.45364428076897,118.4689215581833,0.2965445666199858,-1.6004586638457023,23.774390953012688,17.705748654099693,0.4675226824733771,-1.006775977050698
46000.0,17.229139204525513,17.136724042570552,0.6399017590948832,-1.1340275644759157,15.847697339261622,11.67978839645708,0.9321184134937218,0.2372736560573636,169542.0176551129,120276.09542063452,0.4598995670305926,-0.5004280289666125,22.16309584263364,17.186420389557625,0.0798755561866679,-1.6715655189175878,151.4061163217989,111.28380724309858,0.3053054390789413,-1.4073284987969152,22.22949454199028,16.668199480946978,0.3665621830442649,-1.2805627087603682
46500.0,19.961549059144417,17.11708441962887,0.3641093432847629,-1.2855446379093978,23.847096990922097,19.78755745140227,0.9026016598352654,-0.0515074693505677,141621.1077999037,112347.84593167048,0.6674645880880292,-0.5721744633244819,18.266152387434897,13.218234690137807,0.3911105896747572,-1.2163960009940915,119.23966912125864,94.17537577966658,0.4850556506738012,-1.140673931436314,33.262324847106804,23.09471372026725,0.4736490263997543,-0.575751245969474
47000.0,31.03621889561481,26.10574676917944,0.4069458608149234,-1.286661141434922,31.90162852476243,23.12237676298476,0.2940828698964609,-1.0471155406118895,184200.35392915463,126151.3639899543,0.2108752879984007,-1.1352419606959263,14.444570713000813,10.271362541061931,0.3332154839326607,-1.0597789272160083,135.27561987698985,92.96673553528268,0.1615328698398662,-1.223887175205051,46.58048445733976,36.61177127431654,0.2616889802927024,-1.5074440129288924
47500.0,44.46204659659794,28.59526039072929,-0.378151384906582,-1.5590668811774782,36.10771001441598,20.477507613093582,-0.1692400603992354,-1.2675342042958009,265232.124832279,139098.86252942937,-0.1270704634928089,-0.9987549036322578,28.94517587604167,15.47182773134928,-0.4080500647173201,-1.160985004962499,231.19992443591693,125.2818785070382,-0.442443569942352,-1.2915150634335366,55.47107449173671,33.98345457890709,-0.5453756306165252,-1.371239327133881
48000.0,45.11898289153083,24.27323738431516,-0.7831733479387561,-1.027479845445069,30.569798023001567,16.68457451123372,-0.4185635611520389,-1.146480162038664,374487.7294166573,103552.9928692726,-1.54072303981324,2.1479993181432158,34.814568145601456,17.262540204872778,-0.7064028235652818,-0.9591412153303116,271.552765462482,132.79156595541488,-0.8436410967960549,-0.8185531756848685,44.19001197482098,24.95661999937623,-0.5217112515928636,-1.2211789863079066
48500.0,37.042653409940826,13.889766627912747,-1.1572628025108964,0.645511013450585,36.63076315293562,20.340082843285412,0.9067363783883898,0.2209915802935724,321776.9729473911,130037.32843966749,-0.9152139325425848,-0.1349876676579691,34.58704648489585,12.90456926460858,-1.316715575505715,0.9023697878540152,273.9965350740537,98.99266761567992,-1.504639307320316,1.1406652777158754,20.892759325055373,14.036061514521672,0.2218467918024485,-1.1732702228225935
